/*
SQLyog Ultimate v12.09 (64 bit)
MySQL - 5.1.73-log : Database - Ball
*********************************************************************
*/

/*!40101 SET NAMES utf8 */;

/*!40101 SET SQL_MODE=''*/;

/*!40014 SET @OLD_UNIQUE_CHECKS=@@UNIQUE_CHECKS, UNIQUE_CHECKS=0 */;
/*!40014 SET @OLD_FOREIGN_KEY_CHECKS=@@FOREIGN_KEY_CHECKS, FOREIGN_KEY_CHECKS=0 */;
/*!40101 SET @OLD_SQL_MODE=@@SQL_MODE, SQL_MODE='NO_AUTO_VALUE_ON_ZERO' */;
/*!40111 SET @OLD_SQL_NOTES=@@SQL_NOTES, SQL_NOTES=0 */;
CREATE DATABASE /*!32312 IF NOT EXISTS*/`Ball` /*!40100 DEFAULT CHARACTER SET utf8 */;

USE `Ball`;

/*Table structure for table `AlipayOrder` */

DROP TABLE IF EXISTS `AlipayOrder`;

CREATE TABLE `AlipayOrder` (
  `ID` char(32) NOT NULL COMMENT 'ID--支付宝支付暂时停用',
  `Create_time` datetime NOT NULL COMMENT '创建时间',
  `Order_create_time` datetime NOT NULL COMMENT '订单创建时间',
  `Order_no` varchar(50) DEFAULT NULL COMMENT '转账单据号',
  `Bank_no` varchar(50) DEFAULT NULL COMMENT '银行订单号',
  `Payee_account` varchar(50) DEFAULT NULL COMMENT '收款人账号',
  `Payee_name` varchar(50) DEFAULT NULL COMMENT '收款人姓名',
  `Payee_type` varchar(50) DEFAULT NULL COMMENT '收款渠道',
  `Payee_organization` varchar(50) DEFAULT NULL COMMENT '收款机构',
  `Payee_card` varchar(20) DEFAULT NULL COMMENT '收款卡号(尾号)',
  `Order_amount` double(11,2) DEFAULT NULL COMMENT '转账金额',
  `Order_fee` double(11,2) DEFAULT NULL COMMENT '服务费',
  `Order_type` varchar(20) DEFAULT NULL COMMENT '状态',
  `Remark` varchar(100) DEFAULT NULL COMMENT '备注',
  PRIMARY KEY (`ID`)
) ENGINE=MyISAM DEFAULT CHARSET=utf8 COMMENT='支付宝订单交易表';

/*Data for the table `AlipayOrder` */

/*Table structure for table `Amount` */

DROP TABLE IF EXISTS `Amount`;

CREATE TABLE `Amount` (
  `ID` char(32) NOT NULL COMMENT '提现',
  `AmountNO` int(11) unsigned NOT NULL AUTO_INCREMENT COMMENT '编号',
  `CreateTime` datetime NOT NULL COMMENT '创建时间',
  `ModifyTime` datetime NOT NULL COMMENT '修改时间',
  `VenueID` char(32) NOT NULL COMMENT '场馆ID',
  `Amount` int(6) NOT NULL COMMENT '金额',
  `ManagerID` char(32) NOT NULL COMMENT '管理员ID',
  `EstimatedTime` datetime NOT NULL COMMENT '预计到账时间',
  `Status` int(1) NOT NULL COMMENT '提现状态(0=申请中1=提现成功2=提现失败)',
  PRIMARY KEY (`ID`),
  KEY `AmountNO` (`AmountNO`)
) ENGINE=MyISAM AUTO_INCREMENT=2 DEFAULT CHARSET=utf8;

/*Data for the table `Amount` */

insert  into `Amount`(`ID`,`AmountNO`,`CreateTime`,`ModifyTime`,`VenueID`,`Amount`,`ManagerID`,`EstimatedTime`,`Status`) values ('1',1,'2018-08-20 10:39:03','2018-08-20 10:39:04','1',3080,'1','2018-08-22 10:39:14',2);

/*Table structure for table `AmountLog` */

DROP TABLE IF EXISTS `AmountLog`;

CREATE TABLE `AmountLog` (
  `ID` char(32) NOT NULL COMMENT '提现日志表',
  `CreateTime` datetime NOT NULL COMMENT '创建时间',
  `AmountID` varchar(32) NOT NULL COMMENT '提现ID',
  `StaffID` varchar(32) NOT NULL COMMENT '管理员ID',
  `Type` int(1) DEFAULT NULL COMMENT '类别',
  `Content` varchar(200) DEFAULT NULL COMMENT '内容',
  PRIMARY KEY (`ID`)
) ENGINE=MyISAM DEFAULT CHARSET=utf8;

/*Data for the table `AmountLog` */

insert  into `AmountLog`(`ID`,`CreateTime`,`AmountID`,`StaffID`,`Type`,`Content`) values ('1','2018-08-31 17:52:39','1','1',NULL,'发起提现发起提现发起提现发起提现发起提现发起提现发起提现发起提现发起提现发起提现发起提现发起提现发起提现发起提现发起提现发起提现发起提现发起提现发起提现发起提现发起提现发起提现发起提现发起提现发起提现发起提现发起提现发起提现发起提现发起提现发起提现发起提现发起提现发起提现发起提现发起提现发起提现发起提现发起提现发起提现发起提现发起提现发起提现发起提现发起提现发起提现发起提现发起提现发起提现发起提现'),('2','2018-08-31 17:52:37','1','1',NULL,'发起提现');

/*Table structure for table `AmountRefund` */

DROP TABLE IF EXISTS `AmountRefund`;

CREATE TABLE `AmountRefund` (
  `ID` char(32) NOT NULL COMMENT '退款',
  `Content` varchar(200) NOT NULL DEFAULT '无' COMMENT '退款理由',
  `Amount_sum` double(11,2) NOT NULL COMMENT '总金额',
  `Amount` double(11,2) NOT NULL COMMENT '退款金额',
  `Source_id` varchar(32) NOT NULL COMMENT '来源ID',
  `Refund_time` datetime NOT NULL COMMENT '退款时间',
  `Refund_source` int(1) NOT NULL COMMENT '退款来源(0=订场1=散拼2=培训)',
  `Refund_pay_type` int(1) NOT NULL COMMENT '退款方式(0=支付宝1=微信)',
  `Refund_status` int(1) NOT NULL DEFAULT '0' COMMENT '退款状态(0=退款中1=退款成功2=退款失败)',
  `Refund_remark` varchar(3000) NOT NULL COMMENT '退款返回通知(仅限第一次返回)',
  PRIMARY KEY (`ID`)
) ENGINE=MyISAM DEFAULT CHARSET=utf8 COMMENT='金额退款表';

/*Data for the table `AmountRefund` */

/*Table structure for table `AmountRefundWay` */

DROP TABLE IF EXISTS `AmountRefundWay`;

CREATE TABLE `AmountRefundWay` (
  `ID` char(32) NOT NULL COMMENT 'ID',
  `Create_Time` datetime NOT NULL COMMENT '创建时间',
  `Modify_Time` datetime NOT NULL COMMENT '修改时间',
  `Start_time` int(3) NOT NULL COMMENT '开始时间',
  `End_time` int(3) NOT NULL COMMENT '结束时间',
  `Type` int(1) NOT NULL COMMENT '类型(0=订场1=拼场2=天气原因)',
  `Rete` int(2) NOT NULL COMMENT '退款比例',
  `Proposal` int(2) NOT NULL COMMENT '建议比例',
  `Venue_id` varchar(32) NOT NULL COMMENT '场馆ID',
  PRIMARY KEY (`ID`),
  UNIQUE KEY `UNIQUE_WAY` (`Start_time`,`End_time`,`Type`,`Venue_id`)
) ENGINE=MyISAM DEFAULT CHARSET=utf8 COMMENT='退款方式表';

/*Data for the table `AmountRefundWay` */

insert  into `AmountRefundWay`(`ID`,`Create_Time`,`Modify_Time`,`Start_time`,`End_time`,`Type`,`Rete`,`Proposal`,`Venue_id`) values ('1','2018-09-07 17:22:08','2018-09-07 20:14:28',0,1,0,-1,-1,'1'),('2','2018-09-07 17:22:10','2018-09-07 17:22:13',1,2,0,-1,-1,'1'),('3','2018-09-07 17:22:14','2018-09-07 17:22:22',2,6,0,70,70,'1'),('4','2018-09-07 17:22:17','2018-09-07 17:22:22',6,12,0,80,80,'1'),('5','2018-09-07 17:22:19','2018-09-07 17:22:22',12,24,0,90,90,'1'),('6','2018-09-07 17:22:20','2018-09-07 17:22:22',24,0,0,100,100,'1'),('7','2018-09-07 17:22:22','2018-09-07 17:22:22',0,1,1,80,80,'1'),('8','2018-09-07 17:22:22','2018-09-07 17:22:22',1,2,1,90,90,'1'),('9','2018-09-07 17:22:22','2018-09-07 17:22:22',2,0,1,100,100,'1'),('10','2018-09-07 17:22:22','2018-09-07 17:22:22',0,0,2,100,100,'1'),('11','2018-09-07 17:22:22','2018-09-07 17:22:22',1,0,2,50,50,'1'),('75d49ffab68411e888e100163e085715','2018-09-12 20:07:46','2018-09-13 09:06:44',0,1,0,100,-1,'9fa0487eeae74181955242ee0036d5b7'),('75d4a19eb68411e888e100163e085715','2018-09-12 20:07:46','2018-09-14 08:56:36',1,2,0,10,-1,'9fa0487eeae74181955242ee0036d5b7'),('75d4a1e4b68411e888e100163e085715','2018-09-12 20:07:46','2018-09-13 09:06:49',2,6,0,90,70,'9fa0487eeae74181955242ee0036d5b7'),('75d4a216b68411e888e100163e085715','2018-09-12 20:07:46','2018-09-14 16:42:46',6,12,0,15,80,'9fa0487eeae74181955242ee0036d5b7'),('75d4a248b68411e888e100163e085715','2018-09-12 20:07:46','2018-09-13 09:02:09',12,24,0,-1,90,'9fa0487eeae74181955242ee0036d5b7'),('75d4a284b68411e888e100163e085715','2018-09-12 20:07:46','2018-09-13 09:02:05',24,0,0,10,100,'9fa0487eeae74181955242ee0036d5b7'),('75d4a2b6b68411e888e100163e085715','2018-09-12 20:07:46','2018-09-13 09:02:21',0,1,1,-1,80,'9fa0487eeae74181955242ee0036d5b7'),('75d4a2e8b68411e888e100163e085715','2018-09-12 20:07:46','2018-09-12 20:39:36',1,2,1,20,90,'9fa0487eeae74181955242ee0036d5b7'),('75d4a31ab68411e888e100163e085715','2018-09-12 20:07:46','2018-09-12 20:07:46',2,0,1,100,100,'9fa0487eeae74181955242ee0036d5b7'),('75d4a356b68411e888e100163e085715','2018-09-12 20:07:46','2018-09-13 09:07:02',0,0,2,-1,100,'9fa0487eeae74181955242ee0036d5b7'),('75d4a388b68411e888e100163e085715','2018-09-12 20:07:46','2018-09-13 09:06:52',1,0,2,10,50,'9fa0487eeae74181955242ee0036d5b7');

/*Table structure for table `City` */

DROP TABLE IF EXISTS `City`;

CREATE TABLE `City` (
  `ID` char(32) NOT NULL COMMENT '系统->城市',
  `CityNo` int(11) NOT NULL AUTO_INCREMENT COMMENT '城市编号',
  `City` varchar(30) NOT NULL COMMENT '城市名',
  `Initial` char(1) DEFAULT NULL COMMENT '城市名首字母',
  `HotFlag` int(1) NOT NULL DEFAULT '0' COMMENT '是否热门0=否1=是',
  `MapFlag` int(1) NOT NULL DEFAULT '0' COMMENT '是否地图0=否1=是',
  `VenueSum` int(11) NOT NULL DEFAULT '0' COMMENT '场馆数',
  PRIMARY KEY (`ID`),
  UNIQUE KEY `唯一` (`City`),
  KEY `CityNo` (`CityNo`)
) ENGINE=InnoDB AUTO_INCREMENT=797 DEFAULT CHARSET=utf8 COMMENT='城市表';

/*Data for the table `City` */

insert  into `City`(`ID`,`CityNo`,`City`,`Initial`,`HotFlag`,`MapFlag`,`VenueSum`) values ('02c05de7c17e4d49b43b4846edb757d1',791,'烟台','Y',0,0,0),('0c0863b67a2d439f92bb7d1257ec66ea',778,'上海','S',1,0,0),('1',756,'武汉','W',1,0,0),('177f4cbeba0146019b05275ffdada7d5',774,'杭州','H',0,0,0),('18e8c21c01db4946bc86131447a311ad',776,'展示','Z',0,0,0),('2',757,'天津','T',0,0,0),('2a17554212074c108aa92a14e69feb21',788,'绍兴','S',0,0,0),('3',763,'内蒙古','N',0,0,0),('31f62fc8080a44dd8091df27e7905304',794,'济宁','J',0,0,0),('4833580b65b94587b7c1d6fa471f981e',772,'沈阳','S',0,0,0),('4e0f562eab954c63b0a92993b455f639',790,'厦门','S',0,0,0),('530D123324834F288B20BC885E4E1190',28,'成都','C',0,0,0),('5e177d3b757b41018f75d64b2e329c5b',792,'潍坊','W',0,0,0),('62407f655cc24617b0618a63468787ca',771,'太原','T',0,0,0),('67e9cb7fa1e24a6fbc17bef000002af6',777,'东莞','D',0,0,0),('7551cf8005124515810b25d0de140124',783,'泰州','T',0,0,0),('78ff5874f44b4de5a73d3901871c5b2c',785,'金华','J',0,0,0),('7962ea60f1b74149bffe605c58b264aa',793,'淄博','Z',1,0,0),('7d6ee9939b4a4157b33c1f0e286d35ef',782,'镇江','Z',0,0,0),('83bc700e544d4626bd02675802fafdab',781,'苏州','S',0,0,0),('8eda76ebce3f4748810026b681fb8a24',775,'南昌','N',0,0,0),('9221e9df3d974047bce858c742b87184',786,'嘉兴','J',0,0,0),('94aea09f102b458cbc65e8c07125642f',784,'温州','W',0,0,0),('a0c3706743d442f89b392b815e2775e1',795,'泰安','T',0,0,0),('AAAAAAAAAAAAAAAAAAAAAAAAAAAAAAAA',755,'深圳','S',1,1,0),('ab083f7d10b0409188f04a4f58686faa',796,'大连','D',1,1,0),('c311b88e58f04570bdbb8c43287dc502',773,'南京','N',0,0,0),('c5e69719a54d4463aa1879783e884d0d',780,'佛山','F',0,0,0),('d668cfa1f42f4640b2e640fe30355214',768,'哈尔滨','H',0,0,0),('D9D7A94326214718676CBF3F8C281103',10,'北京','B',1,0,0),('D9D7A94326214718676CBF3F8C281141',20,'广州','G',1,0,0),('e07091722bc143c7b3dcb537de3922d4',787,'台州','T',0,0,0),('e7bab3e9f4f040588a6657e54202c13d',779,'重庆','Z',0,0,0),('f7c28495039143f4b18e4d73fe2e70bb',770,'长春','Z',0,0,0),('faaf817f7aec4470a5bcf78b6ec18038',789,'马鞍山','M',0,0,0);

/*Table structure for table `CityLog` */

DROP TABLE IF EXISTS `CityLog`;

CREATE TABLE `CityLog` (
  `ID` varchar(32) NOT NULL COMMENT '城市日志表',
  `CreateTime` datetime NOT NULL COMMENT '创建时间',
  `CityID` varchar(32) NOT NULL COMMENT '城市ID',
  `StaffID` varchar(32) NOT NULL COMMENT '管理员ID',
  `Content` varchar(200) DEFAULT NULL COMMENT '内容',
  PRIMARY KEY (`ID`)
) ENGINE=MyISAM DEFAULT CHARSET=utf8;

/*Data for the table `CityLog` */

insert  into `CityLog`(`ID`,`CreateTime`,`CityID`,`StaffID`,`Content`) values ('511c46f8ae88443fa6ae0d6bae8c65b3','2018-10-26 14:53:47','ab083f7d10b0409188f04a4f58686faa','1','设为热门城市'),('1b0019aeed0340a1b61fcb1cb24487bc','2018-10-26 14:53:47','ab083f7d10b0409188f04a4f58686faa','1','取消热门城市'),('3b119a1b0f2643a69f917e24eb562ef8','2018-10-26 14:53:48','ab083f7d10b0409188f04a4f58686faa','1','设为热门城市'),('1df69813abe448f5800a720b85917d5d','2018-10-26 14:55:12','ab083f7d10b0409188f04a4f58686faa','1','取消热门城市'),('cb2db367d4de408a9424d77606705cde','2018-10-26 14:55:12','ab083f7d10b0409188f04a4f58686faa','1','设为热门城市'),('90c2c3380f154451ad797c8fe561930b','2018-10-26 14:55:13','ab083f7d10b0409188f04a4f58686faa','1','取消热门城市'),('2849a38cff11417fa0d5a7259b58a4e0','2018-10-26 14:55:13','ab083f7d10b0409188f04a4f58686faa','1','设为热门城市'),('7350650cde9b461d815d873824b13817','2018-10-26 14:55:14','ab083f7d10b0409188f04a4f58686faa','1','设为地图显示'),('5eda69c8ff1a4a4e90a8dcaa3eb56caf','2018-10-26 14:55:14','ab083f7d10b0409188f04a4f58686faa','1','取消地图显示'),('1bfcda314579490a902d0b4d3b80ea1a','2018-10-26 14:55:14','ab083f7d10b0409188f04a4f58686faa','1','设为地图显示'),('ab6bfe433ecd41428792fcb25bd3a89a','2018-10-26 14:55:14','ab083f7d10b0409188f04a4f58686faa','1','取消地图显示'),('77073dee24c0498488c0ff5e1100f62d','2018-10-26 14:55:15','ab083f7d10b0409188f04a4f58686faa','1','设为地图显示'),('0ea04414fc4e4a909c729356fc3f2575','2018-10-26 14:55:15','ab083f7d10b0409188f04a4f58686faa','1','取消地图显示'),('6d0ca7bb95f94acd8182aedf99fcad9f','2018-10-26 14:55:15','ab083f7d10b0409188f04a4f58686faa','1','设为地图显示'),('25e98852830f4b9885afe3d8f833468e','2018-10-26 14:55:15','ab083f7d10b0409188f04a4f58686faa','1','取消热门城市'),('aa85d886a80c402a927ad619f89f5a15','2018-10-26 14:55:15','ab083f7d10b0409188f04a4f58686faa','1','设为热门城市'),('b087e517fe7848d9847e9d58ab9f69ed','2018-10-26 14:55:16','a0c3706743d442f89b392b815e2775e1','1','设为热门城市'),('7156ce0a5c054957abb268d7c4d25595','2018-10-26 14:55:16','a0c3706743d442f89b392b815e2775e1','1','取消热门城市'),('4a25647ea11e493abfbff828e560f3db','2018-10-26 14:55:16','31f62fc8080a44dd8091df27e7905304','1','设为热门城市'),('aa9b981fd2ce4adc89d9a15444ac7fad','2018-10-26 14:55:17','31f62fc8080a44dd8091df27e7905304','1','取消热门城市'),('c639d04c0f07468bbd6c4899cb58ad0b','2018-10-26 14:55:17','7962ea60f1b74149bffe605c58b264aa','1','设为热门城市'),('8429b2078f84435db2ca9c93d5d312b5','2018-10-26 14:55:17','7962ea60f1b74149bffe605c58b264aa','1','取消热门城市'),('d4ce04bea2634a8b9eab59fcbee17f44','2018-10-26 14:55:17','7962ea60f1b74149bffe605c58b264aa','1','设为热门城市'),('5d4f783457b94288bacd1bddf944ee4b','2018-10-26 14:55:18','7962ea60f1b74149bffe605c58b264aa','1','取消热门城市'),('a34ca29963fa4f8f89d91d42eebe13a0','2018-10-26 14:55:18','7962ea60f1b74149bffe605c58b264aa','1','设为热门城市'),('6ddbd789942e4ced97a38bb3c40ceb87','2018-10-26 14:55:18','7962ea60f1b74149bffe605c58b264aa','1','设为地图显示'),('9e362238aa434d73aa297e5bb4e6cde0','2018-10-26 14:55:18','7962ea60f1b74149bffe605c58b264aa','1','取消地图显示'),('56e7f73f5e1146dbaf25311e64d0845e','2018-10-26 14:55:19','31f62fc8080a44dd8091df27e7905304','1','设为地图显示'),('ad27b6428b784ef589a6d6c4b2c727c9','2018-10-26 14:55:19','31f62fc8080a44dd8091df27e7905304','1','取消地图显示'),('fa4af6b0f6f246c59c7d398acd5bc518','2018-10-26 14:55:19','a0c3706743d442f89b392b815e2775e1','1','设为地图显示'),('1dbd585118c845cb94c20dc757bfb1e0','2018-10-26 14:55:20','a0c3706743d442f89b392b815e2775e1','1','取消地图显示'),('f8a16ac0ff3042a5813fb89e54e3fe97','2018-10-26 14:55:20','ab083f7d10b0409188f04a4f58686faa','1','取消地图显示'),('c414fb5ff1e54776ab1b4a510c7210d1','2018-10-26 14:55:20','ab083f7d10b0409188f04a4f58686faa','1','设为地图显示'),('64325143270d4c84b1563cae18adbce1','2018-10-26 14:55:26','e7bab3e9f4f040588a6657e54202c13d','1','设为热门城市'),('87936a63cec642a98295b4697f2bd1db','2018-10-26 14:55:26','0c0863b67a2d439f92bb7d1257ec66ea','1','设为热门城市'),('c71a92509489439499915113bbd11efd','2018-10-26 14:55:27','e7bab3e9f4f040588a6657e54202c13d','1','取消热门城市'),('ad6913bbc4b64f2db6d8c92a3550faed','2018-10-26 20:11:32','a0c3706743d442f89b392b815e2775e1','1','设为热门城市'),('cc4db5aa6f39424ab151395a10290585','2018-10-26 20:11:32','a0c3706743d442f89b392b815e2775e1','1','取消热门城市');

/*Table structure for table `Daily` */

DROP TABLE IF EXISTS `Daily`;

CREATE TABLE `Daily` (
  `ID` char(32) NOT NULL COMMENT '日报(统计报表)',
  `VenueID` char(32) NOT NULL COMMENT '场馆ID',
  `Daily` date NOT NULL COMMENT '日期',
  `Combine` int(6) NOT NULL COMMENT '散拼加入',
  `Train` int(6) NOT NULL COMMENT '培训',
  `Reserve` int(6) NOT NULL COMMENT '订场',
  PRIMARY KEY (`ID`)
) ENGINE=MyISAM DEFAULT CHARSET=utf8;

/*Data for the table `Daily` */

/*Table structure for table `District` */

DROP TABLE IF EXISTS `District`;

CREATE TABLE `District` (
  `ID` char(32) NOT NULL COMMENT '系统->区县',
  `DistrictNo` int(11) unsigned zerofill NOT NULL AUTO_INCREMENT COMMENT '区县编号',
  `District` varchar(30) NOT NULL COMMENT '区县名',
  `CityID` char(32) NOT NULL COMMENT '所属城市ID',
  PRIMARY KEY (`ID`),
  UNIQUE KEY `DistrictNo` (`DistrictNo`)
) ENGINE=MyISAM AUTO_INCREMENT=239 DEFAULT CHARSET=utf8 COMMENT='区县(百度地图自带，拟作废)';

/*Data for the table `District` */

insert  into `District`(`ID`,`DistrictNo`,`District`,`CityID`) values ('0DFEAB30BF5445F89C83899C7AF64733',00000000024,'罗湖','AAAAAAAAAAAAAAAAAAAAAAAAAAAAAAAA'),('031371ce4cae4e8b9a5a0e911ef5469e',00000000177,'西湖','177f4cbeba0146019b05275ffdada7d5'),('2DA511B95AB24C25AC5C5F5B4E407057',00000000023,'坪山','AAAAAAAAAAAAAAAAAAAAAAAAAAAAAAAA'),('f13c68d71e2a4f55aea4ffa3a210e549',00000000176,'秦淮','c311b88e58f04570bdbb8c43287dc502'),('def32b473529458b924e8394e9bd6eb8',00000000174,'玄武','c311b88e58f04570bdbb8c43287dc502'),('ea93c0cc85714dbd83599d0cdcb9a5d0',00000000175,'鼓楼','c311b88e58f04570bdbb8c43287dc502'),('642BE98A16E1427F80208C84C54FE610',00000000019,'宝安','AAAAAAAAAAAAAAAAAAAAAAAAAAAAAAAA'),('A1100000000000000000000000000000',00000000004,'南山','AAAAAAAAAAAAAAAAAAAAAAAAAAAAAAAA'),('A1200000000000000000000000000000',00000000005,'福田','AAAAAAAAAAAAAAAAAAAAAAAAAAAAAAAA'),('A1500000000000000000000000000000',00000000001,'光明','AAAAAAAAAAAAAAAAAAAAAAAAAAAAAAAA'),('A1600000000000000000000000000000',00000000002,'龙岗','AAAAAAAAAAAAAAAAAAAAAAAAAAAAAAAA'),('A1700000000000000000000000000000',00000000006,'盐田','AAAAAAAAAAAAAAAAAAAAAAAAAAAAAAAA'),('09dbff3cb3064c5ba335b40536132836',00000000181,'余杭','177f4cbeba0146019b05275ffdada7d5'),('BBBBBBBBBBBBBBBBBBBBBBBBBBBBBBBB',00000000003,'龙华','AAAAAAAAAAAAAAAAAAAAAAAAAAAAAAAA'),('9bbd9bdb07c14254b58ecbb3212ffcbf',00000000238,'长寿','e7bab3e9f4f040588a6657e54202c13d'),('99d2887f6b5f41b390cb5ecab841830d',00000000237,'黔江','e7bab3e9f4f040588a6657e54202c13d'),('171c4076b2094f6e976c5f25201df636',00000000236,'万州','e7bab3e9f4f040588a6657e54202c13d'),('254ccfec08d24559a0c3534c901b1c68',00000000235,'渝中','e7bab3e9f4f040588a6657e54202c13d'),('97c02bd6038748888fefaaf82e6d6761',00000000234,'北辰','2'),('6b2a51fc301d4f44be37d6167ae3afd1',00000000233,'西青','2'),('e3440e29a36c40f980e2aedf0c977a09',00000000232,'红桥','2'),('ef6ce7952fee44f580ca619aa5ddbcff',00000000231,'河北','2'),('dbce4c393f34496396b41582542b4941',00000000230,'滨海新','2'),('3bf8c094c61c4f9fbe59713b12ee0682',00000000229,'河东','2'),('8b30c28c88db4a74b6f0bd9b29bb6376',00000000228,'南开','2'),('9ede4ae7ebe548899560eb918445b88b',00000000227,'河西','2'),('f33217935a3e49e69a01c70b04c3b09f',00000000226,'武侯','530D123324834F288B20BC885E4E1190'),('f839833dafd548179c731816b2061959',00000000225,'龙泉驿','530D123324834F288B20BC885E4E1190'),('f5a6276ec309488ab55f205b86f511c1',00000000224,'新都','530D123324834F288B20BC885E4E1190'),('b782df6a6ff641729d36be0c9d8cba2b',00000000223,'双流','530D123324834F288B20BC885E4E1190'),('2e5109a8b6fd4209b32115537f902f5e',00000000222,'锦江','530D123324834F288B20BC885E4E1190'),('70612ffb473b46b4a0b8919f9357356f',00000000221,'奉贤','0c0863b67a2d439f92bb7d1257ec66ea'),('9c86426b82e44a7b9dd05cfc71118b2c',00000000220,'松江','0c0863b67a2d439f92bb7d1257ec66ea'),('ca3b60c0385f486ca74bbb966870ead8',00000000219,'宝山','0c0863b67a2d439f92bb7d1257ec66ea'),('b23b1e6878434e5d8d5cc132a4e946fa',00000000218,'青浦','0c0863b67a2d439f92bb7d1257ec66ea'),('a2e596b8a6a34af885b556301b49fa79',00000000217,'嘉定','0c0863b67a2d439f92bb7d1257ec66ea'),('ce1b272ee1ae4d619f7c38635314c256',00000000216,'浦东新','0c0863b67a2d439f92bb7d1257ec66ea'),('2ad5380195f54e35a543a589d1af394e',00000000215,'静安','0c0863b67a2d439f92bb7d1257ec66ea'),('6ef2e61e2ec5431a8e2d86f3d78a7ac5',00000000214,'闵行','0c0863b67a2d439f92bb7d1257ec66ea'),('4e2aacf0d9f14e1889b45f01b30b7edb',00000000213,'杨浦','0c0863b67a2d439f92bb7d1257ec66ea'),('08dfef3c522645aca60b9decd9e825d9',00000000212,'虹口','0c0863b67a2d439f92bb7d1257ec66ea'),('142a9c2cf8a44482bf2fdf5a52d129ad',00000000211,'闸北','0c0863b67a2d439f92bb7d1257ec66ea'),('5765f8d6386d4b93b3af109a5ad51c29',00000000210,'普陀','0c0863b67a2d439f92bb7d1257ec66ea'),('bf680e133dba487dae71d73c27c4210d',00000000209,'长宁','0c0863b67a2d439f92bb7d1257ec66ea'),('b1f9d7a6bf2b4e44bf3fb4264f2edcd1',00000000208,'黄浦','0c0863b67a2d439f92bb7d1257ec66ea'),('20b3478b1fde4faba8c2f46968f25c20',00000000180,'萧山','177f4cbeba0146019b05275ffdada7d5'),('c44971ffdc5a430bbb9dc110745f413c',00000000178,'拱墅','177f4cbeba0146019b05275ffdada7d5'),('c34e0901ff294913a50effa0d3b27408',00000000179,'富阳','177f4cbeba0146019b05275ffdada7d5'),('50e0dfa861014151b96a4cc3c1167e82',00000000189,'沈北新','4833580b65b94587b7c1d6fa471f981e'),('d70f02b1d07d491ab85f4cfeec163c80',00000000188,'小店','62407f655cc24617b0618a63468787ca'),('47f463fd1f3146348b80a856b0cb0fb9',00000000187,'东湖','8eda76ebce3f4748810026b681fb8a24'),('da52ed6e5711491eb698f4f80dccdb1f',00000000182,'下城','177f4cbeba0146019b05275ffdada7d5'),('6f3c9b2db4a8411d8fd53a3ddfa60637',00000000183,'江干','177f4cbeba0146019b05275ffdada7d5'),('1dddc7b9b34a43bbb9e523124408194f',00000000184,'上城','177f4cbeba0146019b05275ffdada7d5'),('27c1e815489f4062b6bbc8f3415779bf',00000000185,'青山湖','8eda76ebce3f4748810026b681fb8a24'),('5aea56c69fc04a4fac6ab6d63e44d13a',00000000186,'青云谱','8eda76ebce3f4748810026b681fb8a24'),('8a86013954b14d188baa381c6ce032a5',00000000207,'徐汇','0c0863b67a2d439f92bb7d1257ec66ea'),('c95e3246cd9d46db8d6fbf0babb26771',00000000206,'丰台','D9D7A94326214718676CBF3F8C281103'),('b86efe0cc028426a929f5cb884fe9cdd',00000000205,'通州','D9D7A94326214718676CBF3F8C281103'),('9355642f4082494db566ce89df8c41e9',00000000204,'海淀','D9D7A94326214718676CBF3F8C281103'),('08f23a5a28e74583bd4f593a8ae608e0',00000000203,'西城','D9D7A94326214718676CBF3F8C281103'),('118f6d7262a74d76b90e59c6c5f0141d',00000000202,'东城','D9D7A94326214718676CBF3F8C281103'),('f6abc27e36484598aed4354da00a498a',00000000201,'朝阳','D9D7A94326214718676CBF3F8C281103'),('2785affcf870450aa0856cd78caa2546',00000000200,'东莞市市辖','67e9cb7fa1e24a6fbc17bef000002af6'),('ef25533ee3a54837b3684f54787c8280',00000000199,'海珠','D9D7A94326214718676CBF3F8C281141'),('fe9ea9421cf54152a3155234ad2c9d3d',00000000198,'天河','D9D7A94326214718676CBF3F8C281141'),('94b9a9abc45c4b2585623faade8be0ef',00000000197,'绿园','f7c28495039143f4b18e4d73fe2e70bb'),('81771c4608f345b1a50c271baa116a46',00000000196,'道里','d668cfa1f42f4640b2e640fe30355214'),('8d708ce160254dff9a23fec950395a5a',00000000195,'阿城','d668cfa1f42f4640b2e640fe30355214'),('4aad4d2d670b4e10b8d06b6d50e239b1',00000000194,'香坊','d668cfa1f42f4640b2e640fe30355214'),('47e413fd92fc4d3ba3e9a7c8afd6b3de',00000000193,'尚志','d668cfa1f42f4640b2e640fe30355214'),('e922cfaa633d42d18b664f46a56f7d6b',00000000192,'松北','d668cfa1f42f4640b2e640fe30355214'),('743891a53b2a4ddea2c3729049ebff19',00000000191,'南岗','d668cfa1f42f4640b2e640fe30355214'),('b9d2cf940b424096a72c895156db705c',00000000190,'平房','d668cfa1f42f4640b2e640fe30355214');

/*Table structure for table `Field` */

DROP TABLE IF EXISTS `Field`;

CREATE TABLE `Field` (
  `ID` char(32) NOT NULL COMMENT '场地',
  `CreateTime` datetime NOT NULL COMMENT '创建时间',
  `modifyTime` datetime NOT NULL COMMENT '修改时间',
  `VenueID` varchar(32) NOT NULL COMMENT '场馆ID',
  `Name` varchar(50) NOT NULL COMMENT '场地名',
  PRIMARY KEY (`ID`)
) ENGINE=MyISAM DEFAULT CHARSET=utf8;

/*Data for the table `Field` */

insert  into `Field`(`ID`,`CreateTime`,`modifyTime`,`VenueID`,`Name`) values ('1','2018-08-17 12:00:44','2018-08-17 12:00:57','1','东边1'),('2','2018-08-17 12:00:45','2018-08-17 12:00:59','1','东边2'),('3','2018-08-17 12:00:48','2018-08-17 12:01:01','1','东边3'),('4','2018-08-17 12:00:50','2018-08-17 12:01:03','2','西边1'),('5','2018-08-17 12:00:51','2018-08-17 12:01:05','2','西边2'),('6','2018-08-17 12:00:53','2018-08-17 12:01:06','2','西边3'),('7','2018-09-06 19:57:02','2018-09-06 19:57:04','9fa0487eeae74181955242ee0036d5b7','场地1');

/*Table structure for table `FieldTemplate` */

DROP TABLE IF EXISTS `FieldTemplate`;

CREATE TABLE `FieldTemplate` (
  `ID` char(32) NOT NULL COMMENT '场地使用模板',
  `CreateTime` datetime NOT NULL COMMENT '创建时间',
  `FieldTime` date NOT NULL COMMENT '场地日期',
  `VenueID` varchar(32) NOT NULL COMMENT '场馆ID',
  `FieldID` varchar(32) NOT NULL COMMENT '场地ID',
  `TemplateID` varchar(32) NOT NULL COMMENT '使用场馆模板ID',
  PRIMARY KEY (`ID`)
) ENGINE=MyISAM DEFAULT CHARSET=utf8 COMMENT='场地使用模板表';

/*Data for the table `FieldTemplate` */

insert  into `FieldTemplate`(`ID`,`CreateTime`,`FieldTime`,`VenueID`,`FieldID`,`TemplateID`) values ('1','2018-08-17 12:04:25','2018-08-17','1','1','1'),('2','2018-08-18 14:15:13','2018-08-18','1','1','1'),('3','2018-08-17 14:16:01','2018-08-19','1','1','1'),('4','2018-08-17 14:16:20','2018-08-20','1','1','1'),('5','2018-08-17 14:16:22','2018-08-21','1','1','1'),('6','2018-08-17 14:16:24','2018-09-04','1','1','1'),('7','2018-08-17 14:16:44','2018-08-23','1','1','1'),('8','2018-08-18 11:29:14','2018-08-18','1','2','1'),('9','2018-09-06 19:57:36','2018-09-04','9fa0487eeae74181955242ee0036d5b7','7','1'),('3bdf8bf4fb6b4d3993e5ab2dd2338762','2018-09-14 09:26:58','2018-09-17','9fa0487eeae74181955242ee0036d5b7','7','27702d1eb7ab44a482b697b5d60044f5'),('007155af723345ae934cc9e5af8fbf8b','2018-09-14 09:27:46','2018-09-19','9fa0487eeae74181955242ee0036d5b7','7','27702d1eb7ab44a482b697b5d60044f5'),('0451f66ec3b1493994f1baf975f37539','2018-09-15 10:29:24','2018-09-26','9fa0487eeae74181955242ee0036d5b7','7','27702d1eb7ab44a482b697b5d60044f5'),('3718f2e311df4c7f96beaab56ff4821f','2018-09-15 10:29:39','2018-09-23','9fa0487eeae74181955242ee0036d5b7','7','1a8276be52344512993217ed95f3f7e4'),('d18ef2dcda6a46e7ac4f0b39b8be1ab9','2018-09-21 19:08:19','2018-09-25','9fa0487eeae74181955242ee0036d5b7','7','945c2076feb548e981b6dad05aacba17'),('00ca05979b694672bf432f8b51817dbd','2018-10-16 17:50:16','2018-09-13','1','1','1'),('846bd420583e4e7d8ad982480806c7ad','2018-10-16 17:50:16','2018-09-13','1','2','1'),('b53d9631ced64d3688f19c978968e8ff','2018-10-16 17:50:16','2018-09-13','1','3','1'),('9bbaa555420a42d3bc525f80c03f0770','2018-10-30 15:57:35','2018-09-13','1','1','1'),('0a183033f29d4d9187b99ab1db9b4dc1','2018-10-30 15:57:35','2018-09-13','1','2','1'),('a7a676ceab434db4828aba914a1cb969','2018-10-30 15:57:35','2018-09-13','1','3','1'),('952e3fea5b7a4bd8ab0c09a9e71de944','2018-10-31 10:12:46','2018-09-21','1','1','80cd5ee83b9649be8b3d191462b84ef2'),('3b2c48b386f04be6ab31ccbab93afffa','2018-10-31 10:12:46','2018-09-21','1','2','80cd5ee83b9649be8b3d191462b84ef2'),('d5a47f7d06434625a788c033f722496f','2018-10-31 10:12:46','2018-09-21','1','3','80cd5ee83b9649be8b3d191462b84ef2'),('2d0647d7aa0a46a5bab2a5cd3bf28180','2018-10-31 10:13:02','2018-09-14','1','1','caf4de14c175412c830ae03f3e4bd5b5'),('0af202ba5d4b4ceebf5aea97850fe131','2018-10-31 10:13:02','2018-09-14','1','2','caf4de14c175412c830ae03f3e4bd5b5'),('4762d2c7f50242ff97e2e7f0f1cc27c4','2018-10-31 10:13:02','2018-09-14','1','3','caf4de14c175412c830ae03f3e4bd5b5'),('c510d2ee26a24fb7a80d2b7b27f2d5f5','2018-10-31 10:15:11','2018-09-21','1','1','80cd5ee83b9649be8b3d191462b84ef2'),('806482ed8f0c4a27bd42b6bd3b6bf471','2018-10-31 10:15:11','2018-09-21','1','2','80cd5ee83b9649be8b3d191462b84ef2'),('e231f469361e47f7b62472d9c644ca4d','2018-10-31 10:15:11','2018-09-21','1','3','80cd5ee83b9649be8b3d191462b84ef2'),('5d03c3c90a244984aeb720447841ba09','2018-10-31 10:15:14','2018-09-20','1','1','491b3870cda541e289d6048c7de171c0'),('eef21a6e0e24416e9c06884bd8b0937a','2018-10-31 10:15:14','2018-09-20','1','2','491b3870cda541e289d6048c7de171c0'),('2ea8bd64703c4cb1bbd92364c8853cdc','2018-10-31 10:15:14','2018-09-20','1','3','491b3870cda541e289d6048c7de171c0'),('d90dc8607bca4547924b148849eea893','2018-10-31 10:15:16','2018-09-20','1','1','8ca47bf17bdc4ae2b209d212c448ab6d'),('9eb419b69f17487785dadd6a28606183','2018-10-31 10:15:16','2018-09-20','1','2','8ca47bf17bdc4ae2b209d212c448ab6d'),('36d0f6dc1eb340ba82c5cd229f26b08a','2018-10-31 10:15:16','2018-09-20','1','3','8ca47bf17bdc4ae2b209d212c448ab6d'),('532d3cc751c44a43aacc68191115bc5e','2018-10-31 10:20:12','2018-09-19','1','1','80cd5ee83b9649be8b3d191462b84ef2'),('355f96cf8f834288ad69dea08d02d53e','2018-10-31 10:20:12','2018-09-19','1','2','80cd5ee83b9649be8b3d191462b84ef2'),('18a5e54b74954f9f81c2d38bf952170b','2018-10-31 10:20:12','2018-09-19','1','3','80cd5ee83b9649be8b3d191462b84ef2'),('9f363990339d4f41bb4fe720155cf195','2018-10-31 10:20:16','2018-09-25','1','1','8ca47bf17bdc4ae2b209d212c448ab6d'),('5cf1a1feebd04ba89972552e3b4c41be','2018-10-31 10:20:16','2018-09-25','1','2','8ca47bf17bdc4ae2b209d212c448ab6d'),('ad8975f5d1d547f7a1b6e93798717a1b','2018-10-31 10:20:16','2018-09-25','1','3','8ca47bf17bdc4ae2b209d212c448ab6d'),('9b4ce0acc1254f03a62837a1f016fdcb','2018-10-31 10:20:17','2018-09-26','1','1','8ca47bf17bdc4ae2b209d212c448ab6d'),('c3a53ac89667434f9ac53c8f46c02cdd','2018-10-31 10:20:17','2018-09-26','1','2','8ca47bf17bdc4ae2b209d212c448ab6d'),('68c114f8a7384b9ea399d0110b389281','2018-10-31 10:20:17','2018-09-26','1','3','8ca47bf17bdc4ae2b209d212c448ab6d'),('b7c1e9174c374fc885c8e621d23ef1fa','2018-10-31 10:20:19','2018-09-27','1','1','8ca47bf17bdc4ae2b209d212c448ab6d'),('b3c43afc23324da28324e40dfaf5b928','2018-10-31 10:20:19','2018-09-27','1','2','8ca47bf17bdc4ae2b209d212c448ab6d'),('615f71fdf7014dd19f950e4092e15491','2018-10-31 10:20:19','2018-09-27','1','3','8ca47bf17bdc4ae2b209d212c448ab6d'),('ca87ec26db934ce08ab92c0c4ef295f3','2018-10-31 10:20:21','2018-09-28','1','1','8ca47bf17bdc4ae2b209d212c448ab6d'),('d9275207ebfd4e32af2729a43e90f3aa','2018-10-31 10:20:21','2018-09-28','1','2','8ca47bf17bdc4ae2b209d212c448ab6d'),('be157fbbf94c49ae834dabc172959a97','2018-10-31 10:20:21','2018-09-28','1','3','8ca47bf17bdc4ae2b209d212c448ab6d'),('57b4e8ad63af47d595be8f6cdd5c8b9b','2018-10-31 10:20:23','2018-09-24','1','1','8ca47bf17bdc4ae2b209d212c448ab6d'),('6341943312284656921e0cb2fc4afb13','2018-10-31 10:20:23','2018-09-24','1','2','8ca47bf17bdc4ae2b209d212c448ab6d'),('e7b82f7d3b304e5999a66ba8fa1edf57','2018-10-31 10:20:23','2018-09-24','1','3','8ca47bf17bdc4ae2b209d212c448ab6d'),('870df646c6124acdb04d3dce5159033c','2018-10-31 10:22:24','2018-09-23','1','1','491b3870cda541e289d6048c7de171c0'),('a9c0c4666b0e44f380487169f58db50b','2018-10-31 10:22:24','2018-09-23','1','2','491b3870cda541e289d6048c7de171c0'),('917175cec659479197cb2c4d6cd728ea','2018-10-31 10:22:24','2018-09-23','1','3','491b3870cda541e289d6048c7de171c0'),('85436749cc9648dda89ac64bbd46e111','2018-10-31 10:22:26','2018-09-24','1','1','491b3870cda541e289d6048c7de171c0'),('2728a475d1b549d88fd599f0bc088c47','2018-10-31 10:22:26','2018-09-24','1','2','491b3870cda541e289d6048c7de171c0'),('55a9ee474c4948769551ba150b1e0382','2018-10-31 10:22:26','2018-09-24','1','3','491b3870cda541e289d6048c7de171c0'),('d32fcf3616094482b9596a5ad2effb11','2018-10-31 10:22:27','2018-09-25','1','1','491b3870cda541e289d6048c7de171c0'),('514054bf5bb2426885b389d9a4f5fbc3','2018-10-31 10:22:27','2018-09-25','1','2','491b3870cda541e289d6048c7de171c0'),('9488a7e6b7074f018fed8d71706ea7d7','2018-10-31 10:22:27','2018-09-25','1','3','491b3870cda541e289d6048c7de171c0'),('401e0d07609b4bcf932eea88185654f6','2018-10-31 10:23:47','2018-09-22','1','1','8ca47bf17bdc4ae2b209d212c448ab6d'),('b3db5a58ea46489b9014452eacdbeb3b','2018-10-31 10:23:47','2018-09-22','1','2','8ca47bf17bdc4ae2b209d212c448ab6d'),('eae546cca6584454a51d4d5dec74ea19','2018-10-31 10:23:47','2018-09-22','1','3','8ca47bf17bdc4ae2b209d212c448ab6d'),('e0cbb6d2e830418b8ff97aa35c37ecfe','2018-10-31 10:23:49','2018-09-29','1','1','caf4de14c175412c830ae03f3e4bd5b5'),('fd3cd0940823464b9a6c7e72d06c2c36','2018-10-31 10:23:49','2018-09-29','1','2','caf4de14c175412c830ae03f3e4bd5b5'),('13d1a58e6b6142d6885c1dd1b2f74c90','2018-10-31 10:23:49','2018-09-29','1','3','caf4de14c175412c830ae03f3e4bd5b5'),('10a70e3b03c74c02be596d1c6297133d','2018-10-31 10:23:58','2018-09-30','1','1','1'),('74cab44dfbb7424fa3a10c61b45d8df4','2018-10-31 10:23:58','2018-09-30','1','2','1'),('0390210948674e6ea498933935ec601d','2018-10-31 10:23:58','2018-09-30','1','3','1'),('535af8ce01b34e33a72df4c72f6f4b5b','2018-10-31 10:24:02','2018-09-16','1','1','caf4de14c175412c830ae03f3e4bd5b5'),('00de8559a13940cb866a22d7cd329bac','2018-10-31 10:24:02','2018-09-16','1','2','caf4de14c175412c830ae03f3e4bd5b5'),('8fa48a8adb4a49a49ba09fc7ce0765fa','2018-10-31 10:24:02','2018-09-16','1','3','caf4de14c175412c830ae03f3e4bd5b5'),('b1494dada6dd4f2fba1ca9397587eb4d','2018-10-31 10:24:59','2018-09-17','1','1','80cd5ee83b9649be8b3d191462b84ef2'),('9baf2d537d774272b7987bcaa954d09a','2018-10-31 10:24:59','2018-09-17','1','2','80cd5ee83b9649be8b3d191462b84ef2'),('522394b63aad4e71aba8896027187b0d','2018-10-31 10:24:59','2018-09-17','1','3','80cd5ee83b9649be8b3d191462b84ef2'),('22995c1b84e34968849e933ec95f2470','2018-10-31 10:25:01','2018-09-18','1','1','3'),('f5cf43cac9ce4c70a9090a686d74c997','2018-10-31 10:25:01','2018-09-18','1','2','3'),('a7545c3fc6784ee4af449e1fe02e8429','2018-10-31 10:25:01','2018-09-18','1','3','3'),('1d98a2f8b1e54bbf954871b672c70963','2018-10-31 10:25:08','2018-09-11','1','1','8ca47bf17bdc4ae2b209d212c448ab6d'),('db9e010343614c6ebe7e99db1f4e0fe9','2018-10-31 10:25:08','2018-09-11','1','2','8ca47bf17bdc4ae2b209d212c448ab6d'),('a6e0438951aa4a97b85ea620fcbbd157','2018-10-31 10:25:08','2018-09-11','1','3','8ca47bf17bdc4ae2b209d212c448ab6d'),('d7f444f0b10143b6ba6c5be3833c7bc0','2018-10-31 10:25:10','2018-09-10','1','1','caf4de14c175412c830ae03f3e4bd5b5'),('09c79c4b1ac949b897b50fc44b8458f1','2018-10-31 10:25:10','2018-09-10','1','2','caf4de14c175412c830ae03f3e4bd5b5'),('82943e401d454cf5bb962b95b7f28c10','2018-10-31 10:25:10','2018-09-10','1','3','caf4de14c175412c830ae03f3e4bd5b5'),('dba18f0f4d2f4c9c9cdb25507ef06c55','2018-10-31 10:25:12','2018-09-15','1','1','caf4de14c175412c830ae03f3e4bd5b5'),('88e382bec7934af7bdd467aa17fb8425','2018-10-31 10:25:12','2018-09-15','1','2','caf4de14c175412c830ae03f3e4bd5b5'),('b14dfd89b4574bd1a56b97d2ee6efeed','2018-10-31 10:25:12','2018-09-15','1','3','caf4de14c175412c830ae03f3e4bd5b5'),('af35fda5d6a64403bd5343e3292906cc','2018-10-31 10:25:14','2018-09-09','1','1','caf4de14c175412c830ae03f3e4bd5b5'),('d227a197750f488dab6ce08942da3656','2018-10-31 10:25:14','2018-09-09','1','2','caf4de14c175412c830ae03f3e4bd5b5'),('1da4c5c2f5de4a4a8f70424381ea9698','2018-10-31 10:25:14','2018-09-09','1','3','caf4de14c175412c830ae03f3e4bd5b5'),('379fd6f71700415e99bfdcf3e76c3cec','2018-10-31 10:25:15','2018-09-08','1','1','8ca47bf17bdc4ae2b209d212c448ab6d'),('5da0a65dd3be417e8fd07afc42048c6a','2018-10-31 10:25:15','2018-09-08','1','2','8ca47bf17bdc4ae2b209d212c448ab6d'),('e2d846178851448a89b1749991a4c0b1','2018-10-31 10:25:15','2018-09-08','1','3','8ca47bf17bdc4ae2b209d212c448ab6d'),('af0e7c253cae420a950830b434fe9792','2018-10-31 10:25:17','2018-09-08','1','1','8ca47bf17bdc4ae2b209d212c448ab6d'),('a6d3a6ef3f9945fa996b70d44d7006cd','2018-10-31 10:25:17','2018-09-08','1','2','8ca47bf17bdc4ae2b209d212c448ab6d'),('fe4266bbb59944168f41c4e389d499a3','2018-10-31 10:25:17','2018-09-08','1','3','8ca47bf17bdc4ae2b209d212c448ab6d'),('116ab23c77c94b80955c0b90563793b3','2018-10-31 10:25:19','2018-09-07','1','1','8ca47bf17bdc4ae2b209d212c448ab6d'),('7b316fb27ece4250ac0a0a0d7eaf87a1','2018-10-31 10:25:19','2018-09-07','1','2','8ca47bf17bdc4ae2b209d212c448ab6d'),('0fc43c674d094b558622a5f87a22b87a','2018-10-31 10:25:19','2018-09-07','1','3','8ca47bf17bdc4ae2b209d212c448ab6d'),('18ad8d19725640b8917c9a4d94ecdd10','2018-10-31 10:25:20','2018-09-06','1','1','8ca47bf17bdc4ae2b209d212c448ab6d'),('599d51b60f544480a6ae96943ad4fe35','2018-10-31 10:25:20','2018-09-06','1','2','8ca47bf17bdc4ae2b209d212c448ab6d'),('09c543f7b4544719b58ba630151c187e','2018-10-31 10:25:20','2018-09-06','1','3','8ca47bf17bdc4ae2b209d212c448ab6d'),('1ebe429a68ae409493d24e5b096953ae','2018-10-31 10:25:21','2018-09-05','1','1','8ca47bf17bdc4ae2b209d212c448ab6d'),('f37ffcfe6182434a92d57bd1ffc4c5fd','2018-10-31 10:25:21','2018-09-05','1','2','8ca47bf17bdc4ae2b209d212c448ab6d'),('489b3ddb13224a5b95af6bb25d89a981','2018-10-31 10:25:21','2018-09-05','1','3','8ca47bf17bdc4ae2b209d212c448ab6d'),('aab0d804d7f44646914d172426c52aee','2018-10-31 10:25:22','2018-09-04','1','1','8ca47bf17bdc4ae2b209d212c448ab6d'),('9e91809905ad443c911748b048006a2a','2018-10-31 10:25:22','2018-09-04','1','2','8ca47bf17bdc4ae2b209d212c448ab6d'),('686f0e566ea24247bbffe8bd956df969','2018-10-31 10:25:22','2018-09-04','1','3','8ca47bf17bdc4ae2b209d212c448ab6d'),('ed26624975a14d8a988b1faf586fbcf2','2018-10-31 10:25:23','2018-09-03','1','1','8ca47bf17bdc4ae2b209d212c448ab6d'),('85fafbdec7164498ad53f75cf116b045','2018-10-31 10:25:23','2018-09-03','1','2','8ca47bf17bdc4ae2b209d212c448ab6d'),('7fc8f20918e648e5a3b4a618e2fa76ab','2018-10-31 10:25:23','2018-09-03','1','3','8ca47bf17bdc4ae2b209d212c448ab6d'),('7c14c6e1945a435ca095c2a97cd8aebc','2018-10-31 10:25:25','2018-09-02','1','1','8ca47bf17bdc4ae2b209d212c448ab6d'),('900c7dc95a114c5ab2b928e0ebdf9f01','2018-10-31 10:25:25','2018-09-02','1','2','8ca47bf17bdc4ae2b209d212c448ab6d'),('26c8031be7bb4bba889e55f025b0446f','2018-10-31 10:25:25','2018-09-02','1','3','8ca47bf17bdc4ae2b209d212c448ab6d'),('09ac73c0d7c3435a9ba7aa12ff653c08','2018-10-31 10:25:27','2018-09-22','1','1','8ca47bf17bdc4ae2b209d212c448ab6d'),('74e6d5ee83d2430596807f73f3af73c4','2018-10-31 10:25:27','2018-09-22','1','2','8ca47bf17bdc4ae2b209d212c448ab6d'),('7431bbfff4c542b6b214abcb2d49cba6','2018-10-31 10:25:27','2018-09-22','1','3','8ca47bf17bdc4ae2b209d212c448ab6d'),('d9276cd3ef8a4e1eb111da822c2e4b83','2018-10-31 10:25:28','2018-09-01','1','1','8ca47bf17bdc4ae2b209d212c448ab6d'),('a0d9924c1b8848a39f75b918b4c48e34','2018-10-31 10:25:28','2018-09-01','1','2','8ca47bf17bdc4ae2b209d212c448ab6d'),('572f62f52878441da649ad1ea03c0f57','2018-10-31 10:25:28','2018-09-01','1','3','8ca47bf17bdc4ae2b209d212c448ab6d'),('55ba5d78d0c945299c3d821b019594ee','2018-10-31 10:28:37','2018-10-01','1','1','3'),('6fcf9745306f4ebabba5d1da14eb1145','2018-10-31 10:28:37','2018-10-01','1','2','3'),('73de63ec5df242919ac5339b6dc52cef','2018-10-31 10:28:37','2018-10-01','1','3','3'),('023b7b68bea0417a942fbda90006807b','2018-10-31 10:28:38','2018-10-02','1','1','3'),('bca986bb47594d2eb64a36b3191bc0eb','2018-10-31 10:28:38','2018-10-02','1','2','3'),('712f2240d6614b6dbd5ded6bb29070e6','2018-10-31 10:28:38','2018-10-02','1','3','3'),('134ec84399b5440db42cb7e4d9e3bbaa','2018-10-31 10:28:40','2018-10-03','1','1','3'),('aa23f54f8a9c46a9a4b199c154e879b5','2018-10-31 10:28:40','2018-10-03','1','2','3'),('aa04ddf2453145a3838e3be9a47baf85','2018-10-31 10:28:40','2018-10-03','1','3','3'),('a9f0ca50075549f4b90d87b89b1b781a','2018-10-31 10:28:46','2018-10-01','1','1','491b3870cda541e289d6048c7de171c0'),('c94d626285ea4fe89ec721e393fbed8e','2018-10-31 10:28:46','2018-10-01','1','2','491b3870cda541e289d6048c7de171c0'),('b5cf2cc604634a21b6c650b037bf3148','2018-10-31 10:28:46','2018-10-01','1','3','491b3870cda541e289d6048c7de171c0'),('e6c28b7012df4542988d5ed05a0558da','2018-10-31 10:29:10','2018-09-07','1','1','491b3870cda541e289d6048c7de171c0'),('2eacbb42c4094a929f95c86336d3997e','2018-10-31 10:29:10','2018-09-07','1','2','491b3870cda541e289d6048c7de171c0'),('02c964493cf8440b9aae82c6a9db4fd9','2018-10-31 10:29:10','2018-09-07','1','3','491b3870cda541e289d6048c7de171c0'),('674d294bf24c49b5ad94bfc2cc14f564','2018-10-31 10:29:16','2018-09-07','1','1','8ca47bf17bdc4ae2b209d212c448ab6d'),('b8a0243806474e1cb88abbc69deb3e6e','2018-10-31 10:29:16','2018-09-07','1','2','8ca47bf17bdc4ae2b209d212c448ab6d'),('70f11241ca7d497c8ed40c200a2d677d','2018-10-31 10:29:16','2018-09-07','1','3','8ca47bf17bdc4ae2b209d212c448ab6d'),('dcf7e9d0d24946a5b7633181af18e819','2018-10-31 10:29:25','2018-10-01','1','1','caf4de14c175412c830ae03f3e4bd5b5'),('1ee2c03ba36b4d4dbe2865033b9e608d','2018-10-31 10:29:25','2018-10-01','1','2','caf4de14c175412c830ae03f3e4bd5b5'),('9d66ac20d78043caae3f7fbd4022cd4b','2018-10-31 10:29:25','2018-10-01','1','3','caf4de14c175412c830ae03f3e4bd5b5'),('6d357f2a07b142738c728ac916845f8e','2018-10-31 10:29:57','2018-10-04','1','1','caf4de14c175412c830ae03f3e4bd5b5'),('2b84b2d7a8bd4c1d9bbabd85eadce94c','2018-10-31 10:29:57','2018-10-04','1','2','caf4de14c175412c830ae03f3e4bd5b5'),('a631325a573040b49c6380d28e45359b','2018-10-31 10:29:57','2018-10-04','1','3','caf4de14c175412c830ae03f3e4bd5b5'),('4e92fbd5c5e74a1f9be4471851f2f78a','2018-10-31 10:30:03','2018-08-01','1','1','caf4de14c175412c830ae03f3e4bd5b5'),('223d800e8cfc466c9627443e288a6796','2018-10-31 10:30:03','2018-08-01','1','2','caf4de14c175412c830ae03f3e4bd5b5'),('092cca3c7afc492ba7b4a4fdf0770494','2018-10-31 10:30:03','2018-08-01','1','3','caf4de14c175412c830ae03f3e4bd5b5'),('9a09084f0946450cbc758d7839b708c1','2018-10-31 10:30:11','2018-10-01','1','1','caf4de14c175412c830ae03f3e4bd5b5'),('281b0a5cfea749a68f6f5a0b51eb4f30','2018-10-31 10:30:11','2018-10-01','1','2','caf4de14c175412c830ae03f3e4bd5b5'),('715e392acf224395ab4cc9b03627613e','2018-10-31 10:30:11','2018-10-01','1','3','caf4de14c175412c830ae03f3e4bd5b5'),('87c76d7037e549cfb02baded984872b8','2018-10-31 10:31:57','2018-10-01','1','1','8ca47bf17bdc4ae2b209d212c448ab6d'),('b89461339233498380d449c7750b747e','2018-10-31 10:31:57','2018-10-01','1','2','8ca47bf17bdc4ae2b209d212c448ab6d'),('b10a1a9f6e02422c9b4347770dedeebb','2018-10-31 10:31:57','2018-10-01','1','3','8ca47bf17bdc4ae2b209d212c448ab6d'),('8e68bcc66e324159bed6ddaa8c12fa26','2018-10-31 16:59:37','2018-09-01','1','1','1'),('885661095fce408daf5b66d490cf4849','2018-10-31 16:59:37','2018-09-01','1','2','1'),('e4ff34819184443fa25aa39db41dd76f','2018-10-31 16:59:37','2018-09-01','1','3','1'),('a360d40ef7e94583a1903f90f4675812','2018-10-31 17:01:28','2018-09-01','1','1','80cd5ee83b9649be8b3d191462b84ef2'),('13002a36d3094b1d8b4eac67c0ca0d56','2018-10-31 17:01:28','2018-09-01','1','2','80cd5ee83b9649be8b3d191462b84ef2'),('f03c3eea26e94751868cfca8b116835e','2018-10-31 17:01:28','2018-09-01','1','3','80cd5ee83b9649be8b3d191462b84ef2'),('9acf72b369fd4f04aa33b7db0bc868d8','2018-10-31 17:01:36','2018-09-01','1','1','80cd5ee83b9649be8b3d191462b84ef2'),('40819268646e42e186f14c33a4ed561d','2018-10-31 17:01:36','2018-09-01','1','2','80cd5ee83b9649be8b3d191462b84ef2'),('cd86cf71a2a04e949215a78b10cbad3f','2018-10-31 17:01:36','2018-09-01','1','3','80cd5ee83b9649be8b3d191462b84ef2'),('c48f1b90cb724e9c938b869120d44cfd','2018-10-31 17:01:56','2018-10-05','1','1','3'),('31c8f4807fdb4e49aa1697d99f3c0f65','2018-10-31 17:01:56','2018-10-05','1','2','3'),('2be82f92268b49c4849f849407e7868a','2018-10-31 17:01:56','2018-10-05','1','3','3'),('f495b766186c45129e4be238272f443b','2018-10-31 17:01:57','2018-10-06','1','1','491b3870cda541e289d6048c7de171c0'),('2110c74be33a4b659d7d041cc84a33c3','2018-10-31 17:01:58','2018-10-06','1','2','491b3870cda541e289d6048c7de171c0'),('ff728cc737ff4a9a97882bbb53bf9f01','2018-10-31 17:01:58','2018-10-06','1','3','491b3870cda541e289d6048c7de171c0'),('143d66c8bc8d4945b6198fae3c0f9d38','2018-10-31 17:02:15','2018-10-01','1','1','80cd5ee83b9649be8b3d191462b84ef2'),('9e075e9bea8b4c26827635e8b02fe352','2018-10-31 17:02:15','2018-10-01','1','2','80cd5ee83b9649be8b3d191462b84ef2'),('db3870a79fee4f91a80184870ae74a2b','2018-10-31 17:02:15','2018-10-01','1','3','80cd5ee83b9649be8b3d191462b84ef2'),('0b5698a9ec18425f98358903ef03ba3a','2018-10-31 17:18:30','2018-11-13','1','1','1'),('b72ee3d15a6647c29e85891e5d4e6cee','2018-10-31 17:18:30','2018-11-13','1','2','1'),('8b66e93ef5794f9f8c1c7275490c6407','2018-10-31 17:18:30','2018-11-13','1','3','1'),('4864ec505a304a6ba4b77ca9a7b962e7','2018-10-31 17:20:24','2018-11-15','1','1','1'),('3cf4d7bff97946d58b94571243b99fc1','2018-10-31 17:20:24','2018-11-15','1','2','1'),('5e476a1c29fe4a8fb71d45f84a730e94','2018-10-31 17:20:24','2018-11-15','1','3','1'),('9cc32b123aa243faaf812498c76e9d02','2018-10-31 17:20:26','2018-11-01','1','1','80cd5ee83b9649be8b3d191462b84ef2'),('5181d19c4f3647dc80880de4a04f08cb','2018-10-31 17:20:26','2018-11-01','1','2','80cd5ee83b9649be8b3d191462b84ef2'),('8126a5095a37450ca01b117626d3f99c','2018-10-31 17:20:26','2018-11-01','1','3','80cd5ee83b9649be8b3d191462b84ef2'),('106e00c09c434963b3e545ba5202c9c6','2018-10-31 17:20:28','2018-11-02','1','1','3'),('8bc12cc9593547f695ed512eebc958cf','2018-10-31 17:20:28','2018-11-02','1','2','3'),('b02f694b06874a6fa33ec35dfc3e6875','2018-10-31 17:20:28','2018-11-02','1','3','3'),('b21838bb210f489f92418f30b77209d3','2018-10-31 17:20:30','2018-11-03','1','1','491b3870cda541e289d6048c7de171c0'),('43eb4f4c3594487290c750978fad5822','2018-10-31 17:20:30','2018-11-03','1','2','491b3870cda541e289d6048c7de171c0'),('707d5996a1d64550b9eb1239e6b6663d','2018-10-31 17:20:30','2018-11-03','1','3','491b3870cda541e289d6048c7de171c0'),('d567fd2eb1304566845128a90f0f17f8','2018-10-31 17:20:32','2018-11-04','1','1','3'),('9c54cc38218a40e5a8362b4ec99e7d7a','2018-10-31 17:20:32','2018-11-04','1','2','3'),('a17019b04e724a3da42aab7a416a12ee','2018-10-31 17:20:32','2018-11-04','1','3','3'),('6871560316e24c3ba4e5994c4e28b4cf','2018-10-31 17:20:33','2018-11-05','1','1','491b3870cda541e289d6048c7de171c0'),('432ba98bc68f4e0c82c708ddb0e2d292','2018-10-31 17:20:33','2018-11-05','1','2','491b3870cda541e289d6048c7de171c0'),('0be41184333e4eabba265cb88a0397f3','2018-10-31 17:20:33','2018-11-05','1','3','491b3870cda541e289d6048c7de171c0'),('83f9c31c3485440eb24f46ea3576b666','2018-10-31 17:20:35','2018-11-06','1','1','491b3870cda541e289d6048c7de171c0'),('71904a42ee8c406b9e0bf232e11612ef','2018-10-31 17:20:35','2018-11-06','1','2','491b3870cda541e289d6048c7de171c0'),('8cb9571d15764eb895524c1762cda8b9','2018-10-31 17:20:35','2018-11-06','1','3','491b3870cda541e289d6048c7de171c0'),('c1eac8a1785e417fb232b890ef3cfc78','2018-10-31 17:20:37','2018-11-07','1','1','491b3870cda541e289d6048c7de171c0'),('cdb1a2e03026481a91be5ff03880a533','2018-10-31 17:20:37','2018-11-07','1','2','491b3870cda541e289d6048c7de171c0'),('6c2c343189724fa1bcccbae628665aa9','2018-10-31 17:20:37','2018-11-07','1','3','491b3870cda541e289d6048c7de171c0'),('7c9dc2335e2f4a19af2f0cc0938d51fa','2018-10-31 17:20:39','2018-11-08','1','1','491b3870cda541e289d6048c7de171c0'),('882cb4910a834fd99dc76aec3ef5be05','2018-10-31 17:20:39','2018-11-08','1','2','491b3870cda541e289d6048c7de171c0'),('ee049c882a5b43e9b77eee4e09436e24','2018-10-31 17:20:39','2018-11-08','1','3','491b3870cda541e289d6048c7de171c0'),('6cc333fbc7274d068f683ab4292fe0af','2018-10-31 17:20:41','2018-11-09','1','1','491b3870cda541e289d6048c7de171c0'),('e06a4a252d204228b063257f74afc552','2018-10-31 17:20:41','2018-11-09','1','2','491b3870cda541e289d6048c7de171c0'),('c74a36300f1d4f7ca561141f9430d534','2018-10-31 17:20:41','2018-11-09','1','3','491b3870cda541e289d6048c7de171c0'),('8762df8b3610420487ef250870c446a5','2018-10-31 17:20:42','2018-11-10','1','1','8ca47bf17bdc4ae2b209d212c448ab6d'),('ebb24f24bf1b4e78b33d1b54e22fd5bd','2018-10-31 17:20:42','2018-11-10','1','2','8ca47bf17bdc4ae2b209d212c448ab6d'),('818f1197a44d4b808feeb49fd842d861','2018-10-31 17:20:42','2018-11-10','1','3','8ca47bf17bdc4ae2b209d212c448ab6d'),('861c5db1265e42df81b78aaa88754f45','2018-10-31 17:20:52','2018-11-01','1','1','caf4de14c175412c830ae03f3e4bd5b5'),('ba4ceb4b5a6841c4b6224ceea1472a2b','2018-10-31 17:20:52','2018-11-01','1','2','caf4de14c175412c830ae03f3e4bd5b5'),('bf0619dacc564b6193d7ae2e2113df35','2018-10-31 17:20:52','2018-11-01','1','3','caf4de14c175412c830ae03f3e4bd5b5'),('3ea7bbb20d87421883a698749fbcfaa8','2018-10-31 17:21:03','2018-11-16','1','1','1'),('74f0a35da9b44a4d9bac8e7faba83e85','2018-10-31 17:21:03','2018-11-16','1','2','1'),('5c903f868ea44471b1d450323e9a1ce5','2018-10-31 17:21:03','2018-11-16','1','3','1'),('5338483a28f74309ba60a891ea0a4de3','2018-10-31 17:21:10','2018-11-17','1','1','1'),('b05f62b3a61a47c4952d6564c6dddaf4','2018-10-31 17:21:10','2018-11-17','1','2','1'),('84df5174053d4a9ba8b9532d12dc5474','2018-10-31 17:21:10','2018-11-17','1','3','1'),('f106bc711f14454a8ff0b56a0b42b1b9','2018-10-31 17:21:16','2018-11-23','1','1','1'),('7b9b9e1bc7474f9283c3438d61f330e1','2018-10-31 17:21:16','2018-11-23','1','2','1'),('71edc2a9489f445ebbcf2d17201e1681','2018-10-31 17:21:16','2018-11-23','1','3','1'),('99300edf8c424a2fbe3810589badeb7c','2018-10-31 17:34:42','2018-09-01','1','1','1'),('1883575fa57d4b4e98599e239f9eb8c6','2018-10-31 17:34:42','2018-09-01','1','2','1'),('4f508b38546a4441a8b0dab261b5a1b7','2018-10-31 17:34:42','2018-09-01','1','3','1'),('ff27c9ef9f2041908ae0b16d212a52f3','2018-10-31 20:04:25','2018-11-14','1','1','491b3870cda541e289d6048c7de171c0'),('fd81292f9fd74d3891fa45378350b7bd','2018-10-31 20:04:25','2018-11-14','1','2','491b3870cda541e289d6048c7de171c0'),('8091184302ea4305bb9df62661cea88c','2018-10-31 20:04:25','2018-11-14','1','3','491b3870cda541e289d6048c7de171c0'),('c4a56a798e1e43f5a2c6ec92ede96e3e','2018-10-31 20:04:26','2018-11-12','1','1','491b3870cda541e289d6048c7de171c0'),('193ee52a3bbb4e899ae9105abaad03e1','2018-10-31 20:04:26','2018-11-12','1','2','491b3870cda541e289d6048c7de171c0'),('a029476688f747fba5e9f39dfb2c3461','2018-10-31 20:04:26','2018-11-12','1','3','491b3870cda541e289d6048c7de171c0'),('cf401671c8ed4b3c9445b32c4b36da05','2018-10-31 20:04:28','2018-11-11','1','1','3'),('7679a2dc6b39434091362c3c77bf209a','2018-10-31 20:04:28','2018-11-11','1','2','3'),('7b8b482e079b4fb3b9218d7b88d9e5bb','2018-10-31 20:04:28','2018-11-11','1','3','3'),('15c0a126a0554a2b8c89c58c363bcaf7','2018-10-31 20:04:29','2018-11-18','1','1','3'),('2777db0bb98d4af9aad05d9c5ee907f0','2018-10-31 20:04:29','2018-11-18','1','2','3'),('03cc26dad99049968cf0db9500b9e55e','2018-10-31 20:04:29','2018-11-18','1','3','3'),('f607bda4b1c947d7bef227a2fd733034','2018-10-31 20:04:31','2018-11-19','1','1','491b3870cda541e289d6048c7de171c0'),('272d1927a321411e9e696de98f74fc2c','2018-10-31 20:04:31','2018-11-19','1','2','491b3870cda541e289d6048c7de171c0'),('f50385bc7def4d1ca9bfe948c2a97f79','2018-10-31 20:04:31','2018-11-19','1','3','491b3870cda541e289d6048c7de171c0'),('dd4f0f7d02d1411faff2adfc30528d36','2018-10-31 20:04:35','2018-11-20','1','1','1'),('ff50734b3623420d8fc8136358f87faf','2018-10-31 20:04:35','2018-11-20','1','2','1'),('820ad23422684ce7b54f27b150c811e2','2018-10-31 20:04:35','2018-11-20','1','3','1'),('47ba29d7482e4107856dc32acedc2cbd','2018-10-31 20:04:37','2018-11-21','1','1','3'),('b60500749f9f4531b82995956674faba','2018-10-31 20:04:37','2018-11-21','1','2','3'),('7fd36f6d286b4e7cae047fe79c0343b9','2018-10-31 20:04:37','2018-11-21','1','3','3'),('21288bd0c72745fc80e48e450382c0bf','2018-10-31 20:04:39','2018-11-22','1','1','3'),('815bcdd2c09d4ec0a88e34b20d2de501','2018-10-31 20:04:39','2018-11-22','1','2','3'),('689aa86361aa4c2aa73611231a6b69cd','2018-10-31 20:04:39','2018-11-22','1','3','3'),('b91c7364c6234002b19f183f868964c3','2018-10-31 20:04:40','2018-11-26','1','1','3'),('498ba7d1e4a24de582be2ff648317313','2018-10-31 20:04:40','2018-11-26','1','2','3'),('e2453f739f6f46c48ebd1bd04af42c8e','2018-10-31 20:04:40','2018-11-26','1','3','3'),('119cba7a8a8b4da8875201212caa0047','2018-10-31 20:04:41','2018-11-27','1','1','3'),('d0e4c3627272454eab8c4ebdafd6794a','2018-10-31 20:04:41','2018-11-27','1','2','3'),('b3e0e575c39d42daa3fb2399bed9f854','2018-10-31 20:04:41','2018-11-27','1','3','3'),('e3325022503443839c779c7b593cd18c','2018-10-31 20:04:42','2018-11-28','1','1','3'),('167ec700547f4983905f94c01698add3','2018-10-31 20:04:42','2018-11-28','1','2','3'),('75369eca42474e50bc516dc7601fde19','2018-10-31 20:04:42','2018-11-28','1','3','3'),('1f009c2a4b1c437e91bc5c8f352db990','2018-10-31 20:04:50','2018-11-29','1','1','3'),('8d99cd9861014f418d98022812e51b5f','2018-10-31 20:04:50','2018-11-29','1','2','3'),('1fc9ae4624f34d3ab7779188f94cfefc','2018-10-31 20:04:50','2018-11-29','1','3','3'),('d2ef1adb09fa442bba0fea43422d152c','2018-10-31 20:04:51','2018-11-25','1','1','3'),('292096b9b0694a3caaab037588302821','2018-10-31 20:04:51','2018-11-25','1','2','3'),('784d4c91b9c447a586e4cb984f32f07f','2018-10-31 20:04:51','2018-11-25','1','3','3'),('ab36681a33744997be27cc86ce08c41a','2018-10-31 20:04:52','2018-11-24','1','1','3'),('4cde1fe871f54752b9200252c845fda8','2018-10-31 20:04:52','2018-11-24','1','2','3'),('d8bae000b8cc471b9dd406df59705f42','2018-10-31 20:04:52','2018-11-24','1','3','3'),('7eaa850844614280a9013bcd19af2e19','2018-10-31 20:04:54','2018-11-30','1','1','8ca47bf17bdc4ae2b209d212c448ab6d'),('2a4560c4f5dd40cf896b58d47a810a92','2018-10-31 20:04:54','2018-11-30','1','2','8ca47bf17bdc4ae2b209d212c448ab6d'),('f35b43d59d71447f825f11ac52b4a81f','2018-10-31 20:04:54','2018-11-30','1','3','8ca47bf17bdc4ae2b209d212c448ab6d');

/*Table structure for table `InviteBall` */

DROP TABLE IF EXISTS `InviteBall`;

CREATE TABLE `InviteBall` (
  `ID` char(32) NOT NULL COMMENT '约球',
  `Invite_ball_no` int(11) unsigned zerofill NOT NULL AUTO_INCREMENT COMMENT '约球编号',
  `Create_time` datetime NOT NULL COMMENT '创建时间',
  `Modify_time` datetime DEFAULT NULL COMMENT '修改时间',
  `End_time` datetime NOT NULL COMMENT '报名截止时间',
  `Active_time` datetime NOT NULL COMMENT '活动时间',
  `Title` varchar(50) NOT NULL COMMENT '标题',
  `Venue_name` varchar(30) DEFAULT NULL COMMENT '场地名称',
  `Venue_address` varchar(100) DEFAULT NULL COMMENT '场地详细地址',
  `Longitude` double NOT NULL COMMENT '经度',
  `Latitude` double NOT NULL COMMENT '纬度',
  `Max_boy` int(11) NOT NULL DEFAULT '999' COMMENT '最大人数',
  `Min_boy` int(11) NOT NULL DEFAULT '0' COMMENT '最小人数',
  `To_require` int(1) NOT NULL DEFAULT '1' COMMENT '成团要求(1=不设置，人再少也不取消.2=人不够活动自动取消)',
  `Receive_flag` int(1) NOT NULL DEFAULT '0' COMMENT '是否预收费用(0=否1=是)',
  `Receive_amount_girl` decimal(11,2) NOT NULL DEFAULT '0.00' COMMENT '预收金额女',
  `Receive_amount_boy` decimal(11,2) NOT NULL DEFAULT '0.00' COMMENT '预收金额男',
  `Receive_type` int(1) DEFAULT NULL COMMENT '预收类型(1=固定收费2=AA收费)',
  `Exit_flag` int(1) DEFAULT NULL COMMENT '是否允许退出(0=否1=是)',
  `Exit_type` int(1) NOT NULL DEFAULT '2' COMMENT '退出类型(1=直接退出2=需发起人同意)',
  `Exit_fee` int(11) NOT NULL DEFAULT '0' COMMENT '活动前两小时内退出手续费率',
  `Exit_day_fee` int(11) NOT NULL DEFAULT '0' COMMENT '活动时间后当天退出手续费率',
  `Nearby_flag` int(1) NOT NULL DEFAULT '0' COMMENT '是否允许被附近的人看见(0=否1=是)',
  `Name_flag` int(1) NOT NULL DEFAULT '0' COMMENT '姓名是否必填(0=否1=是)',
  `Phone_flag` int(1) NOT NULL DEFAULT '0' COMMENT '手机号是否必填(0=否1=是)',
  `WeChat_flag` int(1) NOT NULL DEFAULT '0' COMMENT '微信号是否必填(0=否1=是)',
  `Content` varchar(200) DEFAULT NULL COMMENT '详情内容',
  `Member_id` varchar(32) NOT NULL COMMENT '发起人',
  `Ball_type` int(1) NOT NULL DEFAULT '0' COMMENT '约球状态(0=发起中1=到期截止2=提前截止3=取消活动)',
  `Count_flag` int(1) NOT NULL DEFAULT '0' COMMENT '是否已结算收费金额',
  `Arrive_time` datetime DEFAULT NULL COMMENT '到账时间',
  `Arrive_amount` double(11,2) DEFAULT NULL COMMENT '到账金额',
  `AAFlag` int(1) NOT NULL DEFAULT '0' COMMENT '是否已经发起过AA退款(0=否1=是)',
  PRIMARY KEY (`ID`),
  KEY `Invite_ball_no` (`Invite_ball_no`)
) ENGINE=MyISAM AUTO_INCREMENT=10000006 DEFAULT CHARSET=utf8 COMMENT='约球表';

/*Data for the table `InviteBall` */

insert  into `InviteBall`(`ID`,`Invite_ball_no`,`Create_time`,`Modify_time`,`End_time`,`Active_time`,`Title`,`Venue_name`,`Venue_address`,`Longitude`,`Latitude`,`Max_boy`,`Min_boy`,`To_require`,`Receive_flag`,`Receive_amount_girl`,`Receive_amount_boy`,`Receive_type`,`Exit_flag`,`Exit_type`,`Exit_fee`,`Exit_day_fee`,`Nearby_flag`,`Name_flag`,`Phone_flag`,`WeChat_flag`,`Content`,`Member_id`,`Ball_type`,`Count_flag`,`Arrive_time`,`Arrive_amount`,`AAFlag`) values ('1',00000000001,'2018-09-13 19:48:42','2018-09-13 19:48:49','2018-09-14 19:48:51','2018-09-14 19:48:51','测试活动','小宋球场',NULL,114.034164,22.6211334,10,2,2,1,'0.02','0.00',1,1,2,20,0,1,0,0,0,'测试的活动','1f339d03a0b74dc3b33042294cd07b97',3,0,NULL,NULL,0),('f9ae20e994f2461f8ab6e6a8b2dee0eb',00000000002,'2018-09-14 18:09:23','2018-09-14 18:09:23','2018-10-15 18:08:00','2018-10-15 18:08:00','标题测试','深圳图书馆','广东省深圳市福田区福中一路2001号',114.05735,22.54597,100,10,1,1,'100.00','0.00',1,1,2,10,0,1,1,1,1,'士大夫','1f339d03a0b74dc3b33042294cd07b97',3,0,NULL,NULL,0),('86577ee30ec2427e97235c077f46a679',00000000003,'2018-09-14 18:17:29','2018-09-14 18:17:29','2018-09-14 18:17:00','2018-09-14 18:17:00','图书馆打球xxx','深圳图书馆','广东省深圳市福田区福中一路2001号',114.05735,22.54597,100,10,1,1,'1000.00','0.00',1,1,1,50,0,1,1,1,1,'xxx','1f339d03a0b74dc3b33042294cd07b97',3,0,NULL,NULL,0),('f80e4968c5f8489997d6f444757b1dd9',00000000004,'2018-09-15 13:59:28','2018-09-15 13:59:28','2018-10-15 12:01:00','2018-10-15 12:01:00','测试11','万科广场','广东省深圳市龙岗区龙翔大道7188号',114.243564,22.714281,100,10,1,1,'200.00','0.00',2,1,2,20,0,1,1,1,1,'测试11','1f339d03a0b74dc3b33042294cd07b97',3,0,NULL,NULL,0),('57c494c79b4d418589f14e6b154c5735',00000000005,'2018-09-15 14:32:14','2018-09-15 14:32:14','2018-09-21 14:30:00','2018-09-21 14:30:00','测试22','龙福一村','广东省深圳市龙岗区德政路95',114.24539,22.72389,100,10,1,1,'100.00','0.00',2,1,1,20,0,1,1,1,1,'666','1f339d03a0b74dc3b33042294cd07b97',3,0,NULL,NULL,0),('4c3da7d01ec84b9f9b2169933087400f',00000000006,'2018-09-15 16:40:14','2018-09-15 16:40:14','2018-10-09 18:41:00','2018-10-09 18:41:00','不收费 测试','深圳市龙岗区人大(龙翔大道北)','广东省深圳市龙岗区龙翔大道8033号',114.24779,22.71991,100,10,1,0,'0.00','0.00',1,1,1,0,0,1,1,1,1,'测试','1f339d03a0b74dc3b33042294cd07b97',3,0,NULL,NULL,0),('c10b822e0b2242f48d3cef8809e91a4a',00000000007,'2018-09-15 17:00:56','2018-09-15 17:00:56','2018-10-15 16:59:00','2018-10-15 16:59:00','阿斯蒂芬测试','龙岗中心城','广东省深圳市龙岗区龙岗中心城',114.248219,22.724007,100,10,1,0,'0.00','0.00',1,1,1,0,0,1,1,1,1,'阿斯蒂芬','1f339d03a0b74dc3b33042294cd07b97',3,0,NULL,NULL,0),('a23d2cc9a65446cd87ccec57397feee2',00000000008,'2018-09-22 14:33:57','2018-09-22 14:33:57','2018-10-22 14:32:00','2018-09-19 11:15:00','测试11','龙华区观澜桂兰新村','广东省深圳市龙华区景平路44号',114.06031,22.72174,100,10,1,1,'0.10','0.00',1,1,1,0,0,1,1,1,1,'阿桑的歌','1f339d03a0b74dc3b33042294cd07b97',3,0,NULL,NULL,0),('e12f866e02a945e7a10b76fd98c91907',00000000009,'2018-09-17 10:12:25','2018-09-17 10:12:25','2018-09-17 10:11:00','2018-09-17 10:11:00','测试222','首信广场','广东省深圳市龙华区桂花路108号',114.06015,22.723912,1000,0,1,0,'0.00','0.00',1,0,1,0,0,1,1,1,1,'xxxxxx测','1f339d03a0b74dc3b33042294cd07b97',3,0,NULL,NULL,0),('1d6667d062a94a27b449283058df1284',00000000010,'2018-09-17 10:28:07','2018-09-17 10:28:07','2018-09-17 10:26:00','2018-09-17 10:26:00','测试333','首信广场','广东省深圳市龙华区桂花路108号',114.06015,22.723912,100,0,1,0,'0.00','0.00',1,0,1,0,0,0,1,1,1,'手动阀手动阀','1f339d03a0b74dc3b33042294cd07b97',3,0,NULL,NULL,0),('f1b69417412241ecb6cf60ab62dfe279',00000000011,'2018-09-17 10:48:43','2018-09-17 10:48:43','2018-09-17 10:45:00','2018-09-17 10:45:00','阿斯蒂','龙华区观澜桂兰新村','广东省深圳市龙华区景平路44号',114.06031,22.72174,100,0,1,0,'0.00','0.00',1,0,1,0,0,1,1,1,1,'阿斯蒂芬','1f339d03a0b74dc3b33042294cd07b97',3,0,NULL,NULL,0),('3a4f4bd1b4f74161b4d720e8c4ed851f',00000000012,'2018-09-17 11:05:56','2018-09-17 11:05:56','2018-09-17 11:05:00','2018-09-17 11:05:00','收费测试','三星大酒店','广东省深圳市龙华区观澜大道587号',114.06087,22.7208,10,1,1,1,'0.10','0.00',2,0,1,0,0,1,1,1,1,'阿斯顿发射点发生','1f339d03a0b74dc3b33042294cd07b97',3,0,NULL,NULL,0),('5448e24224c44767a88c866948acfa2a',00000000013,'2018-09-17 14:29:04','2018-09-17 14:29:04','2018-10-17 14:18:00','2018-10-17 14:18:00','深度分析xxx 收费测试33','民治','广东省深圳市龙华区民治',114.040846,22.617894,10,0,1,1,'0.10','0.00',2,1,1,0,0,1,1,1,1,'啊实打实是','1f339d03a0b74dc3b33042294cd07b97',3,0,NULL,NULL,0),('e4123f3d6c154a8cbc7948161766784f',00000000014,'2018-09-17 14:30:52','2018-09-17 14:30:52','2018-10-19 15:30:00','2018-10-19 15:30:00','测试 收费 6','观澜','广东省深圳市龙华区',114.06031,22.72174,100,0,1,1,'0.10','0.00',1,0,1,0,0,1,1,1,1,'','1f339d03a0b74dc3b33042294cd07b97',3,0,NULL,NULL,0),('ddb7cab42656494fa06f7c38e0df19ec',00000000015,'2018-09-17 16:11:47','2018-09-17 16:11:47','2018-09-25 09:41:37','2018-09-30 12:20:00','测试','滢水山庄二区网球场','附近平安金融中心',114.062185,22.538844,3,5,1,1,'200.00','0.00',1,1,1,20,0,1,1,1,0,'cs','1',3,0,NULL,NULL,0),('42de9186ae2e4a07a3fe14bf77d6fe53',00000000016,'2018-09-17 16:43:22','2018-09-17 16:43:22','2018-09-30 12:20:00','2018-09-30 12:20:00','测试3','滢水山庄二区网球场','沙井清平古墟及周边环境整治工程项目部',113.835448,22.743244,10,0,1,0,'0.00','0.00',NULL,0,0,0,0,0,1,1,0,'css','1',3,0,NULL,NULL,0),('d33d1df242c745d19b94ea6fc01ef93d',00000000017,'2018-09-18 10:21:45','2018-09-18 10:21:45','2018-09-30 12:20:00','2018-09-30 12:20:00','收费测试大海','滢水山庄二区网球场','双龙沃尔玛旁边',114.275654,22.735808,10,6,2,1,'1.00','0.00',1,1,1,5,0,1,1,1,0,'收费测试','1',3,0,NULL,NULL,0),('32403ab174b443b3beebdaeff38ede25',00000000018,'2018-09-18 09:39:19','2018-09-18 09:39:19','2018-09-19 09:38:00','2018-09-19 09:38:00','9月19号测试免费','民治','广东省深圳市龙华区民治',114.04019,22.61845,5,2,2,0,'0.00','0.00',1,1,2,0,0,1,1,1,1,'9月19号测试免费','98816ec72c04473780aa3e329f4dbff3',3,0,NULL,NULL,0),('cbca49f7c14a48e2b3af215eb8dc4aed',00000000019,'2018-09-17 21:06:32','2018-09-17 21:06:32','2018-09-30 12:20:00','2018-09-30 12:20:00','不收费1','滢水山庄二区网球场','沙井清平古墟及周边环境整治工程项目部',113.835448,22.743244,12,0,2,0,'0.00','0.00',NULL,0,0,0,0,0,1,1,0,'测试','1',3,0,NULL,NULL,0),('b6d34e467f5f41788791becc61935658',00000000020,'2018-09-18 11:08:50','2018-09-18 11:08:50','2018-10-18 12:08:00','2018-10-18 12:08:00','测试P：L-9.18-1','观澜','广东省深圳市龙华区',114.06031,22.72174,100,2,2,1,'0.10','0.00',2,1,2,0,0,1,1,1,0,'阿斯蒂芬','1f339d03a0b74dc3b33042294cd07b97',3,0,NULL,NULL,0),('55d263001c8f45ffa11fb330af1d8e58',00000000021,'2018-09-18 11:13:15','2018-09-18 11:13:15','2018-09-18 11:11:00','2018-09-18 11:11:00','测试F：L-9.18-2','龙华区观澜桂兰新村','广东省深圳市龙华区景平路44号',114.06031,22.72174,10,0,1,0,'0.00','0.00',1,1,1,0,0,1,1,1,0,'测试测试','1f339d03a0b74dc3b33042294cd07b97',3,0,NULL,NULL,0),('b0f1160907a44a34990d72f886da2999',00000000022,'2018-09-18 11:21:36','2018-09-18 11:21:36','2018-10-18 11:20:00','2018-10-18 11:20:00','测试F：L-9.18-3','桂兰新村','广东省深圳市龙华区',114.06031,22.72174,10,2,2,0,'0.00','0.00',1,0,1,0,0,1,1,1,0,'撒旦发顺丰','1f339d03a0b74dc3b33042294cd07b97',3,0,NULL,NULL,0),('d81e80ceb8e745c8ab2d0ae28c655a79',00000000023,'2018-09-18 11:23:29','2018-09-18 11:23:29','2018-09-18 11:22:00','2018-09-18 11:22:00','测试F：L-9.18-4','首信大酒店','广东省深圳市龙华区观澜街道桂花路108号首信广场',114.05945,22.72391,100,2,2,0,'0.00','0.00',1,1,1,0,0,1,1,1,0,'','1f339d03a0b74dc3b33042294cd07b97',3,0,NULL,NULL,0),('6d4384cf9f4447f7874a9f23648784b9',00000000024,'2018-09-18 11:25:59','2018-09-18 11:25:59','2018-10-18 11:25:00','2018-10-18 11:25:00','测试F：L-9.18-5','第伊休闲会所','广东省深圳市龙华区观澜街道桂花社区桂新路51号',114.06227,22.7246,10,0,1,0,'0.00','0.00',1,0,1,0,0,1,1,1,0,'asdfcccx','1f339d03a0b74dc3b33042294cd07b97',3,0,NULL,NULL,0),('ad900437b639428da119acb5de44ed35',00000000025,'2018-09-18 14:41:56','2018-09-18 14:41:56','2018-09-30 12:20:00','2018-09-30 12:20:00','收费测试大海','滢水山庄二区网球场','滢水山庄二区网球场',114.275654,22.735808,10,6,2,1,'1.00','0.00',1,1,1,5,0,1,1,1,0,'收费测试','1',3,0,NULL,NULL,0),('3ea6a5b833e94c9e8024c0550825df45',00000000026,'2018-09-18 15:03:32','2018-09-18 15:03:32','2018-09-30 12:20:00','2018-09-30 12:20:00','修改测试','滢水山庄二区网球场','滢水山庄二区网球场',114.275654,22.735808,10,6,2,1,'1.00','0.00',1,1,1,5,0,1,1,1,1,'修改测试','1',3,0,NULL,NULL,0),('400c5771af8f4cfcb525a6124a6b70a2',00000000027,'2018-09-18 15:08:08','2018-09-18 15:08:08','2018-10-18 15:07:00','2018-10-18 15:07:00','测试：L-9.18-9','三星大酒店','广东省深圳市龙华区观澜大道587号',114.06087,22.7208,100,0,1,0,'0.00','0.00',1,0,1,0,0,1,1,1,0,'地方都是','1f339d03a0b74dc3b33042294cd07b97',3,0,NULL,NULL,0),('28662106fdd148a185eb64f8e9cf6849',00000000028,'2018-09-18 16:16:45','2018-09-18 16:16:45','2018-10-19 16:16:00','2018-10-19 16:16:00','测试','首信大酒店','广东省深圳市龙华区观澜街道桂花路108号首信广场',114.05945,22.72391,100,0,1,1,'10.00','0.00',2,1,1,2,0,1,1,1,0,'暗室逢灯','1f339d03a0b74dc3b33042294cd07b97',3,0,NULL,NULL,0),('dccf9f592b6d4ba89624bec869da07e5',00000000029,'2018-09-18 17:27:05','2018-09-18 17:27:05','2018-09-18 17:26:00','2018-09-18 17:26:00','测试','三星大酒店','广东省深圳市龙华区观澜大道587号',114.06087,22.7208,10,0,1,1,'11.11','0.00',1,1,1,0,0,1,1,1,0,'浮动放','1f339d03a0b74dc3b33042294cd07b97',3,0,NULL,NULL,0),('49a1845832184d53838ac8fca016ac3a',00000000030,'2018-09-18 17:32:06','2018-09-18 17:32:06','2018-09-21 20:35:00','2018-09-21 20:35:00','测试13','深圳北站','广东省深圳市龙华区民治街道致远中路28号',114.02924,22.609562,999,0,1,1,'10.00','0.00',2,1,1,25,0,1,1,1,0,'吕品','1f339d03a0b74dc3b33042294cd07b97',3,0,NULL,NULL,0),('a5b9f20a01274466ac273046d1c049f4',00000000031,'2018-09-22 14:49:04','2018-09-22 14:49:04','2018-09-22 14:47:00','2018-09-22 14:47:00','123','东边商务大楼','龙华区民治大道369号',114.062185,22.53,123,0,1,0,'0.00','0.00',NULL,0,0,0,0,1,1,1,0,'123456','98816ec72c04473780aa3e329f4dbff3',3,0,NULL,NULL,0),('b7c549db50214ba1a378523b28901dbe',00000000032,'2018-09-18 19:39:32','2018-09-18 19:39:32','2018-09-18 19:37:00','2018-09-18 19:37:00','测试免费3','民治(深圳市龙华区)','民治(深圳市龙华区)',114.04027,22.618254,1,0,1,0,'0.00','0.00',1,0,1,0,0,1,1,1,0,'123','98816ec72c04473780aa3e329f4dbff3',3,0,NULL,NULL,0),('4f0f1a53b84c4e66bd7eca52efbf7321',00000000033,'2018-09-18 19:41:06','2018-09-18 19:41:06','2018-09-19 19:40:00','2018-09-19 19:40:00','测试免费4','民治(深圳市龙华区)','民治(深圳市龙华区)',114.04027,22.618254,2,0,1,0,'0.00','0.00',1,0,1,0,0,1,1,1,0,'12356','98816ec72c04473780aa3e329f4dbff3',3,0,NULL,NULL,0),('a8fb31b4f55b456184073bc40d450028',00000000034,'2018-09-18 20:47:06','2018-09-18 20:47:06','2018-09-18 20:46:00','2018-09-18 20:46:00','提交表单测试','观澜','广东省深圳市龙华区',114.06031,22.72174,10,1,2,1,'0.10','0.00',2,1,1,0,0,1,1,1,0,'aaa','1f339d03a0b74dc3b33042294cd07b97',3,0,NULL,NULL,0),('f02fb6bf59e34e65ad0bb4755b089440',00000000035,'2018-09-18 21:00:34','2018-09-18 21:00:34','2018-09-18 20:58:00','2018-09-18 20:58:00','啊','东边商业大厦','广东省深圳市龙华区民治大道222',114.04109,22.61846,2,22,2,1,'20.00','0.00',1,1,1,5,0,1,1,1,0,'1233','98816ec72c04473780aa3e329f4dbff3',3,0,NULL,NULL,0),('4c0059fd15bf47b298f7f0d16f93594d',00000000036,'2018-09-18 21:01:35','2018-09-18 21:01:35','2018-09-18 21:00:00','2018-09-18 21:00:00','123','民治(深圳市龙华区)','民治(深圳市龙华区)',114.04027,22.618254,2,2,2,1,'2.00','0.00',1,0,1,0,0,1,1,1,0,'123','98816ec72c04473780aa3e329f4dbff3',3,0,NULL,NULL,0),('2c9603f9bae6402f8490a7508b6375ba',00000000037,'2018-09-19 09:57:16','2018-09-19 09:57:16','2018-09-19 10:25:48','2018-09-30 09:55:00','大海测试','东边商业大厦','东边商务大楼',114.047583,22.624352,10,6,2,0,'0.00','0.00',NULL,1,1,10,0,1,1,1,0,'测试','1',3,0,NULL,NULL,0),('540b81221de144d79983a9bd99efcf26',00000000038,'2018-09-19 10:16:15','2018-09-19 10:16:15','2018-12-23 10:14:00','2018-12-23 10:14:00','9.19收费01','东边商业大厦','广东省深圳市龙华区民治大道222',114.04109,22.61846,1,1,2,1,'0.10','0.00',2,1,1,5,0,1,1,1,0,'几','1f339d03a0b74dc3b33042294cd07b97',3,0,NULL,NULL,0),('a97978f49f6745559dc908bd6cce15a9',00000000039,'2018-09-19 10:49:29','2018-09-19 10:49:29','2018-09-23 12:46:00','2018-09-23 12:46:00','退出测试','天潼路(地铁站)',NULL,121.488867,31.249661,10,5,2,0,'0.00','0.00',NULL,1,2,15,0,0,1,1,0,'退出测试','1',3,0,NULL,NULL,0),('8ead0b37f10d48fd9227fa91f5fbd7fa',00000000040,'2018-09-19 10:51:09','2018-09-19 10:51:09','2018-10-19 10:48:00','2018-10-19 10:48:00','退出测试','天潼路(地铁站)','',121.488867,31.249661,10,4,2,0,'0.00','0.00',NULL,1,2,10,0,1,1,1,0,'退出测试','1',3,0,NULL,NULL,0),('f5b5bc1ea46843a0909a00b196f13d88',00000000041,'2018-09-25 15:26:11','2018-09-25 15:26:11','2018-10-19 10:50:00','2018-10-19 10:50:00','退出测试','中国邮政储蓄银行(虹口区东长治路营业所)','上海市虹口区东长治路336号',121.501857,31.254314,10,12,2,0,'0.00','0.00',NULL,1,2,10,0,1,1,1,0,'退出测试','1',3,0,NULL,NULL,0),('04541844f0db4c8a9bddd29bf6670cca',00000000042,'2018-09-19 11:06:47','2018-09-19 11:06:47','2018-10-19 11:04:00','2018-10-19 11:04:00','退出','深圳宝安国际机场','广东省深圳市宝安大道',113.818497,22.6334,12,1,2,0,'0.00','0.00',NULL,0,0,0,0,1,1,1,0,'退出','1',3,0,NULL,NULL,0),('3134b458e3fd4faaa7a72f1b46be240c',00000000043,'2018-09-19 11:48:20','2018-09-19 11:48:20','2018-09-19 11:47:00','2018-09-19 11:47:00','9月20号测试收费0.01','东边商业大厦','广东省深圳市龙华区民治大道222',114.04109,22.61846,2,0,1,1,'0.01','0.00',1,0,1,0,0,1,1,1,0,'1','98816ec72c04473780aa3e329f4dbff3',3,0,NULL,NULL,0),('2c32547979454695a4cae526abccae25',00000000044,'2018-09-19 11:51:05','2018-09-19 11:51:05','2018-09-20 11:49:00','2018-09-20 11:49:00','9月20号2测试收费0.01','东边商业大厦','广东省深圳市龙华区民治大道222',114.04109,22.61846,5,0,1,1,'0.01','0.00',1,1,2,5,0,1,1,1,0,'2','98816ec72c04473780aa3e329f4dbff3',3,0,NULL,NULL,0),('35859857c5154c67998f56cfd92309bf',00000000045,'2018-09-19 11:57:32','2018-09-19 11:57:32','2018-10-19 11:57:00','2018-10-19 11:57:00','2','民治(深圳市龙华区)','民治(深圳市龙华区)',114.04019,22.61848,22,0,1,0,'0.00','0.00',1,0,1,0,0,1,1,1,0,'2','98816ec72c04473780aa3e329f4dbff3',3,0,NULL,NULL,0),('5a0c245222b5423cb59635c3574932d7',00000000046,'2018-09-20 16:57:39','2018-09-20 16:57:39','2018-09-20 16:57:00','2018-10-21 16:51:00','测试，改改','首信大酒店','广东省深圳市龙华区观澜街道桂花路108号首信广场',114.05945,22.72391,10,7,2,1,'0.10','0.00',1,1,2,15,0,1,1,1,1,'创建','1f339d03a0b74dc3b33042294cd07b97',3,0,NULL,NULL,0),('459b2c69b8ed49088ae16118cea934fa',00000000047,'2018-09-19 16:56:44','2018-09-19 16:56:44','2018-09-19 16:56:00','2018-09-19 16:56:00','测试，新建','首信大酒店','广东省深圳市龙华区观澜街道桂花路108号首信广场',114.05945,22.72391,10,7,2,1,'99.00','0.00',1,1,2,15,0,1,1,1,1,'创建','1f339d03a0b74dc3b33042294cd07b97',3,0,NULL,NULL,0),('e6bb9b85433549f88271e8908711eee9',00000000048,'2018-09-19 16:57:57','2018-09-19 16:57:57','2018-09-19 16:57:00','2018-09-19 16:57:00','测试，新建','首信大酒店','广东省深圳市龙华区观澜街道桂花路108号首信广场',114.05945,22.72391,10,7,2,1,'99.00','0.00',1,1,2,15,0,1,1,1,1,'创建','1f339d03a0b74dc3b33042294cd07b97',3,0,NULL,NULL,0),('4ebeabec001e436c9df68487f2fb4ad0',00000000049,'2018-09-19 17:13:16','2018-09-19 17:13:16','2018-09-19 17:10:00','2018-09-19 21:04:00','多图新建','沙元埔[公交站]','广东省深圳市龙华区M112,339,高快巴士34,M152,621,B917内环,M537,M344,620等29条线路',114.04039,22.618992,10,7,2,1,'0.10','0.00',1,1,1,15,0,1,1,1,1,'哈哈哈','1f339d03a0b74dc3b33042294cd07b97',3,0,NULL,NULL,0),('08e197a4fc074ba3b2ca3fc1e809e4a2',00000000050,'2018-09-20 14:35:05','2018-09-20 14:35:05','2018-09-20 14:34:00','2018-09-19 17:03:00','多图新建2','沙元埔[公交站]','广东省深圳市龙华区M112,339,高快巴士34,M152,621,B917内环,M537,M344,620等29条线路',114.04039,22.618992,10,7,2,1,'0.10','0.00',1,1,1,15,0,1,1,1,1,'哈哈哈','1f339d03a0b74dc3b33042294cd07b97',3,0,NULL,NULL,0),('64039225065d4d999f56d4568535af4f',00000000051,'2018-09-20 15:52:29','2018-09-20 15:52:29','2018-09-19 15:52:00','2018-09-19 20:12:00','免费，取消报名测试  修改以过期','观澜','广东省深圳市龙华区',114.06031,22.72174,10,0,1,1,'0.00','0.00',1,1,1,0,0,1,1,1,0,'暗室逢灯','1f339d03a0b74dc3b33042294cd07b97',3,0,NULL,NULL,0),('188ee56d47f24fa6a851ee491f528e3a',00000000052,'2018-09-19 20:24:53','2018-09-19 20:24:53','2018-10-20 20:24:00','2018-10-20 20:24:00','免费，确认退出，取消报名测试','靓点美容美发','广东省深圳市龙华区桂花路108号首信广场F3',114.060513,22.723673,7,0,1,0,'0.00','0.00',1,1,2,0,0,1,1,1,0,'aaa','1f339d03a0b74dc3b33042294cd07b97',3,0,NULL,NULL,0),('797a026f1804489c8e5b110c1071f889',00000000053,'2018-09-19 20:28:59','2018-09-19 20:28:59','2018-10-20 20:27:00','2018-10-20 20:27:00','免费，任意退出，测试','观澜','广东省深圳市龙华区',114.06031,22.72174,10,0,1,0,'0.00','0.00',1,0,1,0,0,1,1,1,0,'撒地方','1f339d03a0b74dc3b33042294cd07b97',3,0,NULL,NULL,0),('6d60a0775ed848fab0da111ed3458c4a',00000000054,'2018-09-19 20:35:05','2018-09-19 20:35:05','2018-10-20 20:33:00','2018-10-20 20:33:00','免费 任意退出，测试','观澜','广东省深圳市龙华区',114.06031,22.72174,10,0,1,0,'0.00','0.00',1,1,1,0,0,1,1,1,0,'aaaa','1f339d03a0b74dc3b33042294cd07b97',3,0,NULL,NULL,0),('8cd6c60ecd684ab9b244b05770546c3c',00000000055,'2018-09-19 20:37:33','2018-09-19 20:37:33','2018-10-21 20:36:00','2018-10-21 20:36:00','收费，任意退出，测试','观澜','广东省深圳市龙华区',114.06031,22.72174,10,0,1,1,'0.10','0.00',1,1,1,0,0,1,1,1,0,'撒地方','1f339d03a0b74dc3b33042294cd07b97',3,0,NULL,NULL,0),('273b7a9ca6604e3d9e7929ea53d58010',00000000056,'2018-09-20 11:24:39','2018-09-20 11:24:39','2018-09-20 11:21:00','2018-09-20 11:21:00','9.20  01 收费，同意，5%','龙华区观澜桂兰新村','广东省深圳市龙华区景平路44号',114.06031,22.72174,7,0,1,1,'0.10','0.00',1,1,2,5,0,1,1,1,1,'撒地方','1f339d03a0b74dc3b33042294cd07b97',3,0,NULL,NULL,0),('1fb195f805444a249092bc895fe2b210',00000000057,'2018-09-20 14:51:39','2018-09-20 14:51:39','2018-09-20 16:42:19','2018-10-20 11:25:00','9.20 01 收费 需同意 5%','观澜','广东省深圳市龙华区',114.06031,22.72174,7,0,1,1,'0.10','0.00',1,1,2,5,0,1,1,1,1,'士大夫发','1f339d03a0b74dc3b33042294cd07b97',3,0,NULL,NULL,0),('6afcff69bc9548339781c6d795b6279f',00000000058,'2018-09-20 11:54:46','2018-09-20 11:54:46','2018-09-27 11:52:00','2018-09-27 11:52:00','收费测试','金蝶软件(民德路)',NULL,114.046622,22.624035,10,2,2,1,'0.01','0.00',2,1,2,15,0,1,1,1,0,'收费测试','1',3,0,NULL,NULL,0),('06da7f6fe2334ff8a884f73c5379f737',00000000059,'2018-09-20 11:58:49','2018-09-20 11:58:49','2018-10-20 11:56:00','2018-10-20 11:56:00','修改收费测试','金蝶软件(民德路)',NULL,114.046622,22.624035,10,2,2,1,'0.01','0.00',2,1,2,15,0,1,1,1,0,'收费测试','1',3,0,NULL,NULL,0),('cd7398ca6a984a9a872759c8ea000758',00000000060,'2018-09-20 12:01:47','2018-09-20 12:01:47','2018-09-21 12:01:00','2018-09-21 12:01:00','1','东边商务大楼','广东省深圳市龙华区民治大道317',114.04027,22.618254,1,0,1,0,'0.00','0.00',1,0,1,0,0,1,1,1,0,'1','98816ec72c04473780aa3e329f4dbff3',3,0,NULL,NULL,0),('c9f0c49f846a453480eab6e886761ec1',00000000061,'2018-09-20 15:21:21','2018-09-20 15:21:21','2018-09-30 15:02:00','2018-09-30 15:02:00','苹果测试','朝阳新村',NULL,114.045903,22.624343,13,4,2,1,'0.01','0.00',2,1,2,30,0,1,1,1,0,'苹果测试','3',3,0,NULL,NULL,0),('e7ca28d5a768443fa8d551d6687aaebb',00000000062,'2018-09-20 15:44:13','2018-09-20 15:44:13','2018-11-21 15:42:00','2018-11-21 15:42:00','测试，收费，需同意，退出测试','首信广场','广东省深圳市龙华区桂花路108号',114.06015,22.723912,2,0,1,1,'0.10','0.00',2,1,2,10,0,1,1,1,1,'非法上访的','1f339d03a0b74dc3b33042294cd07b97',3,0,NULL,NULL,0),('5f292dad64ef4f7bb26f6dee0e947eb9',00000000063,'2018-09-21 14:05:30','2018-09-21 14:05:30','2018-09-27 15:45:00','2018-09-27 15:45:00','测试退出','朝阳新村','广东省深圳市龙华区民治大道',114.045903,22.624343,10,6,2,1,'0.02','0.00',1,1,2,15,0,1,1,1,1,'哈哈哈哈','1',3,0,NULL,NULL,0),('6a5a44d9ff7c4e7d98cea01370a1fce2',00000000064,'2018-09-20 20:56:48','2018-09-20 20:56:48','2018-12-01 00:00:00','2018-12-01 00:00:00','苹果','眼前线(民治店)','民治街道民治大道东边商务大楼3楼3038室(地铁民治D出口)',114.046748,22.623943,4,2,2,1,'0.01','0.00',1,1,1,0,0,1,1,1,0,'苹果','3',3,0,NULL,NULL,0),('e8009d009e554af4b310edc90065bab2',00000000065,'2018-09-20 20:57:26','2018-09-20 20:57:26','2018-12-01 00:00:00','2018-12-01 00:00:00','苹果','深圳农村商业银行(民治支行)','广东省深圳市龙华区民治大道222号东边大厦首层',114.04743,22.624143,4,2,2,1,'0.01','0.00',1,1,1,0,0,1,1,1,0,'苹果','3',3,0,NULL,NULL,0),('3157859e9a754132aa1e26e83cdf56c3',00000000066,'2018-09-21 10:40:05','2018-09-21 10:40:05','2018-11-21 10:37:00','2018-11-21 10:37:00','图片测试','深圳北站','广东省深圳市龙华区民治街道致远中路28号',114.02924,22.609562,10,2,2,1,'0.10','0.00',1,1,1,10,0,1,1,1,1,'哈哈','1f339d03a0b74dc3b33042294cd07b97',3,0,NULL,NULL,0),('665ff31eefcd43e19c5df0ccec2d9204',00000000067,'2018-09-21 11:03:34','2018-09-21 11:03:34','2018-10-21 11:02:00','2018-10-21 10:47:00','图片测试','东边商业大厦','广东省深圳市龙华区民治大道222',114.04109,22.61846,10,10,2,1,'0.10','0.00',1,1,1,20,0,1,1,1,0,'xxx','1f339d03a0b74dc3b33042294cd07b97',3,0,NULL,NULL,0),('41bf40d1632a4f11a376d9fb818efd44',00000000068,'2018-09-21 14:12:07','2018-09-21 14:12:07','2018-10-21 11:14:00','2018-10-26 11:09:00','图片测试','沙元埔[公交站]','广东省深圳市龙华区M112,339,高快巴士34,M152,621,B917内环,M537,M344,620等29条线路',114.04039,22.618992,10,2,2,1,'0.10','0.00',1,1,1,10,0,1,1,1,1,'咯哈','1f339d03a0b74dc3b33042294cd07b97',3,0,NULL,NULL,0),('b88a64300ddd42e3818ed0aa5b6d3824',00000000069,'2018-09-21 16:40:21','2018-09-21 16:40:21','2018-10-22 16:39:00','2018-10-22 16:39:00','退出测试，需同意','观澜','广东省深圳市龙华区',114.06031,22.72174,10,0,1,0,'0.00','0.00',1,1,2,0,0,1,1,1,0,'阿斯蒂芬','1f339d03a0b74dc3b33042294cd07b97',3,0,NULL,NULL,0),('3399bfddfde04e85a90bea8709cb0f1f',00000000070,'2018-09-21 17:14:45','2018-09-21 17:14:45','2018-10-21 16:46:00','2018-10-21 16:46:00','退出测试，需同意，收费','三星大酒店','广东省深圳市龙华区观澜大道587号',114.06087,22.7208,10,0,1,1,'0.10','0.00',1,1,2,0,0,1,1,1,0,'啊阿斯顿','1f339d03a0b74dc3b33042294cd07b97',3,0,NULL,NULL,0),('3883c582f8fb436f949248b3fd5d40fa',00000000071,'2018-09-21 22:13:40','2018-09-21 22:13:40','2018-10-21 16:46:00','2018-10-21 16:46:00','退出测试，需同意，收费','三星大酒店','广东省深圳市龙华区观澜大道587号',114.06087,22.7208,10,0,1,1,'0.10','0.00',2,1,2,0,0,1,1,1,1,'啊阿斯顿','1f339d03a0b74dc3b33042294cd07b97',3,0,NULL,NULL,0),('ad1ed0ac98764590aa820403aa86d401',00000000072,'2018-09-21 22:25:28','2018-09-21 22:25:28','2018-11-23 10:14:00','2018-12-23 10:14:00','9.19收费01.11','东边商业大厦','广东省深圳市龙华区民治大道222',114.04109,22.61846,10,10,2,1,'0.10','0.00',1,1,2,20,0,1,1,1,1,'几dfg','1f339d03a0b74dc3b33042294cd07b97',3,0,NULL,NULL,0),('234c6d7c81054e879ef48e47b66e5253',00000000073,'2018-09-21 17:50:27','2018-09-21 17:50:27','2018-09-21 21:27:21','2018-10-22 17:49:00','成团测试','观澜','广东省深圳市龙华区',114.06031,22.72174,1,1,2,0,'0.00','0.00',1,0,1,0,0,1,1,1,1,'撒地方','1f339d03a0b74dc3b33042294cd07b97',3,0,NULL,NULL,0),('233358d1a8d5461f9d27382876592100',00000000074,'2018-09-21 19:42:01','2018-09-21 19:42:01','2018-07-21 19:41:00','2018-09-28 19:25:00','cs','森缘创意','民治大道325号东边商务大楼5层',114.04681,22.623893,12,2,2,1,'0.01','0.00',2,1,2,10,0,1,1,1,1,'dff','5',3,0,NULL,NULL,0),('dd126202b68a41a88761c1c45d9a7aed',00000000075,'2018-09-21 19:38:04','2018-09-21 19:38:04','2018-10-22 17:49:00','2018-10-22 17:49:00','成团测试','东边商业大厦','深圳市龙华区民治大道567号',114.047583,22.624352,1,1,2,0,'0.00','0.00',NULL,0,0,0,0,0,1,1,0,'撒地方','1f339d03a0b74dc3b33042294cd07b97',3,0,NULL,NULL,0),('5f70ac1c2caf4187b9bbbd89dc695c50',00000000076,'2018-09-21 23:35:14','2018-09-21 23:35:14','2018-10-21 23:35:00','2018-10-21 23:35:00','测试','南景新村','广东省深圳市龙华区民治樟坑',114.03843,22.617495,10,0,2,0,'0.00','0.00',1,0,1,0,0,1,1,1,0,'测试','1f339d03a0b74dc3b33042294cd07b97',3,0,NULL,NULL,0),('7ea2754c62044e8ea48a244f13392288',00000000077,'2018-09-21 23:39:07','2018-09-21 23:39:07','2018-09-25 23:38:00','2018-09-25 23:38:00','咯哈','民治','广东省深圳市龙华区民治',114.03843,22.617495,0,0,2,0,'0.00','0.00',1,0,1,0,0,1,1,1,0,'呵呵','1f339d03a0b74dc3b33042294cd07b97',3,0,NULL,NULL,0),('e3868937b9b149c2b80e2ced305aa4f6',00000000078,'2018-09-22 09:28:43','2018-09-22 09:28:43','2018-11-21 23:47:00','2018-11-21 23:47:00','创建测试','观澜','广东省深圳市龙华区',114.06031,22.72174,1,1,2,0,'0.00','0.00',1,1,1,0,0,1,1,1,0,'撒地方','1f339d03a0b74dc3b33042294cd07b97',3,0,NULL,NULL,0),('743285029a2b4eb680e541ed5139a796',00000000079,'2018-09-21 23:59:48','2018-09-21 23:59:48','2018-09-22 09:27:15','2018-09-22 23:57:00','验证测试','民治','广东省深圳市龙华区民治',114.03843,22.617495,2,2,2,1,'0.10','0.00',1,0,1,0,0,1,1,1,0,'测试','1f339d03a0b74dc3b33042294cd07b97',3,0,NULL,NULL,0),('d5994916eeb448c7ac3c1e355b47270e',00000000080,'2018-09-22 09:46:05','2018-09-22 09:46:05','2018-09-22 17:16:45','2018-09-26 09:36:00','宝宝','民治(地铁站)','',114.047412,22.623451,10,2,2,1,'0.01','0.00',1,1,2,5,0,1,1,1,1,'111','1',3,0,NULL,NULL,0),('cb0ae82e0c254dbeaa5df2867fa5a901',00000000081,'2018-09-22 10:18:34','2018-09-22 10:18:34','2018-09-23 10:17:00','2018-09-23 10:17:00','测试免费','向南商业大厦','深圳市龙华区向南四区24',114.046173,22.622067,2,0,1,0,'0.00','0.00',NULL,1,1,5,0,0,1,0,0,'22','98816ec72c04473780aa3e329f4dbff3',3,0,NULL,NULL,0),('b1e77df979b440f89245e34c08c18fe9',00000000082,'2018-09-25 14:39:34','2018-09-25 14:39:34','2018-09-29 14:37:00','2018-09-25 10:17:00','我','中国邮政储蓄银行(虹口区东长治路营业所)','上海市虹口区东长治路336号',121.501857,31.254314,5,1,2,0,'0.00','0.00',NULL,1,1,0,0,1,1,0,0,'娃娃','1',3,0,NULL,NULL,0),('73fa3e9330db4d52a4da3b8e7e142563',00000000083,'2018-09-22 12:33:56','2018-09-22 12:33:56','2018-09-26 12:33:00','2018-09-23 13:23:00','我让','宝安体育馆','广东省深圳市宝安区罗田路',113.887379,22.563799,4,0,1,0,'0.00','0.00',NULL,1,1,10,0,1,1,1,0,'娃娃','1',3,0,NULL,NULL,0),('c16634601bed42f49d45ec4d5b547616',00000000084,'2018-09-22 11:34:08','2018-09-22 11:34:08','2018-09-23 07:09:00','2018-09-23 07:09:00','ce甘积极','宝安区体育馆','广东省深圳市宝安区裕安一路84区',113.88388,22.55968,2,1,2,1,'0.10','0.00',1,1,2,5,0,1,1,1,1,'aa感觉感觉','1f339d03a0b74dc3b33042294cd07b97',3,0,NULL,NULL,0),('990288059d834a5099d0720e56feb30b',00000000085,'2018-09-22 11:34:56','2018-09-22 11:34:56','2018-09-22 11:47:05','2018-09-23 07:09:00','黑龙江','宝安区体育馆','广东省深圳市宝安区裕安一路84区',113.88388,22.55968,2,1,2,0,'0.10','0.00',1,1,2,5,0,1,1,1,1,'aa感觉感觉','1f339d03a0b74dc3b33042294cd07b97',3,0,NULL,NULL,0),('864857b9c9344cc7bd6a1386e3f19899',00000000086,'2018-09-22 12:32:25','2018-09-22 12:32:25','2018-09-25 12:31:00','2018-09-23 12:30:00','cs','东边商业大厦','深圳市龙华区民治大道567号',114.047583,22.624352,5,2,1,1,'0.10','0.00',2,1,2,10,0,1,1,1,0,'cs','5',3,0,NULL,NULL,0),('553aa3d9fa3e40cb97af552d4017ac1f',00000000087,'2018-09-22 16:47:26','2018-09-22 16:47:26','2018-10-01 00:00:00','2018-10-01 00:00:00','出来','东边商业大厦','深圳市龙华区民治大道567号',114.047583,22.624352,5,0,1,1,'0.01','0.00',1,1,1,10,0,1,1,1,0,'理解','5',3,0,NULL,NULL,0),('c35cf10b21464f48b2496e30b2e3899d',00000000088,'2018-09-22 15:40:05','2018-09-22 15:40:05','2018-09-22 17:32:49','2018-09-26 15:38:00','出来','东边商业大厦','深圳市龙华区民治大道567号',114.047583,22.624352,2,0,1,0,'0.01','0.00',1,1,1,0,0,0,1,1,0,'理解','5',3,0,NULL,NULL,0),('bb7c0aeae2464f0c952e7e7507bcf10c',00000000089,'2018-09-25 09:38:17','2018-09-25 09:38:17','2018-09-25 09:42:28','2018-09-29 09:09:00','cs','东边商务大楼','龙华区民治大道369号',114.046828,22.624127,6,3,2,0,'0.00','0.00',NULL,0,1,0,0,1,1,1,0,'cs','5',3,0,NULL,NULL,0),('4ff87403b5854951bdaba78afd9edee8',00000000090,'2018-09-25 09:44:53','2018-09-25 09:44:53','2018-09-30 09:44:00','2018-09-30 09:44:00','cs','东边商务大楼','龙华区民治大道369号',114.046828,22.624127,6,3,2,0,'0.00','0.00',NULL,1,2,5,0,1,1,1,0,'cs','5',3,0,NULL,NULL,0),('cdf41f05a5664026b85d120998ba4727',00000000091,'2018-09-25 09:51:56','2018-09-25 09:51:56','2018-09-30 09:50:00','2018-09-30 09:50:00','取消活动','东边商务大楼','龙华区民治大道369号',114.046828,22.624127,6,3,2,0,'0.00','0.00',NULL,1,2,0,0,1,1,1,0,'咯莫走咯女','5',3,0,NULL,NULL,0),('34c13d2029464a95a25ca4034fdb91eb',00000000092,'2018-09-25 14:20:41','2018-09-25 14:20:41','2018-09-25 14:18:00','2018-09-27 09:58:00','sss','中国邮政储蓄银行(虹口区东长治路营业所)','上海市虹口区东长治路336号',121.501857,31.254314,12,0,1,0,'0.00','0.00',NULL,1,2,5,0,1,1,1,0,'212','1',3,0,NULL,NULL,0),('2d99b850e87b42f0bc1c583f96db9b53',00000000093,'2018-09-25 10:08:42','2018-09-25 10:08:42','2018-11-25 10:08:00','2018-11-25 10:08:00','收费创建测试','龙华区观澜桂兰新村','广东省深圳市龙华区景平路44号',114.06031,22.72174,10,0,1,1,'0.10','0.00',1,0,1,0,0,1,1,1,0,'asfd','1f339d03a0b74dc3b33042294cd07b97',3,0,NULL,NULL,0),('16eb0545e55741a9a5675c6e1a943d43',00000000094,'2018-09-25 10:15:57','2018-09-25 10:15:57','2018-10-22 14:32:00','2018-10-22 14:32:00','测试11','龙华区观澜桂兰新村','广东省深圳市龙华区景平路44号',114.06031,22.72174,100,10,1,1,'0.10','0.00',1,1,1,0,0,1,1,1,1,'阿桑的歌','1f339d03a0b74dc3b33042294cd07b97',3,0,NULL,NULL,0),('63dc4c4dea8e4e5b87ea9bc9e34703b7',00000000095,'2018-09-25 10:19:45','2018-09-25 10:19:45','2018-10-22 14:32:00','2018-10-22 14:32:00','测试11','龙华区观澜桂兰新村','广东省深圳市龙华区景平路44号',114.06031,22.72174,100,10,1,1,'0.10','0.00',1,1,1,0,0,1,1,1,1,'阿桑的歌','1f339d03a0b74dc3b33042294cd07b97',3,0,NULL,NULL,0),('ebe8387420f641aeb8fdb2b69fec09ad',00000000096,'2018-09-25 10:24:54','2018-09-25 10:24:54','2018-10-23 14:32:00','2018-10-23 14:32:00','新创建测试','龙华区观澜桂兰新村','广东省深圳市龙华区景平路44号',114.06031,22.72174,100,10,1,1,'0.10','0.00',1,1,1,0,0,1,1,1,1,'阿桑的歌','1f339d03a0b74dc3b33042294cd07b97',3,0,NULL,NULL,0),('d8e81f97f6e746ffa82de53f3dfc49df',00000000097,'2018-09-25 10:30:18','2018-09-25 10:30:18','2018-10-23 14:32:00','2018-10-23 14:32:00','新创建测试2','龙华区观澜桂兰新村','广东省深圳市龙华区景平路44号',114.06031,22.72174,100,10,1,1,'0.10','0.00',1,1,1,0,0,1,1,1,1,'阿桑的歌','1f339d03a0b74dc3b33042294cd07b97',3,0,NULL,NULL,0),('781f0b364e3740dfb34d531c4d914e97',00000000098,'2018-09-25 11:15:25','2018-09-25 11:15:25','2018-10-22 14:32:00','0000-00-00 00:00:00','测试11','龙华区观澜桂兰新村','广东省深圳市龙华区景平路44号',114.06031,22.72174,100,10,1,1,'0.10','0.00',1,1,1,0,0,1,1,1,1,'阿桑的歌','1f339d03a0b74dc3b33042294cd07b97',3,0,NULL,NULL,0),('3ebe3af94e294d61aa9807758bf2ba3e',00000000099,'2018-09-25 14:13:32','2018-09-25 14:13:32','2018-09-25 14:13:00','0000-00-00 00:00:00','苹果','东边商务大楼','龙华区民治大道369号',114.046828,22.624127,4,2,2,1,'0.01','0.00',1,1,1,0,0,0,1,1,0,'苹果','3',3,0,NULL,NULL,0),('fd1ba81772a84591b9e4f23e9883a230',00000000100,'2018-09-25 14:35:42','2018-09-25 14:35:42','2018-09-29 14:34:00','0000-00-00 00:00:00','测试','金蝶软件(民德路)','民治大道317东边商务大楼3059室',114.046622,22.624035,10,3,2,0,'0.00','0.00',NULL,1,2,5,0,1,1,1,1,'测试','3',3,0,NULL,NULL,0),('db3009002186421eab2f0a7617f0facd',00000000101,'2018-09-25 20:02:33','2018-09-25 20:02:33','2018-10-25 20:01:00','2018-10-25 20:01:00','测 有女士收费','三星大酒店','广东省深圳市龙华区观澜大道587号',114.060902,22.720785,10,2,2,1,'2.00','10.00',2,1,2,10,0,1,1,1,0,'阿斯蒂芬','1f339d03a0b74dc3b33042294cd07b97',3,0,NULL,NULL,0),('d6d97d50537a4b788221639970bb3535',00000000102,'2018-09-25 20:04:23','2018-09-25 20:04:23','2018-10-25 20:03:00','2018-10-25 20:03:00','无女士费用 测试','首信广场','广东省深圳市龙华区桂花路108号',114.06015,22.723912,10,2,2,1,'0.10','0.10',2,1,1,5,0,1,1,1,1,'阿斯蒂芬','1f339d03a0b74dc3b33042294cd07b97',3,0,NULL,NULL,0),('e943a87a1b9d4cf6b47067dce4671df8',00000000103,'2018-09-25 20:06:56','2018-09-25 20:06:56','2018-10-25 20:05:00','2018-10-25 20:05:00','创建测试','三星大酒店','广东省深圳市龙华区观澜大道587号',114.060902,22.720785,10,2,2,1,'8.00','10.00',2,1,1,10,0,1,1,1,0,'阿斯蒂芬','1f339d03a0b74dc3b33042294cd07b97',3,0,NULL,NULL,0),('4b955ecfbb4548fab71071d168ed808f',00000000104,'2018-09-26 09:16:39','2018-09-26 09:16:39','2018-10-27 09:15:00','2018-10-27 09:15:00','创建测试路由','三星大酒店','广东省深圳市龙华区观澜大道587号',114.060902,22.720785,10,8,2,1,'0.10','0.10',2,1,1,10,0,1,1,1,0,'从v','1f339d03a0b74dc3b33042294cd07b97',3,0,NULL,NULL,0),('cf44f593cf1f48afaa95865b92ac8708',00000000105,'2018-09-26 09:34:53','2018-09-26 09:34:53','2018-10-26 09:33:00','2018-10-26 20:30:00','测试 两时间不同','三星大酒店','广东省深圳市龙华区观澜大道587号',114.060902,22.720785,10,1,2,1,'0.10','0.10',1,1,1,5,0,1,1,1,0,'阿斯蒂芬','1f339d03a0b74dc3b33042294cd07b97',3,0,NULL,NULL,0),('5200f35172e94eaf9667dd880e30e1db',00000000106,'2018-09-26 09:46:50','2018-09-26 09:46:50','2018-09-28 09:43:00','2018-09-28 10:43:00','女生测试','眼前线(民治店)','民治街道民治大道东边商务大楼3楼3038室(地铁民治D出口)',114.046748,22.623943,6,3,2,1,'0.01','0.00',1,1,2,10,0,1,1,1,0,'测试','5',3,0,NULL,NULL,0),('d3679b9d28524f6f85204cf9396abb4c',00000000107,'2018-09-26 10:00:43','2018-09-26 10:00:43','2018-09-28 09:56:00','2018-09-28 10:56:00','女生测试','民治(地铁站)','',114.047412,22.623451,6,2,2,1,'0.01','0.01',1,1,2,5,0,1,1,1,0,'女生测试','1',3,0,NULL,NULL,0),('98449e9d8e8443949cdf292aa645632c',00000000108,'2018-09-26 10:03:45','2018-09-26 10:03:45','2018-09-27 10:00:00','2018-09-27 11:00:00','女士测试','民治(地铁站)','',114.047412,22.623451,4,2,2,1,'-1.00','0.01',1,1,2,0,0,1,1,1,0,'123','1',3,0,NULL,NULL,0),('c16196f273fc4b688d52de97b7eeb6d1',00000000109,'2018-09-26 10:09:55','2018-09-26 10:09:55','2018-09-27 10:07:00','2018-09-27 11:07:00','测试','民治(地铁站)','',114.047412,22.623451,3,2,2,1,'2.00','2.00',1,1,2,5,0,1,1,1,0,'测试','1',3,0,NULL,NULL,0),('1af94eb8cb044a419e3223ecf06843d7',00000000110,'2018-09-26 10:44:39','2018-09-26 10:44:39','2018-09-27 10:43:00','2018-09-27 11:43:00','女生测试','金蝶软件(民德路)','民治大道317东边商务大楼3059室',114.046622,22.624035,3,2,2,1,'0.01','0.02',1,1,2,5,0,1,1,1,0,'女生测试','5',3,0,NULL,NULL,0),('9ff8c81c982e457997754f27c832776a',00000000111,'2018-09-26 11:04:04','2018-09-26 11:04:04','2018-09-28 11:03:00','2018-09-28 12:03:00','测试','金蝶软件(民德路)','民治大道317东边商务大楼3059室',114.046622,22.624035,2,2,2,1,'0.03','0.03',2,1,1,0,0,1,1,1,0,'测评','5',3,0,NULL,NULL,0),('e2e7f142fa824e89a7c80a4e561bf6e8',00000000112,'2018-09-26 11:45:19','2018-09-26 11:45:19','2018-09-26 11:47:06','2018-09-26 12:44:00','测试提前截止','民治(深圳市龙华区)','民治(深圳市龙华区)',114.040146,22.618416,5,0,1,0,'0.00','0.00',1,0,1,0,0,1,1,1,0,'1','512e6f4e09af45b2ab008a0133880f05',3,0,NULL,NULL,0),('6e5a93eab4a14ebf8aef9624c568a6e7',00000000113,'2018-09-26 11:53:53','2018-09-26 11:53:53','2018-09-27 11:51:00','2018-09-27 12:51:00','手机测试','民治(地铁站)','',114.047412,22.623451,3,2,2,1,'1.00','2.00',1,1,1,0,0,1,1,1,0,'测试','1',3,0,NULL,NULL,0),('5518717583ad4754a365af0465c485f0',00000000114,'2018-09-26 11:55:51','2018-09-26 11:55:51','2018-09-27 11:53:00','2018-09-27 12:53:00','21','民治(地铁站)','',114.047412,22.623451,1,1,2,1,'1.00','2.00',1,1,1,0,0,1,1,1,0,'21','1',3,0,NULL,NULL,0),('ca09aecd0da04d278ff567cb0f6bc991',00000000115,'2018-09-26 17:21:27','2018-09-26 17:21:27','2018-09-28 16:03:00','2018-09-28 17:03:00','状态测试','民治(地铁站)','',114.047412,22.623451,3,1,2,0,'0.00','0.00',NULL,1,1,0,0,0,1,1,0,'状态测试we','1',1,0,NULL,NULL,0),('d5b99fb356564a2784852f66453c29ca',00000000116,'2018-09-26 19:15:47','2018-09-26 19:15:47','2018-09-26 19:15:00','2018-09-26 19:16:00','测试','民治(地铁站)','',114.047412,22.623451,2,0,1,0,'0.00','0.00',NULL,1,1,0,0,0,1,1,0,'测试','1',1,0,NULL,NULL,0),('e2e9d493580347f3983dbbb7f823f268',00000000117,'2018-09-26 19:57:18','2018-09-26 19:57:18','2018-09-26 20:05:00','2018-09-26 20:05:00','AA测试 快来报名','东边商务大楼','广东省深圳市龙华区民治大道317',114.040184,22.61852,10,2,2,1,'0.10','0.10',1,0,1,0,0,1,1,1,0,'HK咯','1f339d03a0b74dc3b33042294cd07b97',3,0,NULL,NULL,0),('853d119a2023487ebbf2135013a321b6',00000000118,'2018-09-26 20:06:59','2018-09-26 20:06:59','2018-09-26 20:10:00','2018-09-26 20:10:00','AA测试 快来报名','东边商务大楼','广东省深圳市龙华区民治大道317',114.040184,22.61852,10,2,2,1,'0.10','0.10',1,0,1,0,0,1,1,1,0,'HK咯','1f339d03a0b74dc3b33042294cd07b97',3,0,NULL,NULL,0),('5eb8454430624aa180c13455127ff94f',00000000119,'2018-09-26 20:19:59','2018-09-26 20:19:59','2018-09-26 20:11:00','2018-09-26 20:11:00','AA收费测试第二天结算','民治(地铁站)','',114.047412,22.623451,2,0,1,1,'100.00','100.00',2,1,1,5,0,0,1,1,0,'AA','1',1,1,'2018-10-12 19:24:41',159.90,1),('3ea17509047a452fbca7f57c8e3d9a18',00000000120,'2018-09-26 20:20:29','2018-09-26 20:20:29','2018-09-26 20:25:00','2018-09-26 20:25:00','AA测试 快来报名','东边商务大楼','广东省深圳市龙华区民治大道317',114.040184,22.61852,10,2,2,1,'0.10','0.10',1,0,1,0,0,1,1,1,0,'HK咯','1f339d03a0b74dc3b33042294cd07b97',3,0,NULL,NULL,0),('edd687a7b56848b08e80f105580f07e4',00000000121,'2018-09-26 20:30:39','2018-09-26 20:30:39','2018-09-26 20:33:00','2018-09-26 20:33:00','AA测试 快来报名','东边商务大楼','广东省深圳市龙华区民治大道317',114.040184,22.61852,10,2,2,1,'0.10','0.10',1,0,1,0,0,1,1,1,0,'HK咯','1f339d03a0b74dc3b33042294cd07b97',3,0,NULL,NULL,0),('435e3e68e86f43139f363ec01da25abe',00000000122,'2018-09-26 20:33:34','2018-09-26 20:33:34','2018-09-26 20:34:00','2018-09-26 20:34:00','倒计时 测试','东边商务大楼','广东省深圳市龙华区民治大道317',114.040184,22.61852,10,2,2,1,'0.10','0.10',1,0,1,0,0,1,1,1,0,'HK咯','1f339d03a0b74dc3b33042294cd07b97',3,0,NULL,NULL,0),('a19fa8657bfb444181af4b2cd9d4c24e',00000000123,'2018-09-26 20:35:49','2018-09-26 20:35:49','2018-09-26 20:36:00','2018-09-26 20:36:00','倒计时 测试','东边商务大楼','广东省深圳市龙华区民治大道317',114.040184,22.61852,10,2,2,1,'0.10','0.10',1,0,1,0,0,1,1,1,0,'HK咯','1f339d03a0b74dc3b33042294cd07b97',3,0,NULL,NULL,0),('6948a28a841e4183b86682a18bdcc0d8',00000000124,'2018-09-26 20:36:33','2018-09-26 20:36:33','2018-09-26 20:37:00','2018-09-26 20:37:00','倒计时 测试','东边商务大楼','广东省深圳市龙华区民治大道317',114.040184,22.61852,10,2,2,1,'0.10','0.10',1,0,1,0,0,1,1,1,0,'HK咯','1f339d03a0b74dc3b33042294cd07b97',3,0,NULL,NULL,0),('344010be19ef4864b11886f633841427',00000000125,'2018-09-26 20:39:50','2018-09-26 20:39:50','2018-09-26 20:40:00','2018-09-26 20:40:00','倒计时 测试','东边商务大楼','广东省深圳市龙华区民治大道317',114.040184,22.61852,10,2,2,1,'0.10','0.10',1,0,1,0,0,1,1,1,0,'HK咯','1f339d03a0b74dc3b33042294cd07b97',3,0,NULL,NULL,0),('a38744c34eb746d08cc6df272269b628',00000000126,'2018-09-26 20:41:30','2018-09-26 20:41:30','2018-09-26 20:42:00','2018-09-26 20:42:00','AA测试','东边商务大楼','广东省深圳市龙华区民治大道317',114.040184,22.61852,10,2,1,1,'0.10','0.10',1,0,1,0,0,1,1,1,0,'HK咯','1f339d03a0b74dc3b33042294cd07b97',1,1,'2018-10-12 19:24:41',0.10,0),('e8acd7d58c204e02a8d8618c70ba7f8b',00000000127,'2018-09-26 20:43:49','2018-09-26 20:43:49','2018-09-26 20:44:00','2018-09-26 21:44:00','AA','金蝶软件(民德路)','民治大道317东边商务大楼3059室',114.046622,22.624035,3,2,2,1,'0.01','0.01',2,1,1,0,0,0,1,1,0,'AA','1',3,0,NULL,NULL,0),('6ba1f3ad04984b1ab72c9e3d0819ba53',00000000128,'2018-09-26 20:48:59','2018-09-26 20:48:59','2018-09-26 20:50:00','2018-09-26 20:52:00','AA','金蝶软件(民德路)','民治大道317东边商务大楼3059室',114.046622,22.624035,3,2,2,1,'0.00','0.01',2,1,1,0,0,1,1,1,0,'AA','1',3,0,NULL,NULL,0),('7bc842a7b5e3485c80c0000b5509f27b',00000000129,'2018-09-27 09:54:41','2018-09-27 09:54:41','2018-09-27 09:56:00','2018-09-27 09:56:00','AA测试','东边商务大楼','广东省深圳市龙华区民治大道317',114.040184,22.61852,10,2,1,1,'0.10','1.00',1,0,1,0,0,1,1,1,0,'HK咯','1f339d03a0b74dc3b33042294cd07b97',1,1,'2018-10-12 19:24:41',0.99,0),('458e04e7cd4d4c3688976773e3aa59ce',00000000130,'2018-09-27 10:47:07','2018-09-27 10:47:07','2018-09-27 10:50:00','2018-09-27 10:52:00','AA测试','东边商务大楼','龙华区民治大道369号',114.046828,22.624127,3,1,2,1,'0.03','0.03',2,0,0,0,0,0,1,1,0,'AA测试','1',1,1,'2018-10-12 19:24:41',0.03,0),('a9add340722a4227818de37fd2aaa327',00000000131,'2018-09-27 10:47:26','2018-09-27 10:47:26','2018-09-27 10:49:00','2018-09-27 10:49:00','AA测试','东边商务大楼','广东省深圳市龙华区民治大道317',114.040184,22.61852,10,2,1,1,'0.10','1.00',1,0,1,0,0,1,1,1,0,'HK咯','1f339d03a0b74dc3b33042294cd07b97',1,1,'2018-10-12 19:24:41',0.99,0),('1f73a9c2414740ba8bb0d05079855aaf',00000000132,'2018-09-27 11:39:09','2018-09-26 11:39:09','2018-09-26 11:40:00','2018-09-26 11:40:00','AA测试','东边商务大楼','广东省深圳市龙华区民治大道317',114.040184,22.61852,10,2,1,1,'0.10','1.00',1,0,1,0,0,1,1,1,0,'HK咯','1f339d03a0b74dc3b33042294cd07b97',1,1,'2018-10-12 19:24:41',0.99,0),('42cfd3e22dd9461e8ccff13b10693072',00000000133,'2018-09-27 14:43:42','2018-09-27 14:43:42','2018-09-26 14:45:00','2018-09-26 14:45:00','AA 补录测试','观澜','广东省深圳市龙华区',114.06031,22.72174,10,1,2,1,'1.00','1.00',2,0,1,0,0,1,1,1,0,'阿斯蒂','1f339d03a0b74dc3b33042294cd07b97',1,1,'2018-10-12 19:24:41',0.99,1),('a73c9528a18f4fd589cffc5bcec4d1a0',00000000134,'2018-09-27 15:17:28','2018-09-27 15:17:28','2018-09-26 16:17:00','2018-09-26 16:17:00','AA 补录测试 2','观澜','广东省深圳市龙华区',114.06031,22.72174,10,1,2,1,'0.50','0.50',2,0,1,0,0,1,1,1,0,'撒发达','1f339d03a0b74dc3b33042294cd07b97',1,1,'2018-10-12 19:24:41',0.50,1),('b0b3e3b6cfea48049999d3abb782ee87',00000000135,'2018-09-27 15:47:02','2018-09-27 15:47:02','2018-09-26 18:43:00','2018-09-26 19:43:00','AA报名测试','深圳农村商业银行(民治支行)','广东省深圳市龙华区民治大道222号东边大厦首层',114.04743,22.624143,3,1,2,1,'0.02','0.02',2,1,2,5,0,0,1,1,0,'AA测试','1',3,0,NULL,NULL,0),('ea81885325e54172bf9060b547d38a32',00000000136,'2018-09-27 15:54:47','2018-09-27 15:54:47','2018-09-28 17:51:00','2018-09-28 18:51:00','女士测试','深圳农村商业银行(民治支行)','广东省深圳市龙华区民治大道222号东边大厦首层',114.04743,22.624143,3,2,2,1,'0.02','0.20',1,1,2,15,0,0,1,1,0,'女士测试','1',3,0,NULL,NULL,0),('0109bb26fb4c40e5b6ece8ebe625eb20',00000000137,'2018-09-27 16:27:55','2018-09-27 16:27:55','2018-09-26 17:27:00','2018-09-26 17:19:00','收费0.01','东边商务大楼(龙华区民治大道317)','东边商务大楼(龙华区民治大道317)',114.04027,22.618252,2,0,1,1,'0.01','0.02',1,1,1,5,0,1,1,1,0,'1','512e6f4e09af45b2ab008a0133880f05',1,1,'2018-10-12 19:24:41',0.02,0),('6d700e247e7a4572bfab43b6473902f6',00000000138,'2018-09-27 16:24:05','2018-09-27 16:24:05','2018-10-27 17:26:00','2018-10-27 17:26:00','女士优惠测试','观澜','广东省深圳市龙华区',114.06031,22.72174,10,0,1,1,'0.10','0.20',1,0,1,0,0,1,1,1,0,'阿斯蒂芬','1f339d03a0b74dc3b33042294cd07b97',1,1,'2018-10-28 00:00:05',0.20,0),('a241383557b3418a9928c34c65cdc87c',00000000139,'2018-09-27 19:23:16','2018-09-27 19:23:16','2018-09-26 19:25:00','2018-09-26 19:25:00','AA','东边商务大楼','龙华区民治大道369号',114.046828,22.624127,3,1,2,1,'0.02','0.02',2,1,2,5,0,0,1,1,0,'AA','1',1,1,'2018-10-12 19:24:41',0.02,1),('ad975ef8574943e29b0f22f50e93a43a',00000000140,'2018-09-28 15:02:54','2018-09-28 15:02:54','2018-09-28 20:22:00','2018-09-28 21:22:00','退出','深圳农村商业银行(民治支行)','广东省深圳市龙华区民治大道222号东边大厦首层',114.047412,22.623451,4,3,2,1,'0.01','0.02',1,1,1,0,0,0,1,1,0,'无a','1',3,0,NULL,NULL,0),('d0379d3ae43946308368df74e2bfea86',00000000141,'2018-09-28 15:51:49','2018-09-28 10:48:24','2018-09-27 10:47:00','2018-09-27 10:47:00','收费AA1元','民治(深圳市龙华区)','民治(深圳市龙华区)',114.04014,22.618431,2,0,1,1,'1.00','1.00',2,0,1,0,0,1,1,1,0,'测试','512e6f4e09af45b2ab008a0133880f05',1,1,'2018-10-12 19:24:41',1.98,0),('fd6fa5b2281c42249affcf81080b2f96',00000000142,'2018-09-28 15:06:12','2018-09-28 15:06:12','2018-10-29 18:07:00','2018-10-29 18:07:00','当日退 测试','观澜','广东省深圳市龙华区',114.06031,22.72174,10,0,1,1,'0.10','0.10',2,1,1,10,40,1,1,1,1,'温柔型的三十','1f339d03a0b74dc3b33042294cd07b97',1,1,'2018-10-30 00:00:04',0.00,0),('9bc2dac30f9f4d5aadab53ffd4a79b25',00000000143,'2018-09-28 15:11:42','2018-09-28 15:11:42','2018-09-29 10:00:12','2018-10-28 15:10:00','当日退 测试','澳斯卡酒吧','广东省深圳市龙华区观澜大道兴万达广场7楼',114.058593,22.719139,10,2,2,1,'0.10','0.10',2,1,1,10,40,1,1,1,1,'阿斯蒂','1f339d03a0b74dc3b33042294cd07b97',3,0,NULL,NULL,0),('7a6e5e0693ae4e24b4533752ccdddf4e',00000000144,'2018-09-28 15:17:09','2018-09-28 15:17:09','0000-00-00 00:00:00','0000-00-00 00:00:00','退出','深圳农村商业银行(民治支行)','广东省深圳市龙华区民治大道222号东边大厦首层',114.047412,22.623451,4,3,2,1,'0.01','0.03',1,1,2,5,25,1,1,1,0,'xxxxxxxx','1',3,0,NULL,NULL,0),('7c36a92a8560452d8a01356a00251dc8',00000000145,'2018-09-28 15:19:59','2018-09-28 15:19:59','0000-00-00 00:00:00','0000-00-00 00:00:00','退出新建','深圳农村商业银行(民治支行)','广东省深圳市龙华区民治大道222号东边大厦首层',114.047412,22.623451,4,3,2,1,'0.01','0.03',1,1,2,10,30,1,1,1,0,'嘻嘻嘻嘻嘻','1',3,0,NULL,NULL,0),('c7ab9f9f8ad947fcb3161539365c46dc',00000000146,'2018-09-28 15:22:23','2018-09-28 15:22:23','0000-00-00 00:00:00','0000-00-00 00:00:00','退出','深圳农村商业银行(民治支行)','广东省深圳市龙华区民治大道222号东边大厦首层',114.047412,22.623451,4,3,2,1,'0.00','0.00',NULL,1,1,0,0,1,1,1,0,'xxxx','1',3,0,NULL,NULL,0),('9e6a561a2a4641168a3927e1ac1352d9',00000000147,'2018-09-28 15:23:26','2018-09-28 15:23:26','0000-00-00 00:00:00','0000-00-00 00:00:00','退出','深圳农村商业银行(民治支行)','广东省深圳市龙华区民治大道222号东边大厦首层',114.047412,22.623451,4,3,2,1,'0.00','0.00',NULL,1,1,0,0,1,1,1,0,'xxxx','1',3,0,NULL,NULL,0),('839044deb81741479cdbd077499b9549',00000000148,'2018-09-28 15:45:02','2018-09-28 15:45:02','2018-09-29 15:42:00','2018-09-29 15:42:00','AA','东边商务大楼','龙华区民治大道369号',114.047412,22.623451,3,1,2,1,'0.00','0.00',NULL,1,1,0,0,0,1,1,0,'AA','1',3,0,NULL,NULL,0),('0a9f47f62eae4495896a9d911b46b0aa',00000000149,'2018-09-28 19:18:33','2018-09-28 19:18:33','2018-09-28 19:31:40','2018-09-29 20:16:00','2','东边商业大厦','深圳市龙华区民治大道567号',114.047583,22.624352,2,0,1,1,'0.01','0.01',1,1,1,10,10,0,1,1,0,'1','512e6f4e09af45b2ab008a0133880f05',3,0,NULL,NULL,0),('540a1260e3d34848ad0c884f69b6dbf7',00000000150,'2018-09-28 19:29:25','2018-09-28 19:29:25','2018-10-28 19:28:00','2018-10-28 19:28:00','模板接口测试','三星大酒店','广东省深圳市龙华区观澜大道587号',114.060902,22.720785,10,2,2,1,'0.20','0.30',1,1,1,25,50,1,1,1,1,'这是个测试','1f339d03a0b74dc3b33042294cd07b97',3,0,NULL,NULL,0),('e4471456fd0b4ac987d2f843eef75927',00000000151,'2018-09-28 19:30:50','2018-09-28 19:30:50','2018-09-28 19:33:00','2018-09-28 19:33:00','测试啊','东边商务大楼','龙华区民治大道369号',114.046828,22.624127,3,2,2,1,'0.02','0.02',2,1,2,10,25,0,1,1,0,'测试啊','1',3,0,NULL,NULL,0),('ada9178ac19a44bfb9936d6d0c7f5945',00000000152,'2018-09-28 19:37:13','2018-09-28 19:37:13','2018-09-29 19:37:00','2018-09-29 19:37:00','2','东边商业大厦','深圳市龙华区民治大道567号',114.047583,22.624352,2,0,1,1,'0.00','0.00',NULL,1,1,0,0,0,1,1,0,'1','512e6f4e09af45b2ab008a0133880f05',1,1,'2018-10-12 19:24:41',0.00,0),('2ec9d7159bbb40758c45f2dde7140847',00000000153,'2018-09-28 19:37:16','2018-09-28 19:37:16','2018-09-29 19:37:00','2018-09-29 19:37:00','2','东边商业大厦','深圳市龙华区民治大道567号',114.047583,22.624352,2,0,1,1,'0.00','0.00',NULL,1,1,0,0,0,1,1,0,'1','512e6f4e09af45b2ab008a0133880f05',1,1,'2018-10-12 19:24:41',0.00,0),('01fa5c37c1334802b12a59c5772832d5',00000000154,'2018-09-28 19:37:17','2018-09-28 19:37:17','2018-09-29 19:37:00','2018-09-29 19:37:00','2','东边商业大厦','深圳市龙华区民治大道567号',114.047583,22.624352,2,0,1,1,'0.00','0.00',NULL,1,1,0,0,0,1,1,0,'1','512e6f4e09af45b2ab008a0133880f05',1,1,'2018-10-12 19:24:41',0.00,0),('7df1ad3b79bd45e89540cb8fb3276a35',00000000155,'2018-09-28 19:37:18','2018-09-28 19:37:18','2018-09-29 19:37:00','2018-09-29 19:37:00','2','东边商业大厦','深圳市龙华区民治大道567号',114.047583,22.624352,2,0,1,1,'0.00','0.00',NULL,1,1,0,0,0,1,1,0,'1','512e6f4e09af45b2ab008a0133880f05',1,1,'2018-10-12 19:24:41',0.00,0),('04bc8e52d2cb4257a9848907dc2abf80',00000000156,'2018-09-28 19:37:22','2018-09-28 19:37:22','2018-09-29 19:37:00','2018-09-29 19:37:00','2','东边商业大厦','深圳市龙华区民治大道567号',114.047583,22.624352,2,0,1,1,'0.00','0.00',NULL,1,1,0,0,0,1,1,0,'1','512e6f4e09af45b2ab008a0133880f05',1,1,'2018-10-12 19:24:41',0.00,0),('b60cd9938aa34a8e9f49b6ef765dc144',00000000157,'2018-09-28 19:37:23','2018-09-28 19:37:23','2018-09-29 19:37:00','2018-09-29 19:37:00','2','东边商业大厦','深圳市龙华区民治大道567号',114.047583,22.624352,2,0,1,1,'0.00','0.00',NULL,1,1,0,0,0,1,1,0,'1','512e6f4e09af45b2ab008a0133880f05',1,1,'2018-10-12 19:24:41',0.00,0),('650f6aaf4d664276b058071b605f3c44',00000000158,'2018-09-28 19:38:12','2018-09-28 19:38:12','2018-09-29 19:37:00','2018-09-29 19:37:00','2','东边商业大厦','深圳市龙华区民治大道567号',114.047583,22.624352,2,0,1,1,'0.00','0.00',NULL,1,1,0,0,0,1,1,0,'1','512e6f4e09af45b2ab008a0133880f05',1,1,'2018-10-12 19:24:41',0.00,0),('b56d4b3698194e95bc753b5126c97017',00000000159,'2018-09-28 19:38:13','2018-09-28 19:38:13','2018-09-29 19:37:00','2018-09-29 19:37:00','2','东边商业大厦','深圳市龙华区民治大道567号',114.047583,22.624352,2,0,1,1,'0.00','0.00',NULL,1,1,0,0,0,1,1,0,'1','512e6f4e09af45b2ab008a0133880f05',1,1,'2018-10-12 19:24:41',0.00,0),('3522a791a73d475e922f9c6cb15059c3',00000000160,'2018-09-28 20:35:57','2018-09-28 20:35:57','2018-09-28 19:50:00','2018-09-28 19:52:00','时间测试','金蝶软件(民德路)','民治大道317东边商务大楼3059室',114.046622,22.624035,3,1,2,1,'0.02','0.02',2,1,1,15,20,0,1,1,0,'测试','1',1,1,'2018-10-12 19:24:42',0.00,1),('f3a7af79325542d19583d68f8fc6d74e',00000000161,'2018-09-28 20:20:08','2018-09-28 20:20:08','2018-10-28 19:28:00','2018-10-28 19:28:00','模板新创建','三星大酒店','广东省深圳市龙华区观澜大道587号',114.060902,22.720785,11,2,2,1,'0.20','0.30',1,1,1,25,50,1,1,1,1,'这是个测试','1f339d03a0b74dc3b33042294cd07b97',3,0,NULL,NULL,0),('76c6b6c823f94a99a140cef5e300f990',00000000162,'2018-09-28 20:59:46','2018-09-28 20:59:46','2018-09-28 21:03:00','2018-09-28 22:03:00','AA补录','民治(地铁站)','',114.046622,22.624035,3,1,2,1,'0.03','0.03',2,1,2,5,15,0,1,1,0,'AA补录','1',1,1,'2018-10-12 19:24:42',0.00,0),('7627b4d0d31c4140acebb057ef400fb9',00000000163,'2018-09-28 22:31:41','2018-09-28 22:31:41','2018-10-28 19:28:00','2018-10-28 19:28:00','模板新创建','三星大酒店','广东省深圳市龙华区观澜大道587号',114.060902,22.720785,11,2,2,1,'0.20','0.30',1,1,1,25,50,1,1,1,1,'这是个测试','1f339d03a0b74dc3b33042294cd07b97',3,0,NULL,NULL,0),('498133fa9fc94a59b9cab0edb66605c6',00000000164,'2018-09-29 09:01:40','2018-09-29 09:01:40','2018-09-29 09:03:00','2018-09-29 09:03:00','aa测试','三星大酒店','广东省深圳市龙华区观澜大道587号',114.060902,22.720785,11,2,2,1,'0.20','0.10',2,1,1,25,50,1,1,1,1,'这是个测试','1f339d03a0b74dc3b33042294cd07b97',3,0,NULL,NULL,0),('a98dc93754174246a993913bd09ddb25',00000000165,'2018-09-29 09:03:44','2018-09-29 09:03:44','2018-09-29 09:05:00','2018-09-29 09:05:00','aa测试','三星大酒店','广东省深圳市龙华区观澜大道587号',114.060902,22.720785,11,0,1,1,'0.20','0.10',2,1,1,25,50,1,1,1,1,'这是个测试','1f339d03a0b74dc3b33042294cd07b97',1,1,'2018-10-12 19:24:42',0.00,1),('17a8a4a9a2344d6abf23b0510b33cf0b',00000000166,'2018-09-29 09:05:01','2018-09-29 09:05:01','2018-09-29 09:05:00','2018-09-29 09:06:00','测试','民治(地铁站)','',114.047412,22.623451,3,1,2,1,'0.02','0.02',2,1,2,10,15,0,1,1,0,'cs','1',3,0,NULL,NULL,0),('47437560486649d8b1206406482f17b6',00000000167,'2018-09-29 09:08:25','2018-09-29 09:08:25','2018-09-29 09:10:00','2018-09-29 09:10:00','aa测试','三星大酒店','广东省深圳市龙华区观澜大道587号',114.060902,22.720785,11,0,1,1,'0.20','0.10',2,1,1,25,50,1,1,1,1,'这是个测试','1f339d03a0b74dc3b33042294cd07b97',1,1,'2018-10-12 19:24:42',0.00,1),('38a7db57415a4b11abd1767e672d4d7d',00000000168,'2018-09-29 09:45:08','2018-09-29 09:45:08','2018-09-29 09:58:56','2018-09-30 09:32:00','测试刚好v回家好好吧尽快解决好好计划哈哈哈姐休息休息','渤海银行(深圳分行营业部)','深圳市福田区深南大道4009号投资大厦1楼西侧',114.059908,22.544423,3,1,2,1,'0.10','0.10',1,1,2,25,30,0,1,1,0,'测试','1',3,0,NULL,NULL,0),('777c23cbb193404f9ea3b6ab8abc3df2',00000000169,'2018-09-29 10:02:45','2018-09-29 10:02:45','2018-09-29 10:04:00','2018-09-29 10:04:00','测试刚好v回家好好吧尽快解决好好计划哈哈哈姐休息休息','渤海银行(深圳分行营业部)','深圳市福田区深南大道4009号投资大厦1楼西侧',114.059908,22.544423,3,1,2,1,'0.10','0.10',1,1,1,0,30,0,1,1,0,'测试','1',3,0,NULL,NULL,0),('d9d6abb8a68a420da57af631c439765d',00000000170,'2018-09-29 10:02:51','2018-09-29 10:02:51','2018-09-29 10:04:00','2018-09-29 10:04:00','测试刚好v回家好好吧尽快解决好好计划哈哈哈姐休息休息','渤海银行(深圳分行营业部)','深圳市福田区深南大道4009号投资大厦1楼西侧',114.059908,22.544423,3,1,2,1,'0.10','0.10',1,1,1,0,30,0,1,1,0,'测试','1',3,0,NULL,NULL,0),('6225f36c5d16411ca9d27314eb273d5b',00000000171,'2018-09-29 10:03:07','2018-09-29 10:03:07','2018-09-29 10:04:00','2018-09-29 10:04:00','测试刚好v回家好好吧尽快解决好好计划哈哈哈姐休息休息','渤海银行(深圳分行营业部)','深圳市福田区深南大道4009号投资大厦1楼西侧',114.059908,22.544423,3,1,2,1,'0.10','0.10',1,1,1,0,30,1,1,1,0,'测试','1',3,0,NULL,NULL,0),('a39d286a6e3340a595610e586d334464',00000000172,'2018-09-29 10:06:40','2018-09-29 10:06:40','2018-09-29 10:09:00','2018-09-29 10:09:00','测试刚好v回家好好吧尽快解决好好计划哈哈哈姐休息休息','渤海银行(深圳分行营业部)','深圳市福田区深南大道4009号投资大厦1楼西侧',114.059908,22.544423,3,1,2,1,'0.10','0.20',1,1,1,0,30,1,1,1,0,'测试','1',1,1,'2018-10-12 19:24:42',0.20,0),('b9dac38a7fbb442ab03861ec89e21017',00000000173,'2018-09-29 10:11:57','2018-09-29 10:11:57','2018-09-29 10:11:00','2018-09-29 11:11:00','测试','东边商业大厦','深圳市龙华区民治大道567号',114.047583,22.624352,2,1,2,1,'0.20','0.20',2,1,1,0,0,0,1,1,0,'测试','1',1,1,'2018-10-12 19:24:42',0.20,0),('f2c1d9c9d67a4ed8b19d49973a355389',00000000174,'2018-09-29 10:13:26','2018-09-29 10:13:26','2018-09-29 10:14:00','2018-09-29 10:14:00','测试','东边商业大厦','深圳市龙华区民治大道567号',114.047583,22.624352,2,1,2,1,'0.20','0.20',2,0,0,0,0,0,1,1,0,'测试','1',3,0,NULL,NULL,0),('fae057d63f15467aa955dbc859f0a778',00000000175,'2018-09-29 10:16:33','2018-09-29 10:16:33','2018-09-29 10:20:00','2018-09-29 10:20:00','测试','眼前线(民治店)','民治街道民治大道东边商务大楼3楼3038室(地铁民治D出口)',114.046748,22.623943,3,1,2,1,'0.20','0.20',2,1,2,0,0,0,1,1,0,'测试','1',1,1,'2018-10-12 19:24:42',0.20,0),('5298ffa8af5d40e882ee2cdeee1e890f',00000000176,'2018-09-29 10:23:14','2018-09-29 10:26:14','2018-09-29 09:27:00','2018-09-29 09:27:00','测试','眼前线(民治店)','民治街道民治大道东边商务大楼3楼3038室(地铁民治D出口)',114.046748,22.623943,3,1,2,1,'1.00','1.00',2,0,0,0,0,0,1,1,0,'测试','1',1,1,'2018-10-12 19:24:42',0.10,1),('228d27e3885f48b7b2de2deac34903c0',00000000177,'2018-09-29 11:58:05','2018-09-29 11:58:05','2018-09-29 14:03:00','2018-09-29 15:06:00','aaa','东边商务大楼','广东省深圳市龙华区民治大道317',114.04031,22.61804,10,1,2,1,'0.10','0.10',1,1,1,30,30,1,1,1,0,'fff','1f339d03a0b74dc3b33042294cd07b97',3,0,NULL,NULL,0),('3df15ba6768b43f186abf8e6a1c96932',00000000178,'2018-09-29 11:09:24','2018-09-29 11:09:24','2018-09-29 10:12:00','2018-09-29 10:12:00','aaa','东边商务大楼','广东省深圳市龙华区民治大道317',114.04031,22.61804,10,1,2,1,'0.10','1.00',2,1,1,30,40,1,1,1,0,'fff','1f339d03a0b74dc3b33042294cd07b97',1,1,'2018-10-12 19:24:42',0.00,1),('a99acb087bd84b9ea295ed8e81cc744f',00000000179,'2018-09-29 12:03:13','2018-09-29 12:03:13','2018-10-29 14:02:00','2018-10-29 14:02:00','女士 测试','首信大酒店','广东省深圳市龙华区观澜街道桂花路108号首信广场',114.05945,22.72391,10,0,1,1,'0.10','0.20',1,1,1,15,35,1,1,1,1,'手动','1f339d03a0b74dc3b33042294cd07b97',1,1,'2018-10-30 00:00:04',0.00,0),('c0fe84cc27e74135bebb08e4940bf8b1',00000000180,'2018-09-29 14:06:35','2018-09-29 14:06:35','2018-09-30 14:00:00','2018-09-30 14:00:00','测试','民治(地铁站)','',114.047412,22.623451,3,1,2,0,'0.00','0.00',NULL,0,0,0,0,0,1,1,0,'cs','1',1,0,NULL,NULL,0),('fb93bf9b90184c569143e157410d09cd',00000000181,'2018-09-29 14:07:10','2018-09-29 14:07:10','2018-09-29 14:08:00','2018-09-29 14:08:00','AA 结算测试','龙华区观澜桂兰新村','广东省深圳市龙华区景平路44号',114.06031,22.72174,10,0,1,1,'1.00','1.00',2,1,1,5,15,1,1,1,1,'案说法','1f339d03a0b74dc3b33042294cd07b97',1,1,'2018-10-12 19:24:42',0.50,1),('d0d8023168f64e35a023af4c550e172d',00000000182,'2018-09-30 10:59:28','2018-09-30 10:59:28','2018-10-30 10:57:00','2018-10-30 10:57:00','多图，兼容性测试','东边商务大楼','广东省深圳市龙华区民治大道317',114.04031,22.61804,10,0,1,1,'0.10','0.10',1,1,1,25,50,1,1,1,1,'多图兼容性测试','1f339d03a0b74dc3b33042294cd07b97',1,1,'2018-10-31 00:00:04',0.10,0),('d43404350b6145668b06803c59c14734',00000000183,'2018-10-07 14:53:40','2018-10-07 14:53:40','2018-10-09 11:46:00','2018-10-09 11:46:00','123','民治(地铁站)','',114.047412,22.623451,2,1,2,1,'0.02','0.02',2,1,1,0,0,0,1,1,0,'123321','1',3,0,NULL,NULL,0),('6d7045a5cddc4c038f524596f1c7ef4e',00000000184,'2018-10-08 10:40:13','2018-10-08 10:40:13','2018-11-08 10:39:00','2018-11-08 10:39:00','退出测试 需同意','观澜','广东省深圳市龙华区',114.06031,22.72174,10,2,2,0,'0.00','0.00',1,1,2,0,0,1,1,1,0,'撒旦发','1f339d03a0b74dc3b33042294cd07b97',0,0,NULL,NULL,0),('672e89f2a40f491d8410bd83623c0e1c',00000000185,'2018-10-08 17:47:51','2018-10-08 17:47:51','2018-10-08 17:48:00','2018-10-08 19:47:00','123','民治(深圳市龙华区)','民治(深圳市龙华区)',114.04052,22.61806,12,0,1,0,'0.00','0.00',1,0,1,0,0,1,1,1,0,'123','512e6f4e09af45b2ab008a0133880f05',1,0,NULL,NULL,0),('',00000000186,'0000-00-00 00:00:00',NULL,'0000-00-00 00:00:00','0000-00-00 00:00:00','',NULL,NULL,0,0,999,0,1,0,'0.00','0.00',NULL,NULL,2,0,0,0,0,0,0,NULL,'',1,0,NULL,NULL,0),('7ecbbb6b47e148519ec5cd32d66fff23',00000000187,'2018-10-13 09:49:13','2018-10-13 09:49:13','2018-09-30 12:20:00','2018-09-30 12:20:00','测试','测试','测试',110,22,2,1,1,1,'0.00','100.00',1,1,1,20,20,1,1,1,1,'1','1f339d03a0b74dc3b33042294cd07b97',1,1,'2018-10-14 00:00:03',0.00,0),('496c1739291745afb4e9a823d7cf39d7',00010000000,'2018-11-01 22:02:13','2018-11-01 22:02:13','2018-11-01 22:00:00','2018-11-01 22:00:00','哦！','1970科技小镇','广东省深圳市龙华区民治民康路112号',114.046897888184,22.6192684173584,6,0,1,1,'0.15','0.15',1,0,1,0,0,1,1,1,0,'5553','c141fac9aa9e4da39dd22c21ba8e16a6',1,1,'2018-11-02 00:00:04',0.00,0),('6f0d8f9f3b67409293694e769548bc45',00010000001,'2018-11-02 09:01:59','2018-11-02 09:01:59','2018-11-02 09:00:00','2018-11-02 09:00:00','哦嘛','东边商务大楼(龙华区民治大道317号)','深圳市东边商务大楼(龙华区民治大道317号)',114.040461452285,22.6186041855981,6,0,1,1,'0.30','0.30',1,0,1,0,0,1,1,1,0,'555','c141fac9aa9e4da39dd22c21ba8e16a6',1,0,NULL,NULL,0),('4a1fefc729e74d4d95ae5e0dff1ea9c7',00010000002,'2018-11-02 09:02:09','2018-11-02 09:02:09','2018-11-02 09:02:00','2018-11-02 11:01:00','123','民治(深圳市龙华区)','民治(深圳市龙华区)',114.040115,22.61858,2,1,2,1,'0.02','0.02',2,1,1,0,0,0,1,1,0,'123321','1',3,0,NULL,NULL,0),('5a881060cc6a420e9695c64e165c2cb7',00010000003,'2018-11-02 09:03:38','2018-11-02 09:03:38','2018-11-02 22:02:00','2018-11-02 22:02:00','6','东边商务大楼(龙华区民治大道317号)','深圳市东边商务大楼(龙华区民治大道317号)',114.040411667169,22.6186237665395,9,0,1,1,'0.30','0.30',1,0,1,0,0,1,1,1,0,'666','c141fac9aa9e4da39dd22c21ba8e16a6',0,0,NULL,NULL,0),('f5a8b68a6604442296b84a1a127ade09',00010000004,'2018-11-02 09:05:33','2018-11-02 09:05:33','2018-11-02 17:04:00','2018-11-02 17:04:00','664','南景新村(深圳市龙华区民治樟坑)','深圳市南景新村(深圳市龙华区民治樟坑)',114.038683207589,22.6175554674995,5,0,1,1,'0.30','0.30',1,0,1,0,0,1,1,1,0,'646','c141fac9aa9e4da39dd22c21ba8e16a6',1,0,NULL,NULL,0),('d81d18320d414899967d9f2104ab4adc',00010000005,'2018-11-02 16:41:54','2018-11-02 16:41:54','2018-11-03 16:41:00','2018-11-03 16:41:00','123','民治(深圳市龙华区)','民治(深圳市龙华区)',114.040115,22.61858,2,1,2,1,'0.02','0.02',2,1,1,0,0,1,1,1,0,'123321','1',0,0,NULL,NULL,0);

/*Table structure for table `InviteBallAA` */

DROP TABLE IF EXISTS `InviteBallAA`;

CREATE TABLE `InviteBallAA` (
  `ID` char(32) NOT NULL COMMENT 'ID-约球AA付款',
  `Create_time` datetime DEFAULT NULL COMMENT '创建时间',
  `Invite_ball_id` varchar(32) NOT NULL COMMENT '约球ID',
  `Amount_sum` decimal(11,2) DEFAULT NULL COMMENT '总共预收',
  `Amount_fee` decimal(11,2) DEFAULT NULL COMMENT '平台费用',
  `Amount_out` decimal(11,2) DEFAULT NULL COMMENT '总支出金额',
  `Ought_member_refund` decimal(11,2) DEFAULT NULL COMMENT '应退总额',
  `Real_member_refund` decimal(11,2) DEFAULT NULL COMMENT '实退总额',
  `Member_refund` decimal(11,2) DEFAULT NULL COMMENT '每人退费',
  `Content` varchar(100) DEFAULT NULL COMMENT '退费备注',
  `Repair_flag` int(11) NOT NULL DEFAULT '0' COMMENT '是否是补录',
  `Repair_amount` decimal(11,2) DEFAULT NULL COMMENT '补录金额',
  `Deal_time` datetime DEFAULT NULL COMMENT '充值成功时间',
  `Deal_flag` int(1) DEFAULT NULL COMMENT '补录金额充值状态(0=待支付1=支付成功2=支付失败)',
  `WXContent` varchar(2000) DEFAULT NULL COMMENT '微信回调备查',
  PRIMARY KEY (`ID`),
  UNIQUE KEY `InviteBallId_UNIQUE` (`Invite_ball_id`)
) ENGINE=MyISAM DEFAULT CHARSET=utf8 COMMENT='约球AA费用表';

/*Data for the table `InviteBallAA` */

insert  into `InviteBallAA`(`ID`,`Create_time`,`Invite_ball_id`,`Amount_sum`,`Amount_fee`,`Amount_out`,`Ought_member_refund`,`Real_member_refund`,`Member_refund`,`Content`,`Repair_flag`,`Repair_amount`,`Deal_time`,`Deal_flag`,`WXContent`) values ('232bdc3f117b4207b8a7685e7d16f9ae','2018-09-27 19:35:10','a241383557b3418a9928c34c65cdc87c','0.02','0.00',NULL,'0.00','0.00','0.00','asd',0,NULL,NULL,NULL,NULL),('363aff29b9a347aca6b61895d9be7234','2018-09-28 16:18:42','d0379d3ae43946308368df74e2bfea86','2.00','0.02','0.01','1.97','1.98','0.99','由于台风',0,NULL,NULL,NULL,NULL),('7c882a0a3b5e4954a35f17da5809c50e','2018-09-28 20:41:38','3522a791a73d475e922f9c6cb15059c3','0.02','0.00','0.00','0.02','0.02','0.02','fe',0,NULL,NULL,NULL,NULL),('9c320871e5114c3fbf9fa33b53afce92','2018-09-29 09:06:57','a98dc93754174246a993913bd09ddb25','0.10','0.00','0.00','0.10','0.10','0.10','aaa',0,NULL,NULL,NULL,NULL),('c2d8bc1b81ba4a54822b486e5d9cdcb4','2018-09-29 10:26:10','5298ffa8af5d40e882ee2cdeee1e890f','1.00','0.01','0.10','0.89','0.89','0.89','测试',0,NULL,NULL,NULL,NULL),('79f2205162be4010afec7517f743ec90','2018-09-29 10:27:26','47437560486649d8b1206406482f17b6','0.10','0.00','0.00','0.10','0.10','0.10','',0,NULL,NULL,NULL,NULL),('51026f7a1ad44d93a68e1a0314e8e3a4','2018-09-29 11:14:49','3df15ba6768b43f186abf8e6a1c96932','2.00','0.02','0.00','1.98','1.98','0.99','aaa',0,NULL,NULL,NULL,NULL),('8fbae8dd8907426d91ca67f998a43b49','2018-09-29 14:11:28','fb93bf9b90184c569143e157410d09cd','1.00','0.01','0.50','0.49','0.49','0.49','asdf',0,NULL,NULL,NULL,NULL),('11234','2018-10-12 16:03:36','5eb8454430624aa180c13455127ff94f','210.00','2.10','150.00','57.90','57.90','28.95','多收60元，现在退还',0,NULL,NULL,NULL,NULL);

/*Table structure for table `InviteBallOneDay` */

DROP TABLE IF EXISTS `InviteBallOneDay`;

CREATE TABLE `InviteBallOneDay` (
  `ID` varchar(32) NOT NULL COMMENT 'ID-约球',
  `Create_time` datetime NOT NULL COMMENT '创建时间',
  `Modify_time` datetime NOT NULL COMMENT '修改时间',
  `Invite_ball_id` varchar(32) NOT NULL COMMENT '约球ID',
  `Member_id` varchar(32) NOT NULL COMMENT '支付人ID',
  `Amount_collect` decimal(11,2) DEFAULT NULL COMMENT '报名总收入',
  `Amount_aa` decimal(11,2) DEFAULT NULL COMMENT 'AA退款总额',
  `Amount_fee` decimal(11,2) DEFAULT NULL COMMENT '平台收取手续费',
  `Amount_out` decimal(11,2) DEFAULT NULL COMMENT '实际付款',
  `Pay_type` int(1) DEFAULT NULL COMMENT '支付状态(1=已支付2=约球数据异常不支付)',
  `Content` text COMMENT '金额流水详细信息',
  `WXCompanyPayment` varchar(32) DEFAULT NULL COMMENT '企业支付ID',
  PRIMARY KEY (`ID`)
) ENGINE=MyISAM DEFAULT CHARSET=utf8;

/*Data for the table `InviteBallOneDay` */

insert  into `InviteBallOneDay`(`ID`,`Create_time`,`Modify_time`,`Invite_ball_id`,`Member_id`,`Amount_collect`,`Amount_aa`,`Amount_fee`,`Amount_out`,`Pay_type`,`Content`,`WXCompanyPayment`) values ('a154d7ea7c1549fa9109572aded18b29','2018-10-12 19:24:42','2018-10-12 19:24:42','47437560486649d8b1206406482f17b6','1f339d03a0b74dc3b33042294cd07b97','0.10','0.10','0.00','0.00',1,'报名总收入:1人报名0.1元,0人退出手续费0.0元,共计0.1元;AA退款总额:预收0.1元，实际消费0.00元,手续费总额0.00元，应退金额0.1元 ;平台收取手续费:0.1元*1%=0.0元;实际付款:0.1元-0.1元-0.0元=0.0元','999c0f2541214f029a90512052eb2d4e'),('4d1a1c7b15894b0689ecc3fdb1d2af29','2018-10-12 19:24:42','2018-10-12 19:24:42','a98dc93754174246a993913bd09ddb25','1f339d03a0b74dc3b33042294cd07b97','0.10','0.10','0.00','0.00',1,'报名总收入:1人报名0.1元,0人退出手续费0.0元,共计0.1元;AA退款总额:预收0.1元，实际消费0.00元,手续费总额0.00元，应退金额0.1元 ;平台收取手续费:0.1元*1%=0.0元;实际付款:0.1元-0.1元-0.0元=0.0元','cd96f0c1bcd24e93857a23311146ab66'),('37be64ec16d745caba14e150722eca12','2018-10-12 19:24:42','2018-10-12 19:24:42','76c6b6c823f94a99a140cef5e300f990','1','0.00','0.00','0.00','0.00',1,'报名总收入:0人报名0.0元,1人退出手续费0.0元,共计0.0元;平台收取手续费:0.0元*1%=0.0元;实际付款:0.0元-0.0元-0.0元=0.0元','0170477c780440f88759bd82e9c9c603'),('77241ed786d049b6abe463675f3ae7e0','2018-10-12 19:24:41','2018-10-12 19:24:41','3522a791a73d475e922f9c6cb15059c3','1','0.02','0.02','0.00','0.00',1,'报名总收入:1人报名0.02元,0人退出手续费0.0元,共计0.02元;AA退款总额:预收0.02元，实际消费0.00元,手续费总额0.00元，应退金额0.02元 ;平台收取手续费:0.02元*1%=0.0元;实际付款:0.02元-0.02元-0.0元=0.0元','5ca5d6d8385c48118938ddd81922c837'),('29370fa7430b484f86822b6124cd26ba','2018-10-12 19:24:41','2018-10-12 19:24:41','b56d4b3698194e95bc753b5126c97017','512e6f4e09af45b2ab008a0133880f05','0.00','0.00','0.00','0.00',1,'报名总收入:0人报名0.0元,0人退出手续费0.0元,共计0.0元;平台收取手续费:0.0元*1%=0.0元;实际付款:0.0元-0.0元-0.0元=0.0元','df99aff3824348ad88bc831a064f0412'),('b39a9e766c4f4b84b7111cc8068320a7','2018-10-12 19:24:41','2018-10-12 19:24:41','650f6aaf4d664276b058071b605f3c44','512e6f4e09af45b2ab008a0133880f05','0.00','0.00','0.00','0.00',1,'报名总收入:0人报名0.0元,0人退出手续费0.0元,共计0.0元;平台收取手续费:0.0元*1%=0.0元;实际付款:0.0元-0.0元-0.0元=0.0元','934e0556dd1a48969e59e8854b21e851'),('3f1b9074213d4f0099c9a5d919fa9248','2018-10-12 19:24:41','2018-10-12 19:24:41','b60cd9938aa34a8e9f49b6ef765dc144','512e6f4e09af45b2ab008a0133880f05','0.00','0.00','0.00','0.00',1,'报名总收入:0人报名0.0元,0人退出手续费0.0元,共计0.0元;平台收取手续费:0.0元*1%=0.0元;实际付款:0.0元-0.0元-0.0元=0.0元','375fdbc932664cdd8a62fcde4aab7b3c'),('3c57049a37dd4af5b38259f9203bf67e','2018-10-12 19:24:41','2018-10-12 19:24:41','04bc8e52d2cb4257a9848907dc2abf80','512e6f4e09af45b2ab008a0133880f05','0.00','0.00','0.00','0.00',1,'报名总收入:0人报名0.0元,0人退出手续费0.0元,共计0.0元;平台收取手续费:0.0元*1%=0.0元;实际付款:0.0元-0.0元-0.0元=0.0元','87360cfd6c52489395904a742203225c'),('2ce54f6411de49a29a97861c4fcc335d','2018-10-12 19:24:41','2018-10-12 19:24:41','7df1ad3b79bd45e89540cb8fb3276a35','512e6f4e09af45b2ab008a0133880f05','0.00','0.00','0.00','0.00',1,'报名总收入:0人报名0.0元,0人退出手续费0.0元,共计0.0元;平台收取手续费:0.0元*1%=0.0元;实际付款:0.0元-0.0元-0.0元=0.0元','6652493d2f5f42a5bdbe418ffaafa3de'),('18516973b23e429685feab74263e0ee8','2018-10-12 19:24:41','2018-10-12 19:24:41','01fa5c37c1334802b12a59c5772832d5','512e6f4e09af45b2ab008a0133880f05','0.00','0.00','0.00','0.00',1,'报名总收入:0人报名0.0元,0人退出手续费0.0元,共计0.0元;平台收取手续费:0.0元*1%=0.0元;实际付款:0.0元-0.0元-0.0元=0.0元','1ad8a98ac50448e6a60058d3ea9b3bac'),('625205a4572645b2b0a2f4ad1b0ce50e','2018-10-12 19:24:41','2018-10-12 19:24:41','2ec9d7159bbb40758c45f2dde7140847','512e6f4e09af45b2ab008a0133880f05','0.00','0.00','0.00','0.00',1,'报名总收入:0人报名0.0元,0人退出手续费0.0元,共计0.0元;平台收取手续费:0.0元*1%=0.0元;实际付款:0.0元-0.0元-0.0元=0.0元','a1ae5d485d944dc6a237c2652c80c57a'),('4c2c2254079b417386c9ea366ccdcc16','2018-10-12 19:24:41','2018-10-12 19:24:41','ada9178ac19a44bfb9936d6d0c7f5945','512e6f4e09af45b2ab008a0133880f05','0.00','0.00','0.00','0.00',1,'报名总收入:0人报名0.0元,0人退出手续费0.0元,共计0.0元;平台收取手续费:0.0元*1%=0.0元;实际付款:0.0元-0.0元-0.0元=0.0元','2ca17778da2b41d99362ff21200b3922'),('45e1978e64334a79931add405808673d','2018-10-12 19:24:41','2018-10-12 19:24:41','d0379d3ae43946308368df74e2bfea86','512e6f4e09af45b2ab008a0133880f05','2.00','0.00','0.02','1.98',1,'报名总收入:2人报名2.0元,0人退出手续费0.0元,共计2.0元;平台收取手续费:2.0元*1%=0.02元;实际付款:2.0元-0.0元-0.02元=1.98元','5410cedd91ca45a2af0f40957837cf6b'),('80cd0e9a5bdd41ca84a17e427a90397d','2018-10-12 19:24:41','2018-10-12 19:24:41','a241383557b3418a9928c34c65cdc87c','1','0.02','0.00','0.00','0.02',1,'报名总收入:1人报名0.02元,0人退出手续费0.0元,共计0.02元;AA退款总额:预收0.02元，实际消费null元,手续费总额0.00元，应退金额0.0元 ;平台收取手续费:0.02元*1%=0.0元;实际付款:0.02元-0.0元-0.0元=0.02元','95d335f6bef24745be5f906325ca5125'),('a2434f785cd9484fa8008aa3960fe642','2018-10-12 19:24:41','2018-10-12 19:24:41','0109bb26fb4c40e5b6ece8ebe625eb20','512e6f4e09af45b2ab008a0133880f05','0.02','0.00','0.00','0.02',1,'报名总收入:1人报名0.02元,1人退出手续费0.0元,共计0.02元;平台收取手续费:0.02元*1%=0.0元;实际付款:0.02元-0.0元-0.0元=0.02元','0fd761ea59b74a75906a44d4a30a5c84'),('f2686d838be14b0a8f9044da0fa1d4ce','2018-10-12 19:24:41','2018-10-12 19:24:41','a73c9528a18f4fd589cffc5bcec4d1a0','1f339d03a0b74dc3b33042294cd07b97','0.50','0.00','0.00','0.50',1,'报名总收入:1人报名0.5元,0人退出手续费0.0元,共计0.5元;平台收取手续费:0.5元*1%=0.0元;实际付款:0.5元-0.0元-0.0元=0.5元','a422d816d8c0401aa6555ee9de584e53'),('1980171193714463b15205349b084919','2018-10-12 19:24:41','2018-10-12 19:24:41','42cfd3e22dd9461e8ccff13b10693072','1f339d03a0b74dc3b33042294cd07b97','1.00','0.00','0.01','0.99',1,'报名总收入:1人报名1.0元,0人退出手续费0.0元,共计1.0元;平台收取手续费:1.0元*1%=0.01元;实际付款:1.0元-0.0元-0.01元=0.99元','4c641ed5c5ea4112b20de67da3753fa1'),('a06c6fad72dc4c75b48d856d0c9554b4','2018-10-12 19:24:41','2018-10-12 19:24:41','a9add340722a4227818de37fd2aaa327','1f339d03a0b74dc3b33042294cd07b97','1.00','0.00','0.01','0.99',1,'报名总收入:1人报名1.0元,0人退出手续费0.0元,共计1.0元;平台收取手续费:1.0元*1%=0.01元;实际付款:1.0元-0.0元-0.01元=0.99元','efbac57b6abc4e8a91d1542fb13c0359'),('c758e13182d84c65a8c4f12efebdcff0','2018-10-12 19:24:41','2018-10-12 19:24:41','1f73a9c2414740ba8bb0d05079855aaf','1f339d03a0b74dc3b33042294cd07b97','1.00','0.00','0.01','0.99',1,'报名总收入:1人报名1.0元,0人退出手续费0.0元,共计1.0元;平台收取手续费:1.0元*1%=0.01元;实际付款:1.0元-0.0元-0.01元=0.99元','acb2d301cbff4d59a813aeb756ef5b87'),('2d3df465c30144048fe910626e9e4ccc','2018-10-12 19:24:41','2018-10-12 19:24:41','458e04e7cd4d4c3688976773e3aa59ce','1','0.03','0.00','0.00','0.03',1,'报名总收入:1人报名0.03元,0人退出手续费0.0元,共计0.03元;平台收取手续费:0.03元*1%=0.0元;实际付款:0.03元-0.0元-0.0元=0.03元','85365e5da09b43db993489d182453fc7'),('f5e9c35c045140ab98a9af8c9e8e2e06','2018-10-12 19:24:41','2018-10-12 19:24:41','7bc842a7b5e3485c80c0000b5509f27b','1f339d03a0b74dc3b33042294cd07b97','1.00','0.00','0.01','0.99',1,'报名总收入:1人报名1.0元,0人退出手续费0.0元,共计1.0元;平台收取手续费:1.0元*1%=0.01元;实际付款:1.0元-0.0元-0.01元=0.99元','d3dd26aa2b544350953c0d826e54ec5e'),('6258966222a0456e992d2dc97a60a7d2','2018-10-12 19:23:50','2018-10-12 19:23:50','fb93bf9b90184c569143e157410d09cd','1f339d03a0b74dc3b33042294cd07b97','1.00','0.49','0.01','0.50',1,'报名总收入:1人报名1.0元,0人退出手续费0.0元,共计1.0元;AA退款总额:预收1.0元，实际消费0.50元,手续费总额0.01元，应退金额0.49元 ;平台收取手续费:1.0元*1%=0.01元;实际付款:1.0元-0.49元-0.01元=0.5元','3e762b03081e4730aa111d58d960e804'),('1e724bdbce154d6480269b2297f99007','2018-10-12 19:24:41','2018-10-12 19:24:41','5eb8454430624aa180c13455127ff94f','1','210.00','48.00','2.10','159.90',1,'报名总收入:2人报名200.0元,1人退出手续费10.0元,共计210.0元;AA退款总额:预收200.0元，实际消费150.00元,手续费总额2.00元，应退金额48.0元 ;平台收取手续费:210.0元*1%=2.1元;实际付款:210.0元-48.0元-2.1元=159.9元','43d07168f75745c69b9d5a7006f26eed'),('3090506537044071b5a9b395be4e494e','2018-10-12 19:24:41','2018-10-12 19:24:41','a38744c34eb746d08cc6df272269b628','1f339d03a0b74dc3b33042294cd07b97','0.10','0.00','0.00','0.10',1,'报名总收入:1人报名0.1元,0人退出手续费0.0元,共计0.1元;平台收取手续费:0.1元*1%=0.0元;实际付款:0.1元-0.0元-0.0元=0.1元','4939e5f375e34756b9febc27bdcc5d3d'),('ab0feb14eb8147609d54935a9c30c838','2018-10-12 19:23:50','2018-10-12 19:23:50','fae057d63f15467aa955dbc859f0a778','1','0.20','0.00','0.00','0.20',1,'报名总收入:1人报名0.2元,0人退出手续费0.0元,共计0.2元;平台收取手续费:0.2元*1%=0.0元;实际付款:0.2元-0.0元-0.0元=0.2元','74aac7691682481faa3343844d94d5b8'),('385af0142678434cad84d89b73ce5ee6','2018-10-12 19:23:50','2018-10-12 19:23:50','3df15ba6768b43f186abf8e6a1c96932','1f339d03a0b74dc3b33042294cd07b97','2.00','1.98','0.02','0.00',1,'报名总收入:2人报名2.0元,0人退出手续费0.0元,共计2.0元;AA退款总额:预收2.0元，实际消费0.00元,手续费总额0.02元，应退金额1.98元 ;平台收取手续费:2.0元*1%=0.02元;实际付款:2.0元-1.98元-0.02元=0.0元','4b99e696b2c5497b8413797c2560a56d'),('79d3188460bb4832a3787cf1c5ed4fbc','2018-10-12 19:23:50','2018-10-12 19:23:50','b9dac38a7fbb442ab03861ec89e21017','1','0.20','0.00','0.00','0.20',1,'报名总收入:1人报名0.2元,0人退出手续费0.0元,共计0.2元;平台收取手续费:0.2元*1%=0.0元;实际付款:0.2元-0.0元-0.0元=0.2元','a2872ad3d3bf48b383a53922f4fd9a53'),('ab373819f0f843ebabe206e92e045cf1','2018-10-12 19:23:45','2018-10-12 19:23:45','47437560486649d8b1206406482f17b6','1f339d03a0b74dc3b33042294cd07b97','0.10','0.10','0.00','0.00',1,'报名总收入:1人报名0.1元,0人退出手续费0.0元,共计0.1元;AA退款总额:预收0.1元，实际消费0.00元,手续费总额0.00元，应退金额0.1元 ;平台收取手续费:0.1元*1%=0.0元;实际付款:0.1元-0.1元-0.0元=0.0元','e39c7652d22f46f5912f191614f5a46e'),('5a0b1f82358a40efa17a801dfd3fc4cd','2018-10-12 19:23:50','2018-10-12 19:23:50','a39d286a6e3340a595610e586d334464','1','0.20','0.00','0.00','0.20',1,'报名总收入:1人报名0.2元,0人退出手续费0.0元,共计0.2元;平台收取手续费:0.2元*1%=0.0元;实际付款:0.2元-0.0元-0.0元=0.2元','4f03982ac4f24d8da73983c9121377d8'),('43d880d3d2fd47f785f955a2038fdb6e','2018-10-12 19:23:45','2018-10-12 19:23:45','76c6b6c823f94a99a140cef5e300f990','1','0.00','0.00','0.00','0.00',1,'报名总收入:0人报名0.0元,1人退出手续费0.0元,共计0.0元;平台收取手续费:0.0元*1%=0.0元;实际付款:0.0元-0.0元-0.0元=0.0元','065d62dd85f24dc2b995e556cb6d793c'),('6f56c81068d74932a04bc7dfe1c19b6c','2018-10-12 19:23:45','2018-10-12 19:23:45','3522a791a73d475e922f9c6cb15059c3','1','0.02','0.02','0.00','0.00',1,'报名总收入:1人报名0.02元,0人退出手续费0.0元,共计0.02元;AA退款总额:预收0.02元，实际消费0.00元,手续费总额0.00元，应退金额0.02元 ;平台收取手续费:0.02元*1%=0.0元;实际付款:0.02元-0.02元-0.0元=0.0元','4f47ae2e78bd4226ba6aa9bdf97069f6'),('dfde200f78944ec8bcdc3674ecff8063','2018-10-12 19:23:45','2018-10-12 19:23:45','b56d4b3698194e95bc753b5126c97017','512e6f4e09af45b2ab008a0133880f05','0.00','0.00','0.00','0.00',1,'报名总收入:0人报名0.0元,0人退出手续费0.0元,共计0.0元;平台收取手续费:0.0元*1%=0.0元;实际付款:0.0元-0.0元-0.0元=0.0元','04539d9ceb144a4b9bb5fe99fc83765f'),('42e0a346997a45f3a7e1239d0b4d72b8','2018-10-12 19:23:45','2018-10-12 19:23:45','b60cd9938aa34a8e9f49b6ef765dc144','512e6f4e09af45b2ab008a0133880f05','0.00','0.00','0.00','0.00',1,'报名总收入:0人报名0.0元,0人退出手续费0.0元,共计0.0元;平台收取手续费:0.0元*1%=0.0元;实际付款:0.0元-0.0元-0.0元=0.0元','fef1920bbe8f42bb994875a7697e18f7'),('efe6169b9bf947bfbef6737c9415773f','2018-10-12 19:23:45','2018-10-12 19:23:45','7df1ad3b79bd45e89540cb8fb3276a35','512e6f4e09af45b2ab008a0133880f05','0.00','0.00','0.00','0.00',1,'报名总收入:0人报名0.0元,0人退出手续费0.0元,共计0.0元;平台收取手续费:0.0元*1%=0.0元;实际付款:0.0元-0.0元-0.0元=0.0元','1b2989c19f0e4957af48f7363818e62a'),('a97c858270d44cd8920b4e1b2571cb24','2018-10-12 19:23:45','2018-10-12 19:23:45','04bc8e52d2cb4257a9848907dc2abf80','512e6f4e09af45b2ab008a0133880f05','0.00','0.00','0.00','0.00',1,'报名总收入:0人报名0.0元,0人退出手续费0.0元,共计0.0元;平台收取手续费:0.0元*1%=0.0元;实际付款:0.0元-0.0元-0.0元=0.0元','6e4e10fe63754710be378802360d3bb1'),('3a02ce8128934fd58b4f42e5a576f676','2018-10-12 19:23:45','2018-10-12 19:23:45','650f6aaf4d664276b058071b605f3c44','512e6f4e09af45b2ab008a0133880f05','0.00','0.00','0.00','0.00',1,'报名总收入:0人报名0.0元,0人退出手续费0.0元,共计0.0元;平台收取手续费:0.0元*1%=0.0元;实际付款:0.0元-0.0元-0.0元=0.0元','426d83af0f0c468aa5ebb0a9548e5238'),('348f085de71b4f68baff36ecdf79565f','2018-10-12 19:23:45','2018-10-12 19:23:45','01fa5c37c1334802b12a59c5772832d5','512e6f4e09af45b2ab008a0133880f05','0.00','0.00','0.00','0.00',1,'报名总收入:0人报名0.0元,0人退出手续费0.0元,共计0.0元;平台收取手续费:0.0元*1%=0.0元;实际付款:0.0元-0.0元-0.0元=0.0元','565d5187bdff4b4895aa05d801d69722'),('eb79030b42ff4c17881412549c6c1d3b','2018-10-12 19:23:45','2018-10-12 19:23:45','2ec9d7159bbb40758c45f2dde7140847','512e6f4e09af45b2ab008a0133880f05','0.00','0.00','0.00','0.00',1,'报名总收入:0人报名0.0元,0人退出手续费0.0元,共计0.0元;平台收取手续费:0.0元*1%=0.0元;实际付款:0.0元-0.0元-0.0元=0.0元','e06f2b33142045aaa9fbb8856b00b006'),('e8b559c9c17c4b54affcb39fd7ac4893','2018-10-12 19:23:45','2018-10-12 19:23:45','ada9178ac19a44bfb9936d6d0c7f5945','512e6f4e09af45b2ab008a0133880f05','0.00','0.00','0.00','0.00',1,'报名总收入:0人报名0.0元,0人退出手续费0.0元,共计0.0元;平台收取手续费:0.0元*1%=0.0元;实际付款:0.0元-0.0元-0.0元=0.0元','d2618460ee534e99b33cb4a9fb98d125'),('03a77678ce104b42933cc32240bb9f62','2018-10-12 19:23:40','2018-10-12 19:23:40','d0379d3ae43946308368df74e2bfea86','512e6f4e09af45b2ab008a0133880f05','2.00','0.00','0.02','1.98',1,'报名总收入:2人报名2.0元,0人退出手续费0.0元,共计2.0元;平台收取手续费:2.0元*1%=0.02元;实际付款:2.0元-0.0元-0.02元=1.98元','4849356d452c44f9902072ede2ffc055'),('c2b8b613fa74440da70b26d2094a6de5','2018-10-12 19:23:40','2018-10-12 19:23:40','a241383557b3418a9928c34c65cdc87c','1','0.02','0.00','0.00','0.02',1,'报名总收入:1人报名0.02元,0人退出手续费0.0元,共计0.02元;AA退款总额:预收0.02元，实际消费null元,手续费总额0.00元，应退金额0.0元 ;平台收取手续费:0.02元*1%=0.0元;实际付款:0.02元-0.0元-0.0元=0.02元','baa2bb647ba6467d891c62b976f9150a'),('9ebb051730504ec5b076b486960f7d57','2018-10-12 19:23:40','2018-10-12 19:23:40','1f73a9c2414740ba8bb0d05079855aaf','1f339d03a0b74dc3b33042294cd07b97','1.00','0.00','0.01','0.99',1,'报名总收入:1人报名1.0元,0人退出手续费0.0元,共计1.0元;平台收取手续费:1.0元*1%=0.01元;实际付款:1.0元-0.0元-0.01元=0.99元','2148c2869d38448895044ef4d4533387'),('caaff8020b714dce93b3e6be60272bd3','2018-10-12 19:23:40','2018-10-12 19:23:40','42cfd3e22dd9461e8ccff13b10693072','1f339d03a0b74dc3b33042294cd07b97','1.00','0.00','0.01','0.99',1,'报名总收入:1人报名1.0元,0人退出手续费0.0元,共计1.0元;平台收取手续费:1.0元*1%=0.01元;实际付款:1.0元-0.0元-0.01元=0.99元','3661d9a7e8464420946a94e1b6c49eee'),('9210125f681d4df1a8519c8833b81368','2018-10-12 19:23:35','2018-10-12 19:23:35','5eb8454430624aa180c13455127ff94f','1','210.00','48.00','2.10','159.90',1,'报名总收入:2人报名200.0元,1人退出手续费10.0元,共计210.0元;AA退款总额:预收200.0元，实际消费150.00元,手续费总额2.00元，应退金额48.0元 ;平台收取手续费:210.0元*1%=2.1元;实际付款:210.0元-48.0元-2.1元=159.9元','d221acc80c4b4a7da7a79640ed3672a1'),('908eb7807ac241389489771bcc84a290','2018-10-12 19:23:40','2018-10-12 19:23:40','0109bb26fb4c40e5b6ece8ebe625eb20','512e6f4e09af45b2ab008a0133880f05','0.02','0.00','0.00','0.02',1,'报名总收入:1人报名0.02元,1人退出手续费0.0元,共计0.02元;平台收取手续费:0.02元*1%=0.0元;实际付款:0.02元-0.0元-0.0元=0.02元','235e7252c15341e5aacf3dd76f003ccc'),('b4011b08725049eeacc8473a3aead609','2018-10-12 19:23:40','2018-10-12 19:23:40','a73c9528a18f4fd589cffc5bcec4d1a0','1f339d03a0b74dc3b33042294cd07b97','0.50','0.00','0.00','0.50',1,'报名总收入:1人报名0.5元,0人退出手续费0.0元,共计0.5元;平台收取手续费:0.5元*1%=0.0元;实际付款:0.5元-0.0元-0.0元=0.5元','8951219b013d4268a2287bd1f4cc191c'),('3733c760fcd6428e9796a79df8b65d70','2018-10-12 19:23:40','2018-10-12 19:23:40','7bc842a7b5e3485c80c0000b5509f27b','1f339d03a0b74dc3b33042294cd07b97','1.00','0.00','0.01','0.99',1,'报名总收入:1人报名1.0元,0人退出手续费0.0元,共计1.0元;平台收取手续费:1.0元*1%=0.01元;实际付款:1.0元-0.0元-0.01元=0.99元','56e70859d0a34b16b3373b505b493db6'),('13bdea8a392f4e00bc6f8d9d4f403d30','2018-10-12 19:23:40','2018-10-12 19:23:40','458e04e7cd4d4c3688976773e3aa59ce','1','0.03','0.00','0.00','0.03',1,'报名总收入:1人报名0.03元,0人退出手续费0.0元,共计0.03元;平台收取手续费:0.03元*1%=0.0元;实际付款:0.03元-0.0元-0.0元=0.03元','5882fc66196d411986878c74c2fd78ca'),('b0f5665f65344816861a274638cbb0fc','2018-10-12 19:23:40','2018-10-12 19:23:40','a9add340722a4227818de37fd2aaa327','1f339d03a0b74dc3b33042294cd07b97','1.00','0.00','0.01','0.99',1,'报名总收入:1人报名1.0元,0人退出手续费0.0元,共计1.0元;平台收取手续费:1.0元*1%=0.01元;实际付款:1.0元-0.0元-0.01元=0.99元','d24024ecc2f24a69bba910deca2c8a83'),('b730bf50105e4bd89d89523c0e1f047f','2018-10-12 19:23:40','2018-10-12 19:23:40','a38744c34eb746d08cc6df272269b628','1f339d03a0b74dc3b33042294cd07b97','0.10','0.00','0.00','0.10',1,'报名总收入:1人报名0.1元,0人退出手续费0.0元,共计0.1元;平台收取手续费:0.1元*1%=0.0元;实际付款:0.1元-0.0元-0.0元=0.1元','96aa88823e0b4b958d92aab724a575eb'),('571d63088175451584c3730bc4684acb','2018-10-12 19:24:42','2018-10-12 19:24:42','a39d286a6e3340a595610e586d334464','1','0.20','0.00','0.00','0.20',1,'报名总收入:1人报名0.2元,0人退出手续费0.0元,共计0.2元;平台收取手续费:0.2元*1%=0.0元;实际付款:0.2元-0.0元-0.0元=0.2元','86dda079c0cb4b7c8899f35e631a865a'),('d4efcbac8b8542b787e2fa9959529bda','2018-10-12 19:24:42','2018-10-12 19:24:42','b9dac38a7fbb442ab03861ec89e21017','1','0.20','0.00','0.00','0.20',1,'报名总收入:1人报名0.2元,0人退出手续费0.0元,共计0.2元;平台收取手续费:0.2元*1%=0.0元;实际付款:0.2元-0.0元-0.0元=0.2元','fbcf0135da234405b51f202317ae1f39'),('767bfca8d2a34766b9d7883dbcee131f','2018-10-12 19:24:42','2018-10-12 19:24:42','fae057d63f15467aa955dbc859f0a778','1','0.20','0.00','0.00','0.20',1,'报名总收入:1人报名0.2元,0人退出手续费0.0元,共计0.2元;平台收取手续费:0.2元*1%=0.0元;实际付款:0.2元-0.0元-0.0元=0.2元','fc7ff8615b8f44a0baf1e63fdce9388c'),('048952666bfe401c9aaac8a7b0f96a5f','2018-10-12 19:24:42','2018-10-12 19:24:42','5298ffa8af5d40e882ee2cdeee1e890f','1','1.00','0.89','0.01','0.10',1,'报名总收入:1人报名1.0元,0人退出手续费0.0元,共计1.0元;AA退款总额:预收1.0元，实际消费0.10元,手续费总额0.01元，应退金额0.89元 ;平台收取手续费:1.0元*1%=0.01元;实际付款:1.0元-0.89元-0.01元=0.1元','0e731e9eb0304932a352f6fade1569bb'),('4fcb409558ea4f20b141a4f5ee85cd47','2018-10-12 19:24:42','2018-10-12 19:24:42','3df15ba6768b43f186abf8e6a1c96932','1f339d03a0b74dc3b33042294cd07b97','2.00','1.98','0.02','0.00',1,'报名总收入:2人报名2.0元,0人退出手续费0.0元,共计2.0元;AA退款总额:预收2.0元，实际消费0.00元,手续费总额0.02元，应退金额1.98元 ;平台收取手续费:2.0元*1%=0.02元;实际付款:2.0元-1.98元-0.02元=0.0元','e2d5e85f796e43d286d2d17f1d71707b'),('0d8a9befa180411abdab94a2ac46b5d4','2018-10-12 19:24:42','2018-10-12 19:24:42','fb93bf9b90184c569143e157410d09cd','1f339d03a0b74dc3b33042294cd07b97','1.00','0.49','0.01','0.50',1,'报名总收入:1人报名1.0元,0人退出手续费0.0元,共计1.0元;AA退款总额:预收1.0元，实际消费0.50元,手续费总额0.01元，应退金额0.49元 ;平台收取手续费:1.0元*1%=0.01元;实际付款:1.0元-0.49元-0.01元=0.5元','ecfafc4a55ce40ccbc77f9d35ac56313'),('33d4398e07e04c9cb597f1b9548a2223','2018-10-14 00:00:03','2018-10-14 00:00:03','7ecbbb6b47e148519ec5cd32d66fff23','1f339d03a0b74dc3b33042294cd07b97','0.00','0.00','0.00','0.00',1,'报名总收入:0人报名0.0元,0人退出手续费0.0元,共计0.0元;平台收取手续费:0.0元*1%=0.0元;实际付款:0.0元-0.0元-0.0元=0.0元;','226f05d3b343466fb5dc8ab9679e1b23'),('ca4d6a0f829a43519bd36fe79f411ec7','2018-10-28 00:00:05','2018-10-28 00:00:05','6d700e247e7a4572bfab43b6473902f6','1f339d03a0b74dc3b33042294cd07b97','0.20','0.00','0.00','0.20',1,'报名总收入:1人报名0.2元,1人退出手续费0.0元,共计0.2元;平台收取手续费:0.2元*1%=0.0元;实际付款:0.2元-0.0元-0.0元=0.2元;','05a67e87347048c48902c2d393d410fc'),('499fba5254dd45789bb758823c8ec81a','2018-10-30 00:00:04','2018-10-30 00:00:04','fd6fa5b2281c42249affcf81080b2f96','1f339d03a0b74dc3b33042294cd07b97','0.00','0.00','0.00','0.00',1,'报名总收入:0人报名0.0元,0人退出手续费0.0元,共计0.0元;平台收取手续费:0.0元*1%=0.0元;实际付款:0.0元-0.0元-0.0元=0.0元;','e9364ddb4d4e4fcc8b1a8e8efa64c577'),('c1fd6f674b314cd0a8eabf224046ae70','2018-10-30 00:00:04','2018-10-30 00:00:04','a99acb087bd84b9ea295ed8e81cc744f','1f339d03a0b74dc3b33042294cd07b97','0.00','0.00','0.00','0.00',1,'报名总收入:0人报名0.0元,0人退出手续费0.0元,共计0.0元;平台收取手续费:0.0元*1%=0.0元;实际付款:0.0元-0.0元-0.0元=0.0元;','ed0c4588b7724df19812f29a1ff5183a'),('05e92740a40443f0bc7d6262c1b1f03e','2018-10-31 00:00:04','2018-10-31 00:00:04','d0d8023168f64e35a023af4c550e172d','1f339d03a0b74dc3b33042294cd07b97','0.10','0.00','0.00','0.10',1,'报名总收入:1人报名0.1元,3人退出手续费0.0元,共计0.1元;平台收取手续费:0.1元*1%=0.0元;实际付款:0.1元-0.0元-0.0元=0.1元;','ec466b0354d24c7f976578f31491f4ba'),('83dc28d80b6840d8baa78514d3d4b53a','2018-11-02 00:00:04','2018-11-02 00:00:04','496c1739291745afb4e9a823d7cf39d7','c141fac9aa9e4da39dd22c21ba8e16a6','0.00','0.00','0.00','0.00',1,'报名总收入:0人报名0.0元,0人退出手续费0.0元,共计0.0元;平台收取手续费:0.0元*1%=0.0元;实际付款:0.0元-0.0元-0.0元=0.0元;','ac388c68baef4bef9e9007af112e257a');

/*Table structure for table `InviteImage` */

DROP TABLE IF EXISTS `InviteImage`;

CREATE TABLE `InviteImage` (
  `ID` varchar(32) NOT NULL COMMENT 'ID-约球图',
  `Create_time` datetime NOT NULL COMMENT '创建时间',
  `Invite_id` varchar(32) NOT NULL COMMENT '约球ID',
  `Url` varchar(300) NOT NULL COMMENT '图片地址',
  `Head_image` int(1) DEFAULT NULL COMMENT '是否是封面图0=否1=是',
  PRIMARY KEY (`ID`)
) ENGINE=MyISAM DEFAULT CHARSET=utf8 COMMENT='约球图片表';

/*Data for the table `InviteImage` */

insert  into `InviteImage`(`ID`,`Create_time`,`Invite_id`,`Url`,`Head_image`) values ('1','2018-09-14 16:04:54','1','https://ekeae-image.oss-cn-shenzhen.aliyuncs.com/2018%2F9%2F14%2F05333de857f2489f82c6da9f0aa964fc.jpg',1),('1dcb4c82f90f42aba8e9c9f6ea5c2713','2018-09-14 18:09:23','f9ae20e994f2461f8ab6e6a8b2dee0eb','https://ekeae-image.oss-cn-shenzhen.aliyuncs.com/2018/9/14/91c2a6315214458da5b46a325f2ed42c.jpeg,https://ekeae-image.oss-cn-shenzhen.aliyuncs.com/2018/9/14/8a0a3566aaa04d4dbf980d8dca9c5dc5.jpeg,https://ekeae-image.oss-cn-shenzhen.aliyuncs.com/2018/9/14/68729d273ee749a49f637d51e350bf0e.jpeg',1),('40b021f44d6449008664223eb7c7bdc9','2018-09-14 18:17:29','86577ee30ec2427e97235c077f46a679','https://ekeae-image.oss-cn-shenzhen.aliyuncs.com/2018/9/14/2c2a6aa29005408097409ee731df6a46.jpeg',1),('39d5c3fee8674a7eaf5d2ddfd14f9e4e','2018-09-15 13:59:28','f80e4968c5f8489997d6f444757b1dd9','https://ekeae-image.oss-cn-shenzhen.aliyuncs.com/2018/9/15/740821ec9f6945d49c0241f0d5375b75.jpeg',1),('b3de6e34e3e64066beb7e37eab9ccacd','2018-09-15 14:32:14','57c494c79b4d418589f14e6b154c5735','https://ekeae-image.oss-cn-shenzhen.aliyuncs.com/2018/9/15/d7a39840872845c5b48700594c181f2b.jpeg,https://ekeae-image.oss-cn-shenzhen.aliyuncs.com/2018/9/15/3a6f8abf430b4efbabb953be886abdf6.jpeg',1),('cc4e166d5cbf40dda44cdf5ac53b52e3','2018-09-15 16:40:14','4c3da7d01ec84b9f9b2169933087400f','https://ekeae-image.oss-cn-shenzhen.aliyuncs.com/2018/9/15/e933452108314abda69df2e22aa20b60.png,https://ekeae-image.oss-cn-shenzhen.aliyuncs.com/2018/9/15/8ba649a08abc461f9baf7da77192b80f.png',1),('0e30e7d1d9a74b9f8a2622ccd26543fd','2018-09-15 17:00:56','c10b822e0b2242f48d3cef8809e91a4a','https://ekeae-image.oss-cn-shenzhen.aliyuncs.com/2018/9/15/5326b4fec31b415cba7a3276479d7c88.png',1),('85c1835d88054d0ba458caae199c4856','2018-09-15 17:00:56','c10b822e0b2242f48d3cef8809e91a4a','https://ekeae-image.oss-cn-shenzhen.aliyuncs.com/2018/9/15/6db86c92be364c18a296f2b5e4d58398.png',NULL),('ed4de0fe62824ed5825e1876851f043f','2018-09-22 14:33:57','a23d2cc9a65446cd87ccec57397feee2','https://ekeae-image.oss-cn-shenzhen.aliyuncs.com/2018/9/17/cd4a492520b54a7785da2376d34139ac.png',2),('1706ad4a59dc406a9d68d6bb9ea451ed','2018-09-22 14:33:57','a23d2cc9a65446cd87ccec57397feee2','https://ekeae-image.oss-cn-shenzhen.aliyuncs.com/2018/9/17/da68fb6d123d421abd604914df801175.jpeg',1),('2a41f256adcd45f89304441b4f293661','2018-09-17 10:12:25','e12f866e02a945e7a10b76fd98c91907','https://ekeae-image.oss-cn-shenzhen.aliyuncs.com/2018/9/17/8e646eeed19445a9a57d4dfdfa05e2f3.jpeg',1),('6ddeead909434caab65ca60edf020c57','2018-09-17 10:12:25','e12f866e02a945e7a10b76fd98c91907','https://ekeae-image.oss-cn-shenzhen.aliyuncs.com/2018/9/17/ff2a92e2660644cabf458e917c2ad3f8.png',NULL),('0006fbd359ff42c198da66a422e5c2ff','2018-09-17 10:28:07','1d6667d062a94a27b449283058df1284','https://ekeae-image.oss-cn-shenzhen.aliyuncs.com/2018/9/17/945de9b28ea74df89ca7440d9958c296.png',1),('278de6fbab784567a6f820703b07ae1b','2018-09-17 10:28:07','1d6667d062a94a27b449283058df1284','https://ekeae-image.oss-cn-shenzhen.aliyuncs.com/2018/9/17/73727360212042cf8ae95c22d1677eb1.jpeg',NULL),('297c45b400ff4ace9113d250860a6d71','2018-09-17 10:48:43','f1b69417412241ecb6cf60ab62dfe279','https://ekeae-image.oss-cn-shenzhen.aliyuncs.com/2018/9/17/e25800f5d7174c8fa11c647b87c557f9.png',1),('b3c69162323349e2a01944a89103b6e2','2018-09-17 10:48:43','f1b69417412241ecb6cf60ab62dfe279','https://ekeae-image.oss-cn-shenzhen.aliyuncs.com/2018/9/17/a71b87f66d554ad98883c5f870316ca0.jpeg',NULL),('1281bd07ff274ad3a1acba6d4ed09a4f','2018-09-17 11:05:57','3a4f4bd1b4f74161b4d720e8c4ed851f','https://ekeae-image.oss-cn-shenzhen.aliyuncs.com/2018/9/17/c5bc3fe07b964cf5b822da162d085ef9.png',1),('8ce1feed7197406c81c300c2c96837e1','2018-09-17 11:05:57','3a4f4bd1b4f74161b4d720e8c4ed851f','https://ekeae-image.oss-cn-shenzhen.aliyuncs.com/2018/9/17/dec931b7dc464cfc978b6247a2642c9d.jpeg',NULL),('e79a38ab65eb49f2ba449dfcd98e01a2','2018-09-17 14:29:04','5448e24224c44767a88c866948acfa2a','https://ekeae-image.oss-cn-shenzhen.aliyuncs.com/2018/9/17/67d92e76318b401fa4d62176f276b923.png',1),('83bbfec08375423f8fddff20f048f1a9','2018-09-17 14:29:04','5448e24224c44767a88c866948acfa2a','https://ekeae-image.oss-cn-shenzhen.aliyuncs.com/2018/9/17/575efc4caa0c4bcf9769a1c3883c4327.jpeg',NULL),('3a630edac0cf4cc6ad48fcc195b0c44e','2018-09-17 14:30:52','e4123f3d6c154a8cbc7948161766784f','https://ekeae-image.oss-cn-shenzhen.aliyuncs.com/2018/9/17/bf828f2faf894bcfbe58b1ffe8c803d8.png',1),('1769f211ec614f69a1d511d0031f2c59','2018-09-17 14:30:52','e4123f3d6c154a8cbc7948161766784f','https://ekeae-image.oss-cn-shenzhen.aliyuncs.com/2018/9/17/f8ea3c7c9fbf4bb8991bcd407db511ea.jpeg',NULL),('6253e9bc57d048a2a45b662188c626c7','2018-09-17 16:11:47','ddb7cab42656494fa06f7c38e0df19ec','https://ekeae-image.oss-cn-shenzhen.aliyuncs.com/2018/9/17/1d5ac0f897b64b0e8907bfa78ccfe34a.jpeg',1),('0a0d8de90756419384809daddce6a82e','2018-09-17 16:43:22','42de9186ae2e4a07a3fe14bf77d6fe53','https://ekeae-image.oss-cn-shenzhen.aliyuncs.com/2018/9/17/b3bf63a3d6524eac8fd7207454788b2f.jpeg',1),('82608d51a0e2421b9081184eba4736b3','2018-09-17 21:06:32','cbca49f7c14a48e2b3af215eb8dc4aed','https://ekeae-image.oss-cn-shenzhen.aliyuncs.com/2018/9/17/4c6bb22e62644d1ca9fc59ae38ef4d7e.jpegminBoy=12',1),('77ab035528404178a48e55d72446113b','2018-09-18 09:39:19','32403ab174b443b3beebdaeff38ede25','https://ekeae-image.oss-cn-shenzhen.aliyuncs.com/2018/9/18/bc7bf7cccf9340f4bd05ec27640210bb.jpg',1),('fb1c6f97dcbd41ef9cae617a68e3f634','2018-09-18 10:21:45','d33d1df242c745d19b94ea6fc01ef93d','https://ekeae-image.oss-cn-shenzhen.aliyuncs.com/2018/9/18/c96da153a6324233a0842f8d1b4a6caf.jpeg',1),('967d5c56aec542589e60b6b3ac84c361','2018-09-18 11:08:50','b6d34e467f5f41788791becc61935658','https://ekeae-image.oss-cn-shenzhen.aliyuncs.com/2018/9/18/c51cbe9354684d2b92ecfdf2a56645c3.jpeg',1),('dabbcb0225ca49d99aa52f658a618b26','2018-09-18 11:08:50','b6d34e467f5f41788791becc61935658','https://ekeae-image.oss-cn-shenzhen.aliyuncs.com/2018/9/18/15af78a2fa294e21a57b41890a01c7b9.png',NULL),('9e2747bfeaff432d9ce74f09d458c112','2018-09-18 11:13:16','55d263001c8f45ffa11fb330af1d8e58','https://ekeae-image.oss-cn-shenzhen.aliyuncs.com/2018/9/18/4b63b1840a8e45b98d4ef713a393ae82.jpeg',1),('c762794402dc49f1ae8ebc35b993fef6','2018-09-18 11:13:16','55d263001c8f45ffa11fb330af1d8e58','https://ekeae-image.oss-cn-shenzhen.aliyuncs.com/2018/9/18/51872b4443064eeb847abc2106afbad4.png',NULL),('98e396479f1741d09b32ae0585fdde6e','2018-09-18 11:21:36','b0f1160907a44a34990d72f886da2999','https://ekeae-image.oss-cn-shenzhen.aliyuncs.com/2018/9/18/2f9d94a9ebf842bfb6fbbfa6b4c704bd.jpeg',1),('fd3eab7b30744bb0b58e481ca8f0beee','2018-09-18 11:21:36','b0f1160907a44a34990d72f886da2999','https://ekeae-image.oss-cn-shenzhen.aliyuncs.com/2018/9/18/7551e6eb3f6b4b7383cec28aa9dba480.png',NULL),('161ff9097200484d851c59a426fe7646','2018-09-18 11:23:29','d81e80ceb8e745c8ab2d0ae28c655a79','https://ekeae-image.oss-cn-shenzhen.aliyuncs.com/2018/9/18/2f77d586d94d49aea95c99a4dbcbaaab.jpeg',1),('9672e83ba45e466093a042e0d27b1056','2018-09-18 11:23:29','d81e80ceb8e745c8ab2d0ae28c655a79','https://ekeae-image.oss-cn-shenzhen.aliyuncs.com/2018/9/18/a50b12334c804b589b5f3494da1ee603.png',NULL),('581a294027ee4d948d7d2709d1b76648','2018-09-18 11:25:59','6d4384cf9f4447f7874a9f23648784b9','https://ekeae-image.oss-cn-shenzhen.aliyuncs.com/2018/9/18/28c330eb959b455f8aaac9100ed78da7.jpeg',1),('48707d492f74445bb3b9b94037f5423e','2018-09-18 11:51:31','ae0709fbacac45ffbcd75b33e2d02d37','https://ekeae-image.oss-cn-shenzhen.aliyuncs.com/2018/9/18/a426b70a5849471eb2c9aa7524cd6bcc.jpeg',1),('47a1807c20474c4c9d17330bb795c03c','2018-09-18 11:51:31','ae0709fbacac45ffbcd75b33e2d02d37','https://ekeae-image.oss-cn-shenzhen.aliyuncs.com/2018/9/18/f4b4e4d32b2a406a8cd7bb896b1324fa.png',NULL),('324d1f8b63c049dc944b8dbd9bec68c5','2018-09-18 14:41:56','ad900437b639428da119acb5de44ed35','https://ekeae-image.oss-cn-shenzhen.aliyuncs.com/2018/9/18/57d0c81b27094eaab78d8ab0b09a1e23.jpeg,https://ekeae-image.oss-cn-shenzhen.aliyuncs.com/2018/9/18/0908d007a0a64a8a94621604ce6ffdb8.jpeg,https://ekeae-image.oss-cn-shenzhen.aliyuncs.com/2018/9/18/c96da153a6324233a0842f8d1b4a6caf.jpeg',1),('ec15f76df0dd43e4988b31507e3c88c0','2018-09-18 15:03:32','3ea6a5b833e94c9e8024c0550825df45','https://ekeae-image.oss-cn-shenzhen.aliyuncs.com/2018/9/18/c96da153a6324233a0842f8d1b4a6caf.jpeg',NULL),('46861f680a1d48c4958cfab6360d3e64','2018-09-18 15:03:32','3ea6a5b833e94c9e8024c0550825df45','https://ekeae-image.oss-cn-shenzhen.aliyuncs.com/2018/9/18/5000ddb7ae8245e0b683312aa5049a1f.jpeg',1),('70c140ff574042a5b4fe22d1b1144fdb','2018-09-18 14:55:59','e765fd6c152d44f08bff409e9f495566','https://ekeae-image.oss-cn-shenzhen.aliyuncs.com/2018/9/18/7a063ab9792c44a49e5c11c41974247b.jpeg',1),('4089424e0a72445baa96a6213feae8d9','2018-09-18 14:55:59','e765fd6c152d44f08bff409e9f495566','https://ekeae-image.oss-cn-shenzhen.aliyuncs.com/2018/9/18/84c9514ac0e946fc8ce38518056e901f.png',NULL),('5794de63ee9a4afbb5a180e1221296ef','2018-09-18 14:57:48','2ddfbb8cf0304f3aa4e02d2ee0491ab0','https://ekeae-image.oss-cn-shenzhen.aliyuncs.com/2018/9/18/2ef7902fd56d4417a3fe88a0d7fff0a6.png',1),('aaa0fa120417436ab68c7fdcb89d29ba','2018-09-18 14:57:48','2ddfbb8cf0304f3aa4e02d2ee0491ab0','https://ekeae-image.oss-cn-shenzhen.aliyuncs.com/2018/9/18/7efdedae3bdf44c7b26bd4963e2601f1.jpeg',NULL),('b0f21d5873e14ac1ba32cf544ff4c2d9','2018-09-18 15:08:08','400c5771af8f4cfcb525a6124a6b70a2','https://ekeae-image.oss-cn-shenzhen.aliyuncs.com/2018/9/18/8f6eaa8b0dcc4346bae467535194b452.jpeg',1),('186a70fd39014aaf997f9116a7655ab7','2018-09-18 15:08:08','400c5771af8f4cfcb525a6124a6b70a2','https://ekeae-image.oss-cn-shenzhen.aliyuncs.com/2018/9/18/b542a2dcabda4fd5b28176c09d897864.png',NULL),('5b18c5d99fa9435f969ecbc7407b4cf7','2018-09-18 16:07:13','b5b44460815d49b78e790496316efe00','https://ekeae-image.oss-cn-shenzhen.aliyuncs.com/2018/9/18/30b189d8686c416dac93a7b4eb79b227.jpeg',1),('89d585778883408d9cd23771b580f769','2018-09-18 16:16:45','28662106fdd148a185eb64f8e9cf6849','https://ekeae-image.oss-cn-shenzhen.aliyuncs.com/2018/9/18/11bc7035221242c7b90f0195ab7b4f04.jpeg',1),('85ffa249be4f4ac79eb9cfa732238a3f','2018-09-18 17:27:05','dccf9f592b6d4ba89624bec869da07e5','https://ekeae-image.oss-cn-shenzhen.aliyuncs.com/2018/9/18/de721312504c4283a58615800c53b0a9.jpeg',1),('e105d6e354724e1d990bb1498f010698','2018-09-18 17:32:06','49a1845832184d53838ac8fca016ac3a','https://ekeae-image.oss-cn-shenzhen.aliyuncs.com/2018/9/18/5b68452f46e7473c9edf2293103a9b6b.jpg',1),('9e615853ba094af286f957e031c1c4c2','2018-09-18 19:27:48','b7056b5d04a147fb847ddc4f1122d8ae','',1),('bf14b14552394659b049e5a25b082540','2018-09-18 19:37:29','4974f53266eb43688eb5c7ce15db004d','https://ekeae-image.oss-cn-shenzhen.aliyuncs.com/2018/9/18/3ff7de9918244881abe4c8073315bd8d.jpg',1),('d649bd5fc07c4df8bc69137fc7387a69','2018-09-18 19:39:32','b7c549db50214ba1a378523b28901dbe','https://ekeae-image.oss-cn-shenzhen.aliyuncs.com/2018/9/18/3ff7de9918244881abe4c8073315bd8d.jpg',1),('48559a4b89fc49cf928a00e4345c8c70','2018-09-18 19:39:32','b7c549db50214ba1a378523b28901dbe','https://ekeae-image.oss-cn-shenzhen.aliyuncs.com/2018/9/18/6371e60b29fa49a19783e2fc2bdbc995.jpg',NULL),('5b82f82c49f042ff92f4e969aeb15928','2018-09-18 19:41:06','4f0f1a53b84c4e66bd7eca52efbf7321','https://ekeae-image.oss-cn-shenzhen.aliyuncs.com/2018/9/18/16cbdf1e7cd44fa18da63c4368af36ca.jpg',1),('c770e4fb390e4966b7d344019f073c49','2018-09-18 20:47:06','a8fb31b4f55b456184073bc40d450028','https://ekeae-image.oss-cn-shenzhen.aliyuncs.com/2018/9/18/cec17ad14a3b4a658fb55212c2d6ba7c.jpeg',1),('cedb0f934f69474cb572f0846d4c16fd','2018-09-18 21:00:34','f02fb6bf59e34e65ad0bb4755b089440','https://ekeae-image.oss-cn-shenzhen.aliyuncs.com/2018/9/18/7d80847e5b5b49e6b7060c3c504fbe58.jpg',1),('f77a8977e2e74c668d8ef49ecb7a64e6','2018-09-18 21:01:35','4c0059fd15bf47b298f7f0d16f93594d','https://ekeae-image.oss-cn-shenzhen.aliyuncs.com/2018/9/18/1baf38454580485fb5624cc10288e778.jpg',1),('57a86ddb96a24f929876be86933e5727','2018-09-19 09:57:16','2c9603f9bae6402f8490a7508b6375ba','https://ekeae-image.oss-cn-shenzhen.aliyuncs.com/2018/9/19/d9e9b65294ca46b28349e84acca72e3d.jpeg',1),('a870eb3ee3254344ac24cbe3009e1575','2018-09-19 10:16:15','540b81221de144d79983a9bd99efcf26','https://ekeae-image.oss-cn-shenzhen.aliyuncs.com/2018/9/19/6ba38c7c92c148eea6befefadaf785c0.jpg',1),('9488f66e550f4729a19164ed6c6d5047','2018-09-19 10:49:29','a97978f49f6745559dc908bd6cce15a9','https://ekeae-image.oss-cn-shenzhen.aliyuncs.com/2018/9/19/fe6dac351db24b4f8ba3ab311a0c971a.jpeg',1),('a5697e4a5cfd4f43a535aebae3472cf0','2018-09-19 10:51:09','8ead0b37f10d48fd9227fa91f5fbd7fa','https://ekeae-image.oss-cn-shenzhen.aliyuncs.com/2018/9/19/5c6ced6ce3e441369983daad30f154dd.jpeg',1),('4e1b0d6e36cf48e5ba94f162c3f0c49b','2018-09-25 15:26:11','f5b5bc1ea46843a0909a00b196f13d88','https://ekeae-image.oss-cn-shenzhen.aliyuncs.com/2018/9/19/69ff271e2c6f4bb8a00374d18e0e423f.jpeg',1),('fb155e5f201843089322225c6969199b','2018-09-19 11:06:47','04541844f0db4c8a9bddd29bf6670cca','https://ekeae-image.oss-cn-shenzhen.aliyuncs.com/2018/9/19/0723b1db828440038eb3878f86b4b097.jpeg',1),('36000144df8a422593a56089d31153e9','2018-09-19 11:48:20','3134b458e3fd4faaa7a72f1b46be240c','https://ekeae-image.oss-cn-shenzhen.aliyuncs.com/2018/9/19/0db036460a1a4d099653b826893d380d.jpg',1),('c7e299dfc758472599cb3518c1a53d0d','2018-09-19 11:51:05','2c32547979454695a4cae526abccae25','https://ekeae-image.oss-cn-shenzhen.aliyuncs.com/2018/9/19/0db036460a1a4d099653b826893d380d.jpg',1),('7fbb173e2b4c4e109145539689bb0c68','2018-09-19 11:51:05','2c32547979454695a4cae526abccae25','https://ekeae-image.oss-cn-shenzhen.aliyuncs.com/2018/9/19/011444ee7e814c1399e6bd39dbdcfcbb.jpg',NULL),('da37685ad9744e9da4636bb04c75a8a3','2018-09-19 11:57:32','35859857c5154c67998f56cfd92309bf','https://ekeae-image.oss-cn-shenzhen.aliyuncs.com/2018/9/19/8739215e029c483abb4bc6b64aaf4f2d.jpg',1),('24744e14fd934b8898b46310e4f3c183','2018-09-20 16:57:39','5a0c245222b5423cb59635c3574932d7','https://ekeae-image.oss-cn-shenzhen.aliyuncs.com/2018/9/19/09536576969641448a7b53ee57582587.jpeg',NULL),('ccefc289540a439faf331a99e6cac3c2','2018-09-20 16:57:39','5a0c245222b5423cb59635c3574932d7','https://ekeae-image.oss-cn-shenzhen.aliyuncs.com/2018/9/19/7d189a7c98564d25b49292f3ad875aa2.png',1),('226e6125cb3e4c07bf9b22f058aa972e','2018-09-19 16:56:44','459b2c69b8ed49088ae16118cea934fa','https://ekeae-image.oss-cn-shenzhen.aliyuncs.com/2018/9/19/7d189a7c98564d25b49292f3ad875aa2.png',1),('9febdf81dc00495e803c1845a37ee1c6','2018-09-19 16:56:44','459b2c69b8ed49088ae16118cea934fa','https://ekeae-image.oss-cn-shenzhen.aliyuncs.com/2018/9/19/09536576969641448a7b53ee57582587.jpeg',NULL),('2d489dc045f54537b74ff1e24c179426','2018-09-19 16:57:57','e6bb9b85433549f88271e8908711eee9','https://ekeae-image.oss-cn-shenzhen.aliyuncs.com/2018/9/19/7d189a7c98564d25b49292f3ad875aa2.png',1),('ef9a0934fc7543c3a8b623d7ad291e7e','2018-09-19 16:57:57','e6bb9b85433549f88271e8908711eee9','https://ekeae-image.oss-cn-shenzhen.aliyuncs.com/2018/9/19/09536576969641448a7b53ee57582587.jpeg',NULL),('1d0b3d0c988740298323f903bae6c7c8','2018-09-19 17:13:16','4ebeabec001e436c9df68487f2fb4ad0','https://ekeae-image.oss-cn-shenzhen.aliyuncs.com/2018/9/19/e94a448f56d5462a89069f75cf571769.jpg',NULL),('89b50486f80f4658bf4f98d373d99372','2018-09-19 17:13:16','4ebeabec001e436c9df68487f2fb4ad0','https://ekeae-image.oss-cn-shenzhen.aliyuncs.com/2018/9/19/a9d3e176855445e99e616ef78c2fe86c.jpg',NULL),('611c560a3ea346e0abd1aa1e15195262','2018-09-19 17:13:16','4ebeabec001e436c9df68487f2fb4ad0','https://ekeae-image.oss-cn-shenzhen.aliyuncs.com/2018/9/19/e1b286044ed440178ee63275801856ff.jpg',NULL),('0e0d9c32170f43138ff9cb647ed83c55','2018-09-19 17:13:16','4ebeabec001e436c9df68487f2fb4ad0','https://ekeae-image.oss-cn-shenzhen.aliyuncs.com/2018/9/19/1a06430c486b4ad6a4cf0dcc7708aca2.jpg',NULL),('b3bbf342e75d42e1a446974ae0d04aa7','2018-09-19 17:13:16','4ebeabec001e436c9df68487f2fb4ad0','https://ekeae-image.oss-cn-shenzhen.aliyuncs.com/2018/9/19/ca2d882cd98643d698ed3166f212293d.jpg',NULL),('f569c404b7274d92a55d94dc375b9093','2018-09-19 17:13:16','4ebeabec001e436c9df68487f2fb4ad0','https://ekeae-image.oss-cn-shenzhen.aliyuncs.com/2018/9/19/163aa66a83ce46619cdba48e11edec5c.jpg',NULL),('ef238a3a1be8446886d2aec5d1c14719','2018-09-19 17:13:16','4ebeabec001e436c9df68487f2fb4ad0','https://ekeae-image.oss-cn-shenzhen.aliyuncs.com/2018/9/19/38e0a1d5857b45828d9d5dab3c92a3c4.jpg',1),('6effc036009e436288bf383bddc01816','2018-09-19 17:13:16','4ebeabec001e436c9df68487f2fb4ad0','https://ekeae-image.oss-cn-shenzhen.aliyuncs.com/2018/9/19/8d3c552894e94c16b9692513672ca8e4.jpg',NULL),('d8b618a9d0a043d59a379a21a4460e79','2018-09-19 17:13:16','4ebeabec001e436c9df68487f2fb4ad0','https://ekeae-image.oss-cn-shenzhen.aliyuncs.com/2018/9/19/52b0a9428d8249039e7b5e65df10f4c5.jpg',NULL),('2fd76f1bcc354c0991a8114fa1edca7b','2018-09-20 14:35:05','08e197a4fc074ba3b2ca3fc1e809e4a2','https://ekeae-image.oss-cn-shenzhen.aliyuncs.com/2018/9/19/e94a448f56d5462a89069f75cf571769.jpg',NULL),('f5403a2bbded416d86de35f7e7ceb685','2018-09-20 15:52:29','64039225065d4d999f56d4568535af4f','https://ekeae-image.oss-cn-shenzhen.aliyuncs.com/2018/9/19/de497d96e3904a6bb4a79c2268862c2c.jpeg',1),('852bf92d9771474f925c50357455234d','2018-09-19 20:24:53','188ee56d47f24fa6a851ee491f528e3a','https://ekeae-image.oss-cn-shenzhen.aliyuncs.com/2018/9/19/2acef3de97554e35a2f8456c1de1da2f.jpeg',1),('a6785f72e7d44a8c82ae30c307888938','2018-09-19 20:28:59','797a026f1804489c8e5b110c1071f889','https://ekeae-image.oss-cn-shenzhen.aliyuncs.com/2018/9/19/44ecad42c26a4e6eaa46dcef6f071fcd.jpeg',1),('27e707a1a45d498db27de98ebad27d75','2018-09-19 20:35:05','6d60a0775ed848fab0da111ed3458c4a','https://ekeae-image.oss-cn-shenzhen.aliyuncs.com/2018/9/19/82d8dd07616a4a8ea85087cff806d081.jpeg',1),('935188d1b5764c53928e4f909cf970f1','2018-09-19 20:37:33','8cd6c60ecd684ab9b244b05770546c3c','https://ekeae-image.oss-cn-shenzhen.aliyuncs.com/2018/9/19/bcf4261f9196409a931b7ed3f39a4599.png',1),('f712a091b71347228fd989ad155c4d2d','2018-09-20 14:35:05','08e197a4fc074ba3b2ca3fc1e809e4a2','https://ekeae-image.oss-cn-shenzhen.aliyuncs.com/2018/9/19/a9d3e176855445e99e616ef78c2fe86c.jpg',NULL),('16a95b3c494d4d97ae6f81e907729dfc','2018-09-20 14:35:05','08e197a4fc074ba3b2ca3fc1e809e4a2','https://ekeae-image.oss-cn-shenzhen.aliyuncs.com/2018/9/19/e1b286044ed440178ee63275801856ff.jpg',NULL),('7fb11e03d02a4fc99ce5bfba91e192a8','2018-09-20 14:35:05','08e197a4fc074ba3b2ca3fc1e809e4a2','https://ekeae-image.oss-cn-shenzhen.aliyuncs.com/2018/9/19/1a06430c486b4ad6a4cf0dcc7708aca2.jpg',NULL),('d53839b40e324e188bcc89a383b9d88c','2018-09-20 14:35:05','08e197a4fc074ba3b2ca3fc1e809e4a2','https://ekeae-image.oss-cn-shenzhen.aliyuncs.com/2018/9/19/ca2d882cd98643d698ed3166f212293d.jpg',NULL),('0b1bc080d7d042b1b9333c72704c8fdb','2018-09-20 14:35:05','08e197a4fc074ba3b2ca3fc1e809e4a2','https://ekeae-image.oss-cn-shenzhen.aliyuncs.com/2018/9/19/8d3c552894e94c16b9692513672ca8e4.jpg',NULL),('b333d731f4654935b0aca2d7bba5ac0f','2018-09-20 14:35:05','08e197a4fc074ba3b2ca3fc1e809e4a2','https://ekeae-image.oss-cn-shenzhen.aliyuncs.com/2018/9/19/163aa66a83ce46619cdba48e11edec5c.jpg',NULL),('c29724c03930477c947c231123095824','2018-09-20 14:35:05','08e197a4fc074ba3b2ca3fc1e809e4a2','https://ekeae-image.oss-cn-shenzhen.aliyuncs.com/2018/9/19/52b0a9428d8249039e7b5e65df10f4c5.jpg',NULL),('945de98894da44759ac3a6baa978ebde','2018-09-20 14:35:05','08e197a4fc074ba3b2ca3fc1e809e4a2','https://ekeae-image.oss-cn-shenzhen.aliyuncs.com/2018/9/19/38e0a1d5857b45828d9d5dab3c92a3c4.jpg',1),('277c56bc612142c2a12a470b6cc19076','2018-09-20 11:24:39','273b7a9ca6604e3d9e7929ea53d58010','https://ekeae-image.oss-cn-shenzhen.aliyuncs.com/2018/9/20/d30a50e2b90d43f28255b21ed1fee0d2.jpeg',1),('b2505b53f7914fbf895f98ca955c0157','2018-09-20 14:51:39','1fb195f805444a249092bc895fe2b210','https://ekeae-image.oss-cn-shenzhen.aliyuncs.com/2018/9/20/d4395844f0bf40e6aaab76387df07d92.jpeg',1),('8813faecf403401eb2d03c20ef8ce286','2018-09-20 11:54:46','6afcff69bc9548339781c6d795b6279f','https://ekeae-image.oss-cn-shenzhen.aliyuncs.com/2018/9/20/eaa69dcbb9dd4fb3874c692fdb06fc77.jpeg',1),('1a7ff795b22048f0be97675fc6308965','2018-09-20 11:54:46','6afcff69bc9548339781c6d795b6279f','https://ekeae-image.oss-cn-shenzhen.aliyuncs.com/2018/9/20/bf6daa6cddc740c5bb680af7534328dd.jpeg',2),('e9bb75a7ae7f4205a243e08b65ac827a','2018-09-20 11:58:49','06da7f6fe2334ff8a884f73c5379f737','https://ekeae-image.oss-cn-shenzhen.aliyuncs.com/2018/9/20/eaa69dcbb9dd4fb3874c692fdb06fc77.jpeg',1),('7d9323c7b64f406f837568e172eda053','2018-09-20 11:58:49','06da7f6fe2334ff8a884f73c5379f737','https://ekeae-image.oss-cn-shenzhen.aliyuncs.com/2018/9/20/bf6daa6cddc740c5bb680af7534328dd.jpeg',2),('374932fcd6644d28b6b8835aea3ddc6e','2018-09-20 12:01:47','cd7398ca6a984a9a872759c8ea000758','https://ekeae-image.oss-cn-shenzhen.aliyuncs.com/2018/9/20/5ac6ca10a15d4a0fb32995aaf48e3fab.jpg',1),('24b43791750d4465ad5c3cfdccd62f9f','2018-09-20 12:01:47','cd7398ca6a984a9a872759c8ea000758','https://ekeae-image.oss-cn-shenzhen.aliyuncs.com/2018/9/20/aaa2d2501a7143daa9a4f3ad2f0350fc.jpg',2),('06f2ac35769144cea03d5a43c1fac4e2','2018-09-20 12:01:47','cd7398ca6a984a9a872759c8ea000758','https://ekeae-image.oss-cn-shenzhen.aliyuncs.com/2018/9/20/6e30a332c93944d1918fece26895d390.jpg',3),('dd0e313485434d32a92d41c00885f366','2018-09-20 12:01:47','cd7398ca6a984a9a872759c8ea000758','https://ekeae-image.oss-cn-shenzhen.aliyuncs.com/2018/9/20/49d1aa1bf12c4600b4f98ef49b57a8d0.jpg',4),('604dec4e47dd42399b31cb03651f381b','2018-09-20 12:01:47','cd7398ca6a984a9a872759c8ea000758','https://ekeae-image.oss-cn-shenzhen.aliyuncs.com/2018/9/20/94261378d115458c90327cb7f7d9c551.jpg',5),('7dbde8fb30aa4865a6355f3db557ea75','2018-09-20 12:01:47','cd7398ca6a984a9a872759c8ea000758','https://ekeae-image.oss-cn-shenzhen.aliyuncs.com/2018/9/20/5429b4051b02486a95dc3d3bdd8de84b.jpg',6),('362dac5dfa594e869955b7300b4606bd','2018-09-20 12:01:47','cd7398ca6a984a9a872759c8ea000758','https://ekeae-image.oss-cn-shenzhen.aliyuncs.com/2018/9/20/09f8c5e6de9e451197a88b07f54253aa.jpg',7),('e5c2b6a440ca4e9ca52eecad8547763a','2018-09-20 12:01:47','cd7398ca6a984a9a872759c8ea000758','https://ekeae-image.oss-cn-shenzhen.aliyuncs.com/2018/9/20/507002c0210b4a89b68abe3343f08900.jpg',8),('9c16036519d24931b06d737ae2b762d6','2018-09-20 12:01:47','cd7398ca6a984a9a872759c8ea000758','https://ekeae-image.oss-cn-shenzhen.aliyuncs.com/2018/9/20/78757e06386a481594cc6c58e29ccbf9.jpg',9),('5734573ed9ce43f39199b42c4b96c220','2018-09-20 15:44:13','e7ca28d5a768443fa8d551d6687aaebb','https://ekeae-image.oss-cn-shenzhen.aliyuncs.com/2018/9/20/332b76fcf183403ba5384c809cda59b5.jpeg',1),('60f01723c97b4a3c8651d477bd154835','2018-09-20 15:21:21','c9f0c49f846a453480eab6e886761ec1','https://ekeae-image.oss-cn-shenzhen.aliyuncs.com/2018/9/20/562735038d2243dfa828872588447bd4.png',NULL),('e663a4d32d8a4e64835eb62424718997','2018-09-20 15:21:21','c9f0c49f846a453480eab6e886761ec1','https://ekeae-image.oss-cn-shenzhen.aliyuncs.com/2018/9/20/a9c2797afafb4e448b6c056d2a01e430.png',NULL),('4ca1c19c52c645a88b6bac9286baea75','2018-09-20 15:21:21','c9f0c49f846a453480eab6e886761ec1','https://ekeae-image.oss-cn-shenzhen.aliyuncs.com/2018/9/20/7931420aa3bd4c1d8a7336f2fbd0f4dd.png',NULL),('f891d59fbd624639a6543f4585969c5f','2018-09-20 15:21:21','c9f0c49f846a453480eab6e886761ec1','https://ekeae-image.oss-cn-shenzhen.aliyuncs.com/2018/9/20/8dc23b0666f448369a6626037567a508.png',NULL),('4e0a408896e6417bb7f0e74c42edb758','2018-09-20 15:21:21','c9f0c49f846a453480eab6e886761ec1','https://ekeae-image.oss-cn-shenzhen.aliyuncs.com/2018/9/20/821a73dc5e2a48f38a8782cb8e8e0e9f.jpeg',1),('b4c0b880f404450791f7ade918666494','2018-09-20 20:56:48','6a5a44d9ff7c4e7d98cea01370a1fce2','https://ekeae-image.oss-cn-shenzhen.aliyuncs.com/2018/9/20/30d0b5f0f4384434b5455db191774d4e.jpeg',1),('56791230b8354eee821b09f02cecd3b4','2018-09-20 20:57:26','e8009d009e554af4b310edc90065bab2','https://ekeae-image.oss-cn-shenzhen.aliyuncs.com/2018/9/20/30d0b5f0f4384434b5455db191774d4e.jpeg',1),('34272ab83b5c42e1b146bee6b49a6082','2018-09-21 10:40:05','3157859e9a754132aa1e26e83cdf56c3','https://ekeae-image.oss-cn-shenzhen.aliyuncs.com/2018/9/21/76ea9e436e73420ba85f424829da0246.jpg',NULL),('4318470b67044f1e887ae8b1aaf9df3c','2018-09-21 10:40:05','3157859e9a754132aa1e26e83cdf56c3','https://ekeae-image.oss-cn-shenzhen.aliyuncs.com/2018/9/21/88f457b820df4b0380c4119f2a9bccbf.jpg',NULL),('aaa0ba2f3582487486019c23317441b0','2018-09-21 10:40:05','3157859e9a754132aa1e26e83cdf56c3','https://ekeae-image.oss-cn-shenzhen.aliyuncs.com/2018/9/21/a39e44d1b71b4fb98f3ca6fd7aa595bd.jpg',NULL),('6fcddb4e21e64bd2bf955176307991fd','2018-09-21 10:40:05','3157859e9a754132aa1e26e83cdf56c3','https://ekeae-image.oss-cn-shenzhen.aliyuncs.com/2018/9/21/9a8d018ee9164f7a9bc5d7eed7b5526a.jpg',NULL),('64cf6d4d70534a8d85ddf79e9c10b426','2018-09-21 10:40:05','3157859e9a754132aa1e26e83cdf56c3','https://ekeae-image.oss-cn-shenzhen.aliyuncs.com/2018/9/21/5c09505cd8e5427dbf6a4563f987167f.jpg',NULL),('3c4930246646474aa973adcb784d9888','2018-09-21 10:40:05','3157859e9a754132aa1e26e83cdf56c3','https://ekeae-image.oss-cn-shenzhen.aliyuncs.com/2018/9/21/bfa33d3a342a487095e8b9e2ef4c91bc.jpg',NULL),('2a5383ec78474e08a5e8f87afcd9084f','2018-09-21 10:40:05','3157859e9a754132aa1e26e83cdf56c3','https://ekeae-image.oss-cn-shenzhen.aliyuncs.com/2018/9/21/7ada3fb74e404ab08b8c0f6ffdf9a0b2.jpg',NULL),('23ec952c94f946a5877b55041b9a1755','2018-09-21 10:40:05','3157859e9a754132aa1e26e83cdf56c3','https://ekeae-image.oss-cn-shenzhen.aliyuncs.com/2018/9/21/06a51b2717654ad18a0abcd12e46e45d.jpg',NULL),('f2587231b9334e948f5533c19e392598','2018-09-21 10:40:05','3157859e9a754132aa1e26e83cdf56c3','https://ekeae-image.oss-cn-shenzhen.aliyuncs.com/2018/9/21/5b9767907eb6455babfce34ff41087d4.jpg',1),('efcbb5e31fe94181ada35a91cc7060d1','2018-09-21 11:03:34','665ff31eefcd43e19c5df0ccec2d9204','https://ekeae-image.oss-cn-shenzhen.aliyuncs.com/2018/9/21/542c1e3dec63404eb56aa7124240d899.jpg',NULL),('daa93ea319ce419d8fe5b43fe5e84684','2018-09-21 11:03:34','665ff31eefcd43e19c5df0ccec2d9204','https://ekeae-image.oss-cn-shenzhen.aliyuncs.com/2018/9/21/bda5ed9dafed42279ed057e4ac28c28e.jpg',NULL),('9294f1f21d3e4186b4d09a6be287e23c','2018-09-21 11:03:34','665ff31eefcd43e19c5df0ccec2d9204','https://ekeae-image.oss-cn-shenzhen.aliyuncs.com/2018/9/21/a92e17fa620a4064a05ae469af68463b.jpg',NULL),('357633b1211c435ebcc07b51932d5366','2018-09-21 11:03:34','665ff31eefcd43e19c5df0ccec2d9204','https://ekeae-image.oss-cn-shenzhen.aliyuncs.com/2018/9/21/f9d12bdad52e40508c244bb96a1e0bb4.jpg',NULL),('8b4da0c83f304f8c94bc5800b6e22c86','2018-09-21 11:03:34','665ff31eefcd43e19c5df0ccec2d9204','https://ekeae-image.oss-cn-shenzhen.aliyuncs.com/2018/9/21/023f94127a50440ab0fda5eac980d31f.jpg',NULL),('069aa8e5d9c546999802646eaac634a7','2018-09-21 11:03:34','665ff31eefcd43e19c5df0ccec2d9204','https://ekeae-image.oss-cn-shenzhen.aliyuncs.com/2018/9/21/65cc43d7cda149f18dff97be5682b0a1.jpg',1),('4c117145db0a42c7ae89eb601296e31c','2018-09-21 11:03:34','665ff31eefcd43e19c5df0ccec2d9204','https://ekeae-image.oss-cn-shenzhen.aliyuncs.com/2018/9/21/f2af66ae37594de5aeb62c37f610ed09.jpg',NULL),('6e175af4379743eca0616369ff1e9927','2018-09-21 11:03:34','665ff31eefcd43e19c5df0ccec2d9204','https://ekeae-image.oss-cn-shenzhen.aliyuncs.com/2018/9/21/6e534abaf31947269f7f5c8d1810a58e.jpeg',NULL),('2c30978105174aa38f41be3cfdb384f1','2018-09-21 11:03:34','665ff31eefcd43e19c5df0ccec2d9204','https://ekeae-image.oss-cn-shenzhen.aliyuncs.com/2018/9/21/8fbe52fde21e44c9a67fae1fda84a308.jpeg',NULL),('483742b31ac54d45b573528e17b395df','2018-09-21 14:12:07','41bf40d1632a4f11a376d9fb818efd44','https://ekeae-image.oss-cn-shenzhen.aliyuncs.com/ball/2018/9/21/0a9a15c239234dc3a1d3f1f81d58a3d6.jpeg',9),('fba24b0b7d4c4606b92a9e7144eaec24','2018-09-21 14:12:07','41bf40d1632a4f11a376d9fb818efd44','https://ekeae-image.oss-cn-shenzhen.aliyuncs.com/2018/9/21/aee2cf0f7b6c4045b8812a074ea950a1.jpg',8),('9c4191ab476342b69607be6a75958c2c','2018-09-21 14:12:07','41bf40d1632a4f11a376d9fb818efd44','https://ekeae-image.oss-cn-shenzhen.aliyuncs.com/2018/9/21/73d1e8f655044b6b8f91a56d151ce501.jpg',7),('440e3cc340e542a2932ab6d05683351b','2018-09-21 14:12:07','41bf40d1632a4f11a376d9fb818efd44','https://ekeae-image.oss-cn-shenzhen.aliyuncs.com/2018/9/21/425bb9954d254cc9a3ea112de43ed71a.jpg',6),('1e04400e6e1847cdb1f50049c06d4e4f','2018-09-21 14:12:07','41bf40d1632a4f11a376d9fb818efd44','https://ekeae-image.oss-cn-shenzhen.aliyuncs.com/2018/9/21/f99175e5a03f48e89c5184d0ab94263e.jpg',5),('2b7380c96656459ab07d892be357853a','2018-09-21 14:12:07','41bf40d1632a4f11a376d9fb818efd44','https://ekeae-image.oss-cn-shenzhen.aliyuncs.com/2018/9/21/247378a594bb4539a4864c1abaf4fd56.jpg',4),('67aadb47613e4dbe98e67d017072f50d','2018-09-21 14:12:07','41bf40d1632a4f11a376d9fb818efd44','https://ekeae-image.oss-cn-shenzhen.aliyuncs.com/2018/9/21/232be57baf334608b86d995832524055.jpg',3),('97d68bdbac6c4978b59ecab4213c0527','2018-09-21 14:12:07','41bf40d1632a4f11a376d9fb818efd44','https://ekeae-image.oss-cn-shenzhen.aliyuncs.com/2018/9/21/0819dc5ec6fb421283c5e1b9ec39e72d.jpg',2),('2ae9cb0e206449719b801d3d21719f69','2018-09-21 14:12:07','41bf40d1632a4f11a376d9fb818efd44','https://ekeae-image.oss-cn-shenzhen.aliyuncs.com/2018/9/21/f1ddab7162d34016b657d19975b30915.jpg',1),('41d75aa94d174db3bf6c3e0e6bee92c3','2018-09-21 16:40:21','b88a64300ddd42e3818ed0aa5b6d3824','https://ekeae-image.oss-cn-shenzhen.aliyuncs.com/ball/2018/9/21/db129c62c68a4b7da55f32e83e6503fc.jpeg',1),('401241181035480c8e750425a5d18f83','2018-09-21 14:05:30','5f292dad64ef4f7bb26f6dee0e947eb9','https://ekeae-image.oss-cn-shenzhen.aliyuncs.com/ball/2018/9/21/4a92f072a8464706ad0c239c98671eee.jpeg',1),('b296443b598643c089c5480256f0a01b','2018-09-21 14:05:30','5f292dad64ef4f7bb26f6dee0e947eb9','https://ekeae-image.oss-cn-shenzhen.aliyuncs.com/2018/9/21/8d269ea4065c45f78facbd6af6dd9690.jpeg',2),('1c2daa4f9c3a472d932730242f1f6bcb','2018-09-21 17:14:45','3399bfddfde04e85a90bea8709cb0f1f','https://ekeae-image.oss-cn-shenzhen.aliyuncs.com/ball/2018/9/21/e613b65654864103a950f04f76a6a4f7.jpeg',1),('e1bfa68e23634d99a7c7bcee78771825','2018-09-21 22:13:40','3883c582f8fb436f949248b3fd5d40fa','https://ekeae-image.oss-cn-shenzhen.aliyuncs.com/ball/2018/9/21/c9b95e77539248a5a8eada14b0c465d2.jpg',1),('8cafccf8d3e0480b87368e3084fc336b','2018-09-21 17:50:27','234c6d7c81054e879ef48e47b66e5253','https://ekeae-image.oss-cn-shenzhen.aliyuncs.com/ball/2018/9/21/f836b16c0a4940be8c1cafd96a1a80c6.jpeg',1),('6017806162c246888d2808c6ca7e5b3b','2018-09-21 19:42:01','233358d1a8d5461f9d27382876592100','https://ekeae-image.oss-cn-shenzhen.aliyuncs.com/ball/2018/9/21/89d629d5f34d4a058ffdab7a8a740d7b.jpeg',2),('225a3937bfb74eedbf8f34403f15bb7a','2018-09-21 19:42:01','233358d1a8d5461f9d27382876592100','https://ekeae-image.oss-cn-shenzhen.aliyuncs.com/ball/2018/9/21/edcc8e8090004b86aacb89e665b1bf73.jpeg',1),('2b3b1c05720947fdba09c6fa5d09205d','2018-09-21 19:38:04','dd126202b68a41a88761c1c45d9a7aed','https://ekeae-image.oss-cn-shenzhen.aliyuncs.com/ball/2018/9/21/f836b16c0a4940be8c1cafd96a1a80c6.jpeg',1),('eb7cf6ca2a6a4f0ea26bc88039e5894d','2018-09-21 22:13:40','3883c582f8fb436f949248b3fd5d40fa','https://ekeae-image.oss-cn-shenzhen.aliyuncs.com/ball/2018/9/21/1737b44e48114b37859f9e8c7bda0e54.jpg',2),('a3ce77351bc14c08b2b281f546ff0fcf','2018-09-21 22:13:40','3883c582f8fb436f949248b3fd5d40fa','https://ekeae-image.oss-cn-shenzhen.aliyuncs.com/ball/2018/9/21/a5c54b4501f54cacaa10d41123674edb.jpg',3),('14bb79e67dda439e8de42c337e0608f1','2018-09-21 22:13:40','3883c582f8fb436f949248b3fd5d40fa','https://ekeae-image.oss-cn-shenzhen.aliyuncs.com/ball/2018/9/21/12fe66eaa7624562b4ac8c8b0c0f351a.jpg',4),('bd9d4bbc937841dba41c1be5b9370f8c','2018-09-21 22:13:40','3883c582f8fb436f949248b3fd5d40fa','https://ekeae-image.oss-cn-shenzhen.aliyuncs.com/ball/2018/9/21/c882dda7d5f64821bf9c7245468b7818.jpg',5),('90ffdc3700fe460fba5d76ac737550da','2018-09-21 22:13:40','3883c582f8fb436f949248b3fd5d40fa','https://ekeae-image.oss-cn-shenzhen.aliyuncs.com/ball/2018/9/21/2befb0e26d7f429d8d55bcca31fc3820.jpg',6),('996af888ab0e4f4b94a2ad57da80d11e','2018-09-21 22:13:40','3883c582f8fb436f949248b3fd5d40fa','https://ekeae-image.oss-cn-shenzhen.aliyuncs.com/ball/2018/9/21/94583e49b53e41aa94f07120270a8feb.jpg',7),('5b910c51ddeb4a8ebc5bc0dc9bab2005','2018-09-21 22:13:40','3883c582f8fb436f949248b3fd5d40fa','https://ekeae-image.oss-cn-shenzhen.aliyuncs.com/ball/2018/9/21/a6a50e44abf74900be688d6218ed3f05.jpg',8),('ab081f0157974f028fa6b94626e5f0be','2018-09-21 22:13:40','3883c582f8fb436f949248b3fd5d40fa','https://ekeae-image.oss-cn-shenzhen.aliyuncs.com/ball/2018/9/21/45717921cedf44d5a30b258d2c794ab6.jpg',9),('02672f6fb6214de7bf7bb71d967db31c','2018-09-21 22:25:28','ad1ed0ac98764590aa820403aa86d401','https://ekeae-image.oss-cn-shenzhen.aliyuncs.com/ball/2018/9/21/d6a34b57a355459c981409c8f5d2ffe6.jpg',9),('3de9d69804544da5a21d8a46b2d497e7','2018-09-21 22:25:28','ad1ed0ac98764590aa820403aa86d401','https://ekeae-image.oss-cn-shenzhen.aliyuncs.com/ball/2018/9/21/a9a68007ac944edfb993fbd5b7293a2b.jpg',8),('29ea09356662443cbfdf87f263d781f2','2018-09-21 22:25:28','ad1ed0ac98764590aa820403aa86d401','https://ekeae-image.oss-cn-shenzhen.aliyuncs.com/ball/2018/9/21/a9a6eceafac54a98b10b769cf803dbcf.jpg',7),('6ac4fc45065747c9b7f11910ba76c60b','2018-09-21 22:25:28','ad1ed0ac98764590aa820403aa86d401','https://ekeae-image.oss-cn-shenzhen.aliyuncs.com/ball/2018/9/21/2fe59ba421534d56ab1674fa6f4cb25f.jpg',6),('63b3c5fe1ee24e26b1edf7992fc36ddb','2018-09-21 22:25:28','ad1ed0ac98764590aa820403aa86d401','https://ekeae-image.oss-cn-shenzhen.aliyuncs.com/ball/2018/9/21/11398baf0c1a42268cd8b267c7d1d925.jpg',5),('9069c35b52964fc79b09a325b030efe6','2018-09-21 22:25:28','ad1ed0ac98764590aa820403aa86d401','https://ekeae-image.oss-cn-shenzhen.aliyuncs.com/ball/2018/9/21/b0e9f51a9f084737a5254fc3a486bf1c.jpg',4),('d565a30ca8d24ff691df33fbc34b34c0','2018-09-21 22:25:28','ad1ed0ac98764590aa820403aa86d401','https://ekeae-image.oss-cn-shenzhen.aliyuncs.com/ball/2018/9/21/b57cc370ec2a47d19d956806560e38b2.jpg',3),('189d9afb9bf54f10a0418622d08d0181','2018-09-21 22:25:28','ad1ed0ac98764590aa820403aa86d401','https://ekeae-image.oss-cn-shenzhen.aliyuncs.com/ball/2018/9/21/1853b2c43e924a68a51b64bc21d3e5b5.jpg',2),('f2ae6ada04b144ba82adc4866baaefe5','2018-09-21 22:25:28','ad1ed0ac98764590aa820403aa86d401','https://ekeae-image.oss-cn-shenzhen.aliyuncs.com/ball/2018/9/21/894c0210a0dd44eea35cf69b55290c73.jpg',1),('67326b93a5e44ad8b19982b4d6471b08','2018-09-21 23:35:14','5f70ac1c2caf4187b9bbbd89dc695c50','https://ekeae-image.oss-cn-shenzhen.aliyuncs.com/ball/2018/9/21/6b3c1d3e25164a0aa3e2a175a1118038.jpg',1),('d6cfc94fe6694d45993143e68d223161','2018-09-21 23:39:07','7ea2754c62044e8ea48a244f13392288','https://ekeae-image.oss-cn-shenzhen.aliyuncs.com/ball/2018/9/21/0082358e85194d5a8badb2b42e23b43a.jpg',1),('8fc6dd813f1a43aa9a919e0c75d25452','2018-09-22 09:28:43','e3868937b9b149c2b80e2ced305aa4f6','https://ekeae-image.oss-cn-shenzhen.aliyuncs.com/ball/2018/9/21/c0098f172e184c1c8c7517626df3aa65.jpeg',1),('6d32d37c308b419e842acd8a8883375a','2018-09-21 23:59:48','743285029a2b4eb680e541ed5139a796','https://ekeae-image.oss-cn-shenzhen.aliyuncs.com/ball/2018/9/21/5614c8d8ba8b4c96890a3d82e8787cff.jpg',1),('6d695d0b6e9140509e5914a2f8d140c4','2018-09-22 09:46:05','d5994916eeb448c7ac3c1e355b47270e','https://ekeae-image.oss-cn-shenzhen.aliyuncs.com/ball/2018/9/22/bc33aa24aa57435090dcbebf717a5da0.jpeg',1),('ef4c8d189fb740908e832b714a92c202','2018-09-22 10:18:34','cb0ae82e0c254dbeaa5df2867fa5a901','https://ekeae-image.oss-cn-shenzhen.aliyuncs.com/ball/2018/9/22/b5c96bc179cd4124ba69b99dfe770f2a.jpeg',1),('6d5e05ced9c04554bd07e2a6f1688358','2018-09-25 14:39:34','b1e77df979b440f89245e34c08c18fe9','https://ekeae-image.oss-cn-shenzhen.aliyuncs.com/ball/2018/9/22/09335fe498dc42fa8327e79e2a0571a4.jpeg',1),('7755e48c329e48958225271052a1d3b6','2018-09-22 12:33:56','73fa3e9330db4d52a4da3b8e7e142563','https://ekeae-image.oss-cn-shenzhen.aliyuncs.com/ball/2018/9/22/5f9a1a27e2d7452aa881485a5746ed0e.jpeg',2),('578b9bf8b19142c8be2d44d38b198989','2018-09-22 11:34:08','c16634601bed42f49d45ec4d5b547616','https://ekeae-image.oss-cn-shenzhen.aliyuncs.com/ball/2018/9/22/479f903762c9452cb5f83f58f509140d.jpg',9),('0dca83fd965441ecb7d0e08b8e3331a2','2018-09-22 11:34:08','c16634601bed42f49d45ec4d5b547616','https://ekeae-image.oss-cn-shenzhen.aliyuncs.com/ball/2018/9/22/99833de523a644adbc8ee0c45672aa29.jpg',8),('e8ade169965e463b93d8c41fd5e536a6','2018-09-22 11:34:08','c16634601bed42f49d45ec4d5b547616','https://ekeae-image.oss-cn-shenzhen.aliyuncs.com/ball/2018/9/22/39fc9892bfed438b8749d4a5635416a8.jpg',7),('86b44c86f5f24332b8d00fb5fd6dcc8f','2018-09-22 11:34:08','c16634601bed42f49d45ec4d5b547616','https://ekeae-image.oss-cn-shenzhen.aliyuncs.com/ball/2018/9/22/d881c59843564374995ab93ba248583f.jpg',6),('1a98cbe381134ec6aa56fd82b71d70fb','2018-09-22 11:34:08','c16634601bed42f49d45ec4d5b547616','https://ekeae-image.oss-cn-shenzhen.aliyuncs.com/ball/2018/9/22/df750871405048bc93e062562c31797a.jpg',5),('ce04b067999947a9b049da0e203ee921','2018-09-22 11:34:08','c16634601bed42f49d45ec4d5b547616','https://ekeae-image.oss-cn-shenzhen.aliyuncs.com/ball/2018/9/22/084342cbebe044139d2192b8a8752c7d.jpg',4),('56ce7fecf5b34a2291d69a238ba7da44','2018-09-22 11:34:08','c16634601bed42f49d45ec4d5b547616','https://ekeae-image.oss-cn-shenzhen.aliyuncs.com/ball/2018/9/22/d92be55d3be547c9be2801b45ee782bf.jpg',3),('29a0c234014440f3bb186faf6bbff09a','2018-09-22 11:34:08','c16634601bed42f49d45ec4d5b547616','https://ekeae-image.oss-cn-shenzhen.aliyuncs.com/ball/2018/9/22/406466cba1ec4c63824e4dcf0af3bbea.jpg',2),('7f3707c64a5441f787a3e60895f0165b','2018-09-22 11:34:08','c16634601bed42f49d45ec4d5b547616','https://ekeae-image.oss-cn-shenzhen.aliyuncs.com/ball/2018/9/22/4e264069a6b84026a0eeed1accd16fcc.jpg',1),('548ef10fc44948c0b77f8636ca8fae42','2018-09-22 11:34:56','990288059d834a5099d0720e56feb30b','https://ekeae-image.oss-cn-shenzhen.aliyuncs.com/ball/2018/9/22/406466cba1ec4c63824e4dcf0af3bbea.jpg',1),('6b0d0cb2ee854e73a2cc5f6353208689','2018-09-22 11:34:56','990288059d834a5099d0720e56feb30b','https://ekeae-image.oss-cn-shenzhen.aliyuncs.com/ball/2018/9/22/d92be55d3be547c9be2801b45ee782bf.jpg',2),('37623b185d9b402989060f5d8d8bac0d','2018-09-22 11:34:56','990288059d834a5099d0720e56feb30b','https://ekeae-image.oss-cn-shenzhen.aliyuncs.com/ball/2018/9/22/084342cbebe044139d2192b8a8752c7d.jpg',3),('cbaae034e90d4d9a80077f42214b87c8','2018-09-22 11:34:56','990288059d834a5099d0720e56feb30b','https://ekeae-image.oss-cn-shenzhen.aliyuncs.com/ball/2018/9/22/df750871405048bc93e062562c31797a.jpg',4),('672a605216024d5abbfa0006f5be10e7','2018-09-22 11:34:56','990288059d834a5099d0720e56feb30b','https://ekeae-image.oss-cn-shenzhen.aliyuncs.com/ball/2018/9/22/d881c59843564374995ab93ba248583f.jpg',5),('586b73ebc25740f1b5e03dffafe5c37d','2018-09-22 11:34:56','990288059d834a5099d0720e56feb30b','https://ekeae-image.oss-cn-shenzhen.aliyuncs.com/ball/2018/9/22/39fc9892bfed438b8749d4a5635416a8.jpg',6),('3b10b99f9c0b48e6a028b236d4d4a5c7','2018-09-22 11:34:56','990288059d834a5099d0720e56feb30b','https://ekeae-image.oss-cn-shenzhen.aliyuncs.com/ball/2018/9/22/99833de523a644adbc8ee0c45672aa29.jpg',7),('a9ed8ae3e589432da50c9232eb3fc371','2018-09-22 11:34:56','990288059d834a5099d0720e56feb30b','https://ekeae-image.oss-cn-shenzhen.aliyuncs.com/ball/2018/9/22/479f903762c9452cb5f83f58f509140d.jpg',8),('cf0ba64167704040a7cfc4b9c28bf3e0','2018-09-22 12:33:56','73fa3e9330db4d52a4da3b8e7e142563','https://ekeae-image.oss-cn-shenzhen.aliyuncs.com/ball/2018/9/22/180a093d78384cc7b35c1512685d4bcf.jpeg',1),('4b1ead9faded44af82e5b039d117a4b6','2018-09-22 12:32:25','864857b9c9344cc7bd6a1386e3f19899','https://ekeae-image.oss-cn-shenzhen.aliyuncs.com/ball/2018/9/22/5600284b0c6c42078bc18b5ee36e3972.jpeg',1),('94ffd67eedc347009b870fc331dd23cc','2018-09-22 14:49:04','a5b9f20a01274466ac273046d1c049f4','https://ekeae-image.oss-cn-shenzhen.aliyuncs.com/ball/2018/9/22/f0896bb60fd44e0fb25d411b4b3af74f.jpeg',1),('3c454bfc3bc448f0b85426649b456410','2018-09-22 15:31:22','55f96651190c4c15823156e4b8a37ae1','https://ekeae-image.oss-cn-shenzhen.aliyuncs.com/ball/2018/9/22/2c9c34a2d93746aa96bf16a0f87532e5.jpeg',1),('7d9684d00eed40eb846d89e19a573a20','2018-09-22 16:47:26','553aa3d9fa3e40cb97af552d4017ac1f','https://ekeae-image.oss-cn-shenzhen.aliyuncs.com/ball/2018/9/22/2623a1eeebe14267b0b379eadc0a8241.jpeg',1),('81723408f3004cb19dffd3156d28a05e','2018-09-22 15:40:05','c35cf10b21464f48b2496e30b2e3899d','https://ekeae-image.oss-cn-shenzhen.aliyuncs.com/ball/2018/9/22/f1d48c98fc5847678c09bfd17ce92514.jpeg',1),('1696491a2336499d914a864c28beb6cc','2018-09-22 16:47:26','553aa3d9fa3e40cb97af552d4017ac1f','https://ekeae-image.oss-cn-shenzhen.aliyuncs.com/ball/2018/9/22/f1d48c98fc5847678c09bfd17ce92514.jpeg',2),('364a977707d945c3ada37c4353b47d7a','2018-09-25 09:38:17','bb7c0aeae2464f0c952e7e7507bcf10c','https://ekeae-image.oss-cn-shenzhen.aliyuncs.com/ball/2018/9/25/591425b657614d728a4d5645419cb759.jpeg',1),('2032092d4018437e9485d1f79bad627f','2018-09-25 09:44:53','4ff87403b5854951bdaba78afd9edee8','https://ekeae-image.oss-cn-shenzhen.aliyuncs.com/ball/2018/9/25/591425b657614d728a4d5645419cb759.jpeg',1),('8c99156be89b476588c3beb179a13ab4','2018-09-25 09:51:56','cdf41f05a5664026b85d120998ba4727','https://ekeae-image.oss-cn-shenzhen.aliyuncs.com/ball/2018/9/25/aa0a2fe0d7a9496aa306d0cac7abbcc3.jpeg',1),('99fe5029f69349bea29f3e55a2ef0ea9','2018-09-25 14:20:41','34c13d2029464a95a25ca4034fdb91eb','https://ekeae-image.oss-cn-shenzhen.aliyuncs.com/ball/2018/9/25/41ac1d7be4494b67bde26beb2a132e4c.jpeg',1),('23023b35a28c43dca47abbb66adc7006','2018-09-25 10:08:42','2d99b850e87b42f0bc1c583f96db9b53','https://ekeae-image.oss-cn-shenzhen.aliyuncs.com/ball/2018/9/25/a07456f9f7f14d3694de229142181fe5.jpeg',1),('93199e5956f44c779bdb08a1fb49ea3a','2018-09-25 10:15:57','16eb0545e55741a9a5675c6e1a943d43','https://ekeae-image.oss-cn-shenzhen.aliyuncs.com/2018/9/17/da68fb6d123d421abd604914df801175.jpeg',1),('db2c69d9de3e4bdda8d5fdbb231aec85','2018-09-25 10:15:57','16eb0545e55741a9a5675c6e1a943d43','https://ekeae-image.oss-cn-shenzhen.aliyuncs.com/2018/9/17/cd4a492520b54a7785da2376d34139ac.png',2),('463810315fb847d2ae6f2e53541a303e','2018-09-25 10:19:45','63dc4c4dea8e4e5b87ea9bc9e34703b7','https://ekeae-image.oss-cn-shenzhen.aliyuncs.com/2018/9/17/da68fb6d123d421abd604914df801175.jpeg',1),('97c7324cb83742cc816e46dfb2ba98b8','2018-09-25 10:19:45','63dc4c4dea8e4e5b87ea9bc9e34703b7','https://ekeae-image.oss-cn-shenzhen.aliyuncs.com/2018/9/17/cd4a492520b54a7785da2376d34139ac.png',2),('f8f8d3b7ff4849349527da61fcb6c230','2018-09-25 10:24:54','ebe8387420f641aeb8fdb2b69fec09ad','https://ekeae-image.oss-cn-shenzhen.aliyuncs.com/2018/9/17/da68fb6d123d421abd604914df801175.jpeg',1),('fbe7b21719fb40a48b1cfe5947cd3101','2018-09-25 10:24:54','ebe8387420f641aeb8fdb2b69fec09ad','https://ekeae-image.oss-cn-shenzhen.aliyuncs.com/2018/9/17/cd4a492520b54a7785da2376d34139ac.png',2),('fbae869b71894da5a94e2b9d8c4ecc2b','2018-09-25 10:30:18','d8e81f97f6e746ffa82de53f3dfc49df','https://ekeae-image.oss-cn-shenzhen.aliyuncs.com/2018/9/17/da68fb6d123d421abd604914df801175.jpeg',1),('1d8adfcc8503412cb487d41c7ada2538','2018-09-25 10:30:18','d8e81f97f6e746ffa82de53f3dfc49df','https://ekeae-image.oss-cn-shenzhen.aliyuncs.com/2018/9/17/cd4a492520b54a7785da2376d34139ac.png',2),('330ed7101b6340ba96bc6202f781b655','2018-09-25 11:15:25','781f0b364e3740dfb34d531c4d914e97','https://ekeae-image.oss-cn-shenzhen.aliyuncs.com/2018/9/17/da68fb6d123d421abd604914df801175.jpeg',1),('9a3f6826f9f54761860f959d789ccf63','2018-09-25 11:15:25','781f0b364e3740dfb34d531c4d914e97','https://ekeae-image.oss-cn-shenzhen.aliyuncs.com/2018/9/17/cd4a492520b54a7785da2376d34139ac.png',2),('d73b5a02957747b4bc81ee69ed83268a','2018-09-25 14:13:32','3ebe3af94e294d61aa9807758bf2ba3e','https://ekeae-image.oss-cn-shenzhen.aliyuncs.com/2018/9/20/30d0b5f0f4384434b5455db191774d4e.jpeg',1),('28c5200816114846bb686249f457167b','2018-09-25 14:35:42','fd1ba81772a84591b9e4f23e9883a230','https://ekeae-image.oss-cn-shenzhen.aliyuncs.com/ball/2018/9/25/697f1e0b8afa46f7811732aacd06525e.jpeg',1),('3c87d302bb064a56865744e18d4b4a16','2018-09-25 20:02:33','db3009002186421eab2f0a7617f0facd','https://ekeae-image.oss-cn-shenzhen.aliyuncs.com/ball/2018/9/25/24c1b39dcb02477d915d0464a0d0e39c.jpeg',1),('07bb8fc5c50843308459fbf978c4247b','2018-09-25 20:04:23','d6d97d50537a4b788221639970bb3535','https://ekeae-image.oss-cn-shenzhen.aliyuncs.com/ball/2018/9/25/24c1b39dcb02477d915d0464a0d0e39c.jpeg',1),('ac35e31001f0400c96e88a7cff842d9e','2018-09-25 20:04:23','d6d97d50537a4b788221639970bb3535','https://ekeae-image.oss-cn-shenzhen.aliyuncs.com/ball/2018/9/25/28b0fa06950141bfbddbbd19ef25d4db.jpeg',2),('2e15469bb9ec429ba62d98f65da3e047','2018-09-25 20:06:56','e943a87a1b9d4cf6b47067dce4671df8','https://ekeae-image.oss-cn-shenzhen.aliyuncs.com/ball/2018/9/25/c13ac544001249bbb8dc10cff238cd5f.jpeg',1),('e15734a853504b3d96111c741b9e3ac4','2018-09-26 09:16:39','4b955ecfbb4548fab71071d168ed808f','https://ekeae-image.oss-cn-shenzhen.aliyuncs.com/ball/2018/9/26/a874bfbc380a42b8ac2b0028a140d2e7.jpeg',1),('62c9910da9f9447ab5d2ecda8a5ee798','2018-09-26 09:34:53','cf44f593cf1f48afaa95865b92ac8708','https://ekeae-image.oss-cn-shenzhen.aliyuncs.com/ball/2018/9/26/d9a898b68c8243628dbd77660f7ce6cc.jpeg',1),('0ba6a46a5fc0413284d7ec7387b48fe3','2018-09-26 09:46:50','5200f35172e94eaf9667dd880e30e1db','https://ekeae-image.oss-cn-shenzhen.aliyuncs.com/ball/2018/9/26/bf5e9e2638284840b514588c26349140.jpeg',1),('0a5569049f13425aa4d6efe25712754f','2018-09-26 10:00:43','d3679b9d28524f6f85204cf9396abb4c','https://ekeae-image.oss-cn-shenzhen.aliyuncs.com/ball/2018/9/26/f998956271ae496eb1e435c17ad45c5f.jpeg',1),('387a01ff47d64794ac8a587d4517b174','2018-09-26 10:03:45','98449e9d8e8443949cdf292aa645632c','https://ekeae-image.oss-cn-shenzhen.aliyuncs.com/ball/2018/9/26/4afa373245d2466fa32ed11f6d8676db.jpeg',1),('6f50614b164d4b10ae4ce32e127c81a8','2018-09-26 10:09:55','c16196f273fc4b688d52de97b7eeb6d1','https://ekeae-image.oss-cn-shenzhen.aliyuncs.com/ball/2018/9/26/0978dd687ad043119a2310c8846ea06b.jpeg',1),('2b9193a27cb144118c8debe3f0ab9068','2018-09-26 10:44:39','1af94eb8cb044a419e3223ecf06843d7','https://ekeae-image.oss-cn-shenzhen.aliyuncs.com/ball/2018/9/26/59df27fa527d47f08270a4d18d0ecafc.jpeg',1),('eb529bbe8bd64d5aa94212be43a33728','2018-09-26 11:04:04','9ff8c81c982e457997754f27c832776a','https://ekeae-image.oss-cn-shenzhen.aliyuncs.com/ball/2018/9/26/02134ec7ad954c728c245f480b48eb10.jpeg',1),('c436fa82086747ba861718fb8ee309f0','2018-09-26 11:45:19','e2e7f142fa824e89a7c80a4e561bf6e8','https://ekeae-image.oss-cn-shenzhen.aliyuncs.com/ball/2018/9/26/0fb3d28bf45d42deb507201d62c4866d.jpg',1),('01c94d8b38734cb88719028c46511716','2018-09-26 11:53:53','6e5a93eab4a14ebf8aef9624c568a6e7','https://ekeae-image.oss-cn-shenzhen.aliyuncs.com/ball/2018/9/26/dc9ffb181d744eee9ff0443003d7902b.jpeg',1),('553b22ede14f43fdaefd8eef09e89fda','2018-09-26 11:55:51','5518717583ad4754a365af0465c485f0','https://ekeae-image.oss-cn-shenzhen.aliyuncs.com/ball/2018/9/26/d9a784f347124fc9abef1193bca585d3.jpeg',1),('45049bd079904c6ab28202755ef5ffa1','2018-09-26 17:21:27','ca09aecd0da04d278ff567cb0f6bc991','https://ekeae-image.oss-cn-shenzhen.aliyuncs.com/ball/2018/9/26/403dc3844c804d1385fd7b37ef2910a8.jpeg',1),('8324fef9556e4a0aa7494ba94735e69c','2018-09-26 19:15:47','d5b99fb356564a2784852f66453c29ca','https://ekeae-image.oss-cn-shenzhen.aliyuncs.com/ball/2018/9/26/53ede1beb94a44749ffe1079e7f42e1f.jpeg',1),('6788467a03ce4fb3a32acda03cbee259','2018-09-26 19:57:18','e2e9d493580347f3983dbbb7f823f268','https://ekeae-image.oss-cn-shenzhen.aliyuncs.com/ball/2018/9/26/183b32abedb1468290cac416fc6e5837.jpg',1),('efc713df00a6400ab0d25040b36ec2c4','2018-09-26 20:06:59','853d119a2023487ebbf2135013a321b6','https://ekeae-image.oss-cn-shenzhen.aliyuncs.com/ball/2018/9/26/183b32abedb1468290cac416fc6e5837.jpg',1),('bad6b212e31f4fb0bfbedfb6e7fed35f','2018-09-26 20:19:59','5eb8454430624aa180c13455127ff94f','https://ekeae-image.oss-cn-shenzhen.aliyuncs.com/ball/2018/9/26/55e932d4a8314e38a65face8c4d778f9.jpeg',1),('f5d5e1b37ed84902b72bc4e33e383a4d','2018-09-26 20:20:29','3ea17509047a452fbca7f57c8e3d9a18','https://ekeae-image.oss-cn-shenzhen.aliyuncs.com/ball/2018/9/26/183b32abedb1468290cac416fc6e5837.jpg',1),('83ad376977d1498296af74194e819996','2018-09-26 20:30:39','edd687a7b56848b08e80f105580f07e4','https://ekeae-image.oss-cn-shenzhen.aliyuncs.com/ball/2018/9/26/183b32abedb1468290cac416fc6e5837.jpg',1),('c759f64119f745dea63ac4c72e91e50a','2018-09-26 20:33:34','435e3e68e86f43139f363ec01da25abe','https://ekeae-image.oss-cn-shenzhen.aliyuncs.com/ball/2018/9/26/183b32abedb1468290cac416fc6e5837.jpg',1),('0e3811648a5f4e80b249c877a2e7fe56','2018-09-26 20:35:49','a19fa8657bfb444181af4b2cd9d4c24e','https://ekeae-image.oss-cn-shenzhen.aliyuncs.com/ball/2018/9/26/183b32abedb1468290cac416fc6e5837.jpg',1),('0400b4bf9df042f7a6afb14c2100dfe6','2018-09-26 20:36:33','6948a28a841e4183b86682a18bdcc0d8','https://ekeae-image.oss-cn-shenzhen.aliyuncs.com/ball/2018/9/26/183b32abedb1468290cac416fc6e5837.jpg',1),('e14c8835c65547e894eaa736c15454dc','2018-09-26 20:39:50','344010be19ef4864b11886f633841427','https://ekeae-image.oss-cn-shenzhen.aliyuncs.com/ball/2018/9/26/183b32abedb1468290cac416fc6e5837.jpg',1),('a849474f8a124d1a9f71a160e04ba890','2018-09-26 20:41:30','a38744c34eb746d08cc6df272269b628','https://ekeae-image.oss-cn-shenzhen.aliyuncs.com/ball/2018/9/26/183b32abedb1468290cac416fc6e5837.jpg',1),('f111733548c348568b441c4a13690115','2018-09-26 20:43:49','e8acd7d58c204e02a8d8618c70ba7f8b','https://ekeae-image.oss-cn-shenzhen.aliyuncs.com/ball/2018/9/26/77357f92fff142e9be02e5df72fc6cd5.jpeg',1),('36fd02e67d2a4977b71ba7fa2bbb0346','2018-09-26 20:48:59','6ba1f3ad04984b1ab72c9e3d0819ba53','https://ekeae-image.oss-cn-shenzhen.aliyuncs.com/ball/2018/9/26/a7666b1ab9794475ac76b11b00d7f543.jpeg',1),('bce13963c55846fa94d8c12bd1da2c9f','2018-09-27 09:54:41','7bc842a7b5e3485c80c0000b5509f27b','https://ekeae-image.oss-cn-shenzhen.aliyuncs.com/ball/2018/9/26/183b32abedb1468290cac416fc6e5837.jpg',1),('f1280bd9d7ec41a78747886fecfe7bf1','2018-09-27 10:47:07','458e04e7cd4d4c3688976773e3aa59ce','https://ekeae-image.oss-cn-shenzhen.aliyuncs.com/ball/2018/9/27/3a55023e9f6b4c018cc3c1c0c8b5b9b5.jpeg',1),('293d40d79346494981f2e71d5de28643','2018-09-27 10:47:26','a9add340722a4227818de37fd2aaa327','https://ekeae-image.oss-cn-shenzhen.aliyuncs.com/ball/2018/9/26/183b32abedb1468290cac416fc6e5837.jpg',1),('03b37d679b6f4498973431c1ed4af870','2018-09-27 11:39:09','1f73a9c2414740ba8bb0d05079855aaf','https://ekeae-image.oss-cn-shenzhen.aliyuncs.com/ball/2018/9/26/183b32abedb1468290cac416fc6e5837.jpg',1),('7a2dc914c33c4aac976b9d63bf12d2e9','2018-09-27 14:43:42','42cfd3e22dd9461e8ccff13b10693072','https://ekeae-image.oss-cn-shenzhen.aliyuncs.com/ball/2018/9/27/13a093140a534c3a8f034193a1897833.jpeg',1),('89be2f188ee14e72bd8614f5f49ecfe4','2018-09-27 15:17:28','a73c9528a18f4fd589cffc5bcec4d1a0','https://ekeae-image.oss-cn-shenzhen.aliyuncs.com/ball/2018/9/27/ff53278ed3764459a842fc4314bab779.jpeg',1),('dd87a9528a8f46de97d57284b87a3943','2018-09-27 15:47:02','b0b3e3b6cfea48049999d3abb782ee87','https://ekeae-image.oss-cn-shenzhen.aliyuncs.com/ball/2018/9/27/53d1e00a334945f4be0b69174c31f91c.jpeg',1),('f8828d8c08844b70904a6f4108578d16','2018-09-27 15:54:47','ea81885325e54172bf9060b547d38a32','https://ekeae-image.oss-cn-shenzhen.aliyuncs.com/ball/2018/9/27/fab12a95eb0d4134848ee8fcb80567ee.jpeg',1),('2ceb03035bb6422fa7f132a922a4a28a','2018-09-27 16:27:55','0109bb26fb4c40e5b6ece8ebe625eb20','https://ekeae-image.oss-cn-shenzhen.aliyuncs.com/ball/2018/9/27/f46f749bc7c74990b5a74e42961a1fd5.jpg',1),('ae8af444bcb245298e3779bf26ef84d1','2018-09-27 16:24:05','6d700e247e7a4572bfab43b6473902f6','https://ekeae-image.oss-cn-shenzhen.aliyuncs.com/ball/2018/9/27/58c85fc468b64ec4a33730a51a46bbe9.jpeg',1),('26d79411823845a7a8e5150aec6fe638','2018-09-27 19:23:16','a241383557b3418a9928c34c65cdc87c','https://ekeae-image.oss-cn-shenzhen.aliyuncs.com/ball/2018/9/27/f826db23ce9640429218a8c085da3a6f.jpeg',1),('51291f96423a4a36afdbd6786b6380f1','2018-09-28 15:02:54','ad975ef8574943e29b0f22f50e93a43a','https://ekeae-image.oss-cn-shenzhen.aliyuncs.com/ball/2018/9/28/4083a4f524b240ac8b8c0c9051b921b9.jpeg',1),('195f5c82c37a4870bacae39e3645bdcc','2018-09-28 10:48:24','d0379d3ae43946308368df74e2bfea86','https://ekeae-image.oss-cn-shenzhen.aliyuncs.com/ball/2018/9/28/35a0ec58f91044bc951c938022b6e72a.jpg',1),('a38e11eefaf44af78f4a6de2a8dc8819','2018-09-28 15:06:12','fd6fa5b2281c42249affcf81080b2f96','https://ekeae-image.oss-cn-shenzhen.aliyuncs.com/ball/2018/9/28/76a9f5b8568b4595a418209b88853a42.jpeg',1),('b5ca6d754532470aba78bf1a77e7d5e8','2018-09-28 15:11:42','9bc2dac30f9f4d5aadab53ffd4a79b25','https://ekeae-image.oss-cn-shenzhen.aliyuncs.com/ball/2018/9/28/8cf2e3be3c344e52aa9845db1f419e40.jpeg',1),('9d1b8cbb95fa49d48aa01a86fc60d01d','2018-09-28 15:17:09','7a6e5e0693ae4e24b4533752ccdddf4e','https://ekeae-image.oss-cn-shenzhen.aliyuncs.com/ball/2018/9/28/0d531eff0b204142adaac9b0bc30f361.jpeg',1),('188ee78e58dd4d4687d44f6cc850b26a','2018-09-28 15:19:59','7c36a92a8560452d8a01356a00251dc8','https://ekeae-image.oss-cn-shenzhen.aliyuncs.com/ball/2018/9/28/31e282ee292c43009abd81aed30c2cc7.jpeg',1),('a37b973929de4ce9bfe59c7073e80986','2018-09-28 15:22:23','c7ab9f9f8ad947fcb3161539365c46dc','https://ekeae-image.oss-cn-shenzhen.aliyuncs.com/ball/2018/9/28/843b720c23834e579c4ab438fc02b1ef.jpeg',1),('0a26b066d8324a248e451f9464bd17b7','2018-09-28 15:23:26','9e6a561a2a4641168a3927e1ac1352d9','https://ekeae-image.oss-cn-shenzhen.aliyuncs.com/ball/2018/9/28/843b720c23834e579c4ab438fc02b1ef.jpeg',1),('bbff04c197d143cc84b004d12d9e760a','2018-09-28 15:45:02','839044deb81741479cdbd077499b9549','https://ekeae-image.oss-cn-shenzhen.aliyuncs.com/ball/2018/9/28/9cf472b032ae4fe7abdd221713d78153.jpeg',1),('1f9160e3a7554632b832a400ddd0b806','2018-09-28 19:18:33','0a9f47f62eae4495896a9d911b46b0aa','https://ekeae-image.oss-cn-shenzhen.aliyuncs.com/ball/2018/9/28/11566c3facb54a0b8aadaabdec744cd3.jpeg',1),('54a1ea61b26748e983e5cb9faef5dffb','2018-09-28 19:29:25','540a1260e3d34848ad0c884f69b6dbf7','https://ekeae-image.oss-cn-shenzhen.aliyuncs.com/ball/2018/9/28/72b597d9d178406eb66fdfc2526e206f.jpeg',1),('bc9e3a146f104b919b40898916f859b8','2018-09-28 19:30:50','e4471456fd0b4ac987d2f843eef75927','https://ekeae-image.oss-cn-shenzhen.aliyuncs.com/ball/2018/9/28/7e8aa7382c2d4932907d628c78ebe704.jpeg',1),('e597acd27d0549b1a858da1acd0a68c2','2018-09-28 19:37:13','ada9178ac19a44bfb9936d6d0c7f5945','https://ekeae-image.oss-cn-shenzhen.aliyuncs.com/ball/2018/9/28/11566c3facb54a0b8aadaabdec744cd3.jpeg',1),('337178ae73964b529156de982439b50a','2018-09-28 19:37:16','2ec9d7159bbb40758c45f2dde7140847','https://ekeae-image.oss-cn-shenzhen.aliyuncs.com/ball/2018/9/28/11566c3facb54a0b8aadaabdec744cd3.jpeg',1),('0f793dae809b4239a52cffd7a1447280','2018-09-28 19:37:17','01fa5c37c1334802b12a59c5772832d5','https://ekeae-image.oss-cn-shenzhen.aliyuncs.com/ball/2018/9/28/11566c3facb54a0b8aadaabdec744cd3.jpeg',1),('ceecbe65cf1e427486228b0ec3a24255','2018-09-28 19:37:18','7df1ad3b79bd45e89540cb8fb3276a35','https://ekeae-image.oss-cn-shenzhen.aliyuncs.com/ball/2018/9/28/11566c3facb54a0b8aadaabdec744cd3.jpeg',1),('f88202c277a74a3286d43957f845295f','2018-09-28 19:37:22','04bc8e52d2cb4257a9848907dc2abf80','https://ekeae-image.oss-cn-shenzhen.aliyuncs.com/ball/2018/9/28/11566c3facb54a0b8aadaabdec744cd3.jpeg',1),('fe628470f7dd4373a7e54eacc9f974e2','2018-09-28 19:37:23','b60cd9938aa34a8e9f49b6ef765dc144','https://ekeae-image.oss-cn-shenzhen.aliyuncs.com/ball/2018/9/28/11566c3facb54a0b8aadaabdec744cd3.jpeg',1),('d0daaae54dea43828aea10e6ceed88db','2018-09-28 19:38:12','650f6aaf4d664276b058071b605f3c44','https://ekeae-image.oss-cn-shenzhen.aliyuncs.com/ball/2018/9/28/11566c3facb54a0b8aadaabdec744cd3.jpeg',1),('0b409ade425340c4a1d77d0ed62833fd','2018-09-28 19:38:13','b56d4b3698194e95bc753b5126c97017','https://ekeae-image.oss-cn-shenzhen.aliyuncs.com/ball/2018/9/28/11566c3facb54a0b8aadaabdec744cd3.jpeg',1),('4a3c0c29dbbf4b01b502956442a1417f','2018-09-28 20:35:57','3522a791a73d475e922f9c6cb15059c3','https://ekeae-image.oss-cn-shenzhen.aliyuncs.com/ball/2018/9/28/2ac6a33c598a44c8b5c78152f4c37c3a.jpeg',1),('a6c8c7d2ebee42d0afb17b96e4812c15','2018-09-28 20:20:08','f3a7af79325542d19583d68f8fc6d74e','https://ekeae-image.oss-cn-shenzhen.aliyuncs.com/ball/2018/9/28/72b597d9d178406eb66fdfc2526e206f.jpeg',1),('5690f9c4aff245e7bf789936ef40dd9a','2018-09-28 20:59:46','76c6b6c823f94a99a140cef5e300f990','https://ekeae-image.oss-cn-shenzhen.aliyuncs.com/ball/2018/9/28/4a71d1c3cb824e818e0783de38e23ff0.jpeg',1),('2be268a7f180473b867d6f8b0dda8e39','2018-09-28 22:31:41','7627b4d0d31c4140acebb057ef400fb9','https://ekeae-image.oss-cn-shenzhen.aliyuncs.com/ball/2018/9/28/72b597d9d178406eb66fdfc2526e206f.jpeg',1),('142ad1d094604bf19e35ae2e7a39e3e0','2018-09-29 09:01:40','498133fa9fc94a59b9cab0edb66605c6','https://ekeae-image.oss-cn-shenzhen.aliyuncs.com/ball/2018/9/28/72b597d9d178406eb66fdfc2526e206f.jpeg',1),('f53994e4eb304a17bb8425c1a574d373','2018-09-29 09:03:44','a98dc93754174246a993913bd09ddb25','https://ekeae-image.oss-cn-shenzhen.aliyuncs.com/ball/2018/9/28/72b597d9d178406eb66fdfc2526e206f.jpeg',1),('e5da0cc3aae1427486e5ad4bd4e4441c','2018-09-29 09:05:01','17a8a4a9a2344d6abf23b0510b33cf0b','https://ekeae-image.oss-cn-shenzhen.aliyuncs.com/ball/2018/9/29/0066ea21e71845818a66427741471a89.jpeg',1),('7c0998a8159c4453ac87266f60908706','2018-09-29 09:08:26','47437560486649d8b1206406482f17b6','https://ekeae-image.oss-cn-shenzhen.aliyuncs.com/ball/2018/9/28/72b597d9d178406eb66fdfc2526e206f.jpeg',1),('030a3a545de6446997e75959be6445f8','2018-09-29 09:45:08','38a7db57415a4b11abd1767e672d4d7d','https://ekeae-image.oss-cn-shenzhen.aliyuncs.com/ball/2018/9/29/a6183844dc7f4fdc91571da702e13b91.jpeg',1),('aa4c98ae65074b8286dd681c736b4003','2018-09-29 10:02:45','777c23cbb193404f9ea3b6ab8abc3df2','https://ekeae-image.oss-cn-shenzhen.aliyuncs.com/ball/2018/9/29/a6183844dc7f4fdc91571da702e13b91.jpeg',1),('f23e3fe033e748b8a999020eec30003b','2018-09-29 10:02:51','d9d6abb8a68a420da57af631c439765d','https://ekeae-image.oss-cn-shenzhen.aliyuncs.com/ball/2018/9/29/a6183844dc7f4fdc91571da702e13b91.jpeg',1),('530802233569473c8b0d43055d3c30e1','2018-09-29 10:03:07','6225f36c5d16411ca9d27314eb273d5b','https://ekeae-image.oss-cn-shenzhen.aliyuncs.com/ball/2018/9/29/a6183844dc7f4fdc91571da702e13b91.jpeg',1),('b05eb1f9635840cf8b1d27d7ca323b4e','2018-09-29 10:06:40','a39d286a6e3340a595610e586d334464','https://ekeae-image.oss-cn-shenzhen.aliyuncs.com/ball/2018/9/29/a6183844dc7f4fdc91571da702e13b91.jpeg',1),('5ba16bedd8df4ac6bd7af1580574a2d4','2018-09-29 10:11:57','b9dac38a7fbb442ab03861ec89e21017','https://ekeae-image.oss-cn-shenzhen.aliyuncs.com/ball/2018/9/29/94837cb4021c4c8a858ca09a3161e7d8.jpeg',1),('304838cefa2946f59bbcf7e10541f5ab','2018-09-29 10:13:26','f2c1d9c9d67a4ed8b19d49973a355389','https://ekeae-image.oss-cn-shenzhen.aliyuncs.com/ball/2018/9/29/581c688048a844ea9d81c2292caecb08.jpeg',1),('9e63a8f0cc874bed96171fbb6f73e3b1','2018-09-29 10:16:33','fae057d63f15467aa955dbc859f0a778','https://ekeae-image.oss-cn-shenzhen.aliyuncs.com/ball/2018/9/29/879814c489694cbf8ed6b604cde5dfbb.jpeg',1),('f81437d964d44270ae5972f7f387448d','2018-09-29 10:23:14','5298ffa8af5d40e882ee2cdeee1e890f','https://ekeae-image.oss-cn-shenzhen.aliyuncs.com/ball/2018/9/29/95e9053356654e3db1601b82cd799172.jpeg',1),('b82859f4652c4e7f89c9651662735671','2018-09-29 11:58:05','228d27e3885f48b7b2de2deac34903c0','https://ekeae-image.oss-cn-shenzhen.aliyuncs.com/ball/2018/9/29/f352c11e8d614df9aa6b5cf3ef16ae2b.jpg',1),('c20d8c9a146c44b78f29264ac3cc8511','2018-09-29 11:09:24','3df15ba6768b43f186abf8e6a1c96932','https://ekeae-image.oss-cn-shenzhen.aliyuncs.com/ball/2018/9/29/f352c11e8d614df9aa6b5cf3ef16ae2b.jpg',1),('e50c89ebf72a47f5a9bbabefa3ec1af6','2018-09-29 12:03:13','a99acb087bd84b9ea295ed8e81cc744f','https://ekeae-image.oss-cn-shenzhen.aliyuncs.com/ball/2018/9/29/9cfb01af3a4f41a19367bdc7bec172ea.jpeg',1),('548247878ab74ca38670211de4cd8f82','2018-09-29 14:06:35','c0fe84cc27e74135bebb08e4940bf8b1','https://ekeae-image.oss-cn-shenzhen.aliyuncs.com/ball/2018/9/29/4f0b33a01d484389b917235a44c77df9.jpeg',1),('1eb7f3150bda47889828dd6123f91c5f','2018-09-29 14:07:10','fb93bf9b90184c569143e157410d09cd','https://ekeae-image.oss-cn-shenzhen.aliyuncs.com/ball/2018/9/29/571c12963a6f436b898f7d658f17b08e.jpeg',1),('403ad8d4623a4cc7b0e9078055a93fe0','2018-09-30 10:59:28','d0d8023168f64e35a023af4c550e172d','https://ekeae-image.oss-cn-shenzhen.aliyuncs.com/ball/2018/9/30/d573829d606c4841b05453d8fd5667bf.jpg',1),('3fda446d23f94be0ab7cb79a89bfced0','2018-09-30 10:59:28','d0d8023168f64e35a023af4c550e172d','https://ekeae-image.oss-cn-shenzhen.aliyuncs.com/ball/2018/9/30/1b84ef5ed6064b17a829eade89ac29da.jpg',2),('a902da61b9a740328190384c592c7b02','2018-09-30 10:59:28','d0d8023168f64e35a023af4c550e172d','https://ekeae-image.oss-cn-shenzhen.aliyuncs.com/ball/2018/9/30/1ee4b8c024b6424caa17f142a14bb166.jpg',3),('400725b145ec46acb3dee6dff2892c39','2018-09-30 10:59:28','d0d8023168f64e35a023af4c550e172d','https://ekeae-image.oss-cn-shenzhen.aliyuncs.com/ball/2018/9/30/046bb5430d4547ba8ec92601e8012d9a.jpg',4),('91abd755ec4945c8b49617a315e768f1','2018-09-30 10:59:28','d0d8023168f64e35a023af4c550e172d','https://ekeae-image.oss-cn-shenzhen.aliyuncs.com/ball/2018/9/30/f11993a4185f49658adc3831a92459dc.jpg',5),('bb412cbe3ef44cb8b156d1ca244d22bb','2018-09-30 10:59:28','d0d8023168f64e35a023af4c550e172d','https://ekeae-image.oss-cn-shenzhen.aliyuncs.com/ball/2018/9/30/66f58c03d7eb42859edc58a901443abb.jpg',6),('e0f2948662364f108a678d5b312bd9aa','2018-09-30 10:59:28','d0d8023168f64e35a023af4c550e172d','https://ekeae-image.oss-cn-shenzhen.aliyuncs.com/ball/2018/9/30/ad59922d054f49ddabbab49c55a54ef7.jpg',7),('7d8ab757e2c2416087f4f59bbf8ff380','2018-09-30 10:59:28','d0d8023168f64e35a023af4c550e172d','https://ekeae-image.oss-cn-shenzhen.aliyuncs.com/ball/2018/9/30/d4f7d189833a4f569d03f7c4ecb80c60.jpg',8),('74bcf44a4366493791e3f276ab6ca1ba','2018-09-30 10:59:28','d0d8023168f64e35a023af4c550e172d','https://ekeae-image.oss-cn-shenzhen.aliyuncs.com/ball/2018/9/30/7e3b0540a1884687b739326cef12b8f0.jpg',9),('7ef3c1bfde99431db1c41a320398b0ee','2018-10-07 14:53:40','d43404350b6145668b06803c59c14734','https://ekeae-image.oss-cn-shenzhen.aliyuncs.com/ball/2018/10/7/04ebb29035234b75bede70c1f1248654.jpeg',1),('56116164df5f414f8e5659efc71c5f78','2018-10-08 10:40:13','6d7045a5cddc4c038f524596f1c7ef4e','https://ekeae-image.oss-cn-shenzhen.aliyuncs.com/ball/2018/10/8/9001231750bc4471870e6914831f1615.jpeg',1),('d6fb19e053f84ab8b76575c13cb0b02b','2018-10-08 17:47:51','672e89f2a40f491d8410bd83623c0e1c','https://ekeae-image.oss-cn-shenzhen.aliyuncs.com/ball/2018/10/8/241b25553e734340a93769dc5da6d56d.png',1),('db660c476dc44311be934c3cd2d39c69','2018-10-08 17:47:51','672e89f2a40f491d8410bd83623c0e1c','https://ekeae-image.oss-cn-shenzhen.aliyuncs.com/ball/2018/10/8/b75b41288bba4834878262379af552ca.png',2),('37034254866b41b29e77785e055ed3e7','2018-10-08 17:47:51','672e89f2a40f491d8410bd83623c0e1c','https://ekeae-image.oss-cn-shenzhen.aliyuncs.com/ball/2018/10/8/6766db7a334d4a50bcc8997be0eec89d.png',3),('8468981fc35c4886af5696c7e41be400','2018-10-08 17:47:51','672e89f2a40f491d8410bd83623c0e1c','https://ekeae-image.oss-cn-shenzhen.aliyuncs.com/ball/2018/10/8/bb8ffd51a64e499dae2983574b7d22a1.png',4),('50bdcdf39ce5475ba106c4541d0eb3ac','2018-10-08 17:47:51','672e89f2a40f491d8410bd83623c0e1c','https://ekeae-image.oss-cn-shenzhen.aliyuncs.com/ball/2018/10/8/8fddc4097323493091e7f504e20565d0.png',5),('a955e2935333481ea90d4f9ddbe6b3b0','2018-10-08 17:47:51','672e89f2a40f491d8410bd83623c0e1c','https://ekeae-image.oss-cn-shenzhen.aliyuncs.com/ball/2018/10/8/0e9f8b45e0334dc9aad1ab6927b8fdcc.png',6),('e78b5fbf9fb045b6a5e1982908f6548c','2018-10-08 17:47:51','672e89f2a40f491d8410bd83623c0e1c','https://ekeae-image.oss-cn-shenzhen.aliyuncs.com/ball/2018/10/8/4abf4b9b61bb44eba429ae4226d19738.png',7),('93cb8333f440416890a86034e1c050f8','2018-10-08 17:47:51','672e89f2a40f491d8410bd83623c0e1c','https://ekeae-image.oss-cn-shenzhen.aliyuncs.com/ball/2018/10/8/1372da3dde634a748a0ccd374b638a02.png',8),('def5e99b039d477c951a3890e4b68676','2018-10-08 17:47:51','672e89f2a40f491d8410bd83623c0e1c','https://ekeae-image.oss-cn-shenzhen.aliyuncs.com/ball/2018/10/8/2af44017530e4be2a1ecd04d8875049d.png',9),('c655618deb2847f0baa887a5554858aa','2018-10-08 17:47:52','','url1',1),('be5b7cf79e754a7985deb020c8fc41cd','2018-10-08 17:47:53','','url2',2),('eb3296bd90464f91b2bab0afee81d18d','2018-10-08 17:47:53','','url3',3),('9d1fb319f0ce4a488a120de6fdb60c3d','2018-10-08 17:47:53','','url4',4),('136e95c8240c49f3aa231391bb3279e3','2018-10-08 17:47:53','','url5',5),('3614ff408fc14ab7aff020ae8dfe1357','2018-10-13 09:49:13','7ecbbb6b47e148519ec5cd32d66fff23','url1',1),('b93f11acfd594d319050cc5564a2d2dd','2018-10-13 09:49:13','7ecbbb6b47e148519ec5cd32d66fff23','url2',2),('e0c55cef89a643e08917000c6b27f111','2018-10-13 09:49:13','7ecbbb6b47e148519ec5cd32d66fff23','url3',3),('b9e8a3b9c72f4f528174bc72c4c65f98','2018-10-13 09:49:13','7ecbbb6b47e148519ec5cd32d66fff23','url4',4),('8e36b45027b44862a29c1478132e7dd0','2018-10-13 09:49:13','7ecbbb6b47e148519ec5cd32d66fff23','url5',5),('a877aab64e6a4b41ad7ae6822afad7fd','2018-11-01 22:02:13','496c1739291745afb4e9a823d7cf39d7','https://ekeae-image.oss-cn-shenzhen.aliyuncs.com/ball/2018/11/1/574d36d1747b4ffd9f55fc1af4e8b396.jpg',1),('178d659c970b4e3c8fa546bf37632e31','2018-11-02 09:01:59','6f0d8f9f3b67409293694e769548bc45','https://ekeae-image.oss-cn-shenzhen.aliyuncs.com/ball/2018/11/2/763a3d67b73a4ca18af09c47f7a38769.jpg',1),('b81271ebd48c414a8ec923529dd862a3','2018-11-02 09:02:09','4a1fefc729e74d4d95ae5e0dff1ea9c7','https://ekeae-image.oss-cn-shenzhen.aliyuncs.com/ball/2018/10/7/04ebb29035234b75bede70c1f1248654.jpeg',1),('657982bc2b264f68ab4e2dd8474aa9e8','2018-11-02 09:03:38','5a881060cc6a420e9695c64e165c2cb7','https://ekeae-image.oss-cn-shenzhen.aliyuncs.com/ball/2018/11/2/4a21929b7fc945fc927ccb7729e96ecd.jpg',1),('80f9ef3d6da348dda7428ad2fe0683d8','2018-11-02 09:05:33','f5a8b68a6604442296b84a1a127ade09','https://ekeae-image.oss-cn-shenzhen.aliyuncs.com/ball/2018/11/2/39d669d5d07c42e9a905157425ce4c15.jpg',1),('794b2b117b5240f2a4ad33bb75e8ef7c','2018-11-02 16:41:54','d81d18320d414899967d9f2104ab4adc','https://ekeae-image.oss-cn-shenzhen.aliyuncs.com/ball/2018/10/7/04ebb29035234b75bede70c1f1248654.jpeg',1);

/*Table structure for table `InviteJoin` */

DROP TABLE IF EXISTS `InviteJoin`;

CREATE TABLE `InviteJoin` (
  `ID` varchar(32) NOT NULL COMMENT 'ID-加入约球',
  `Invite_join_no` int(11) unsigned zerofill NOT NULL AUTO_INCREMENT COMMENT '加入约球编号',
  `Create_time` datetime NOT NULL COMMENT '创建时间',
  `Invite_id` varchar(32) NOT NULL COMMENT '约球ID',
  `Member_id` varchar(32) NOT NULL COMMENT '会员ID',
  `Amount` double(11,2) DEFAULT NULL COMMENT '支付金额',
  `GirlFlag` int(1) NOT NULL DEFAULT '0' COMMENT '是否是女生(0=否1=是)',
  `Name` varchar(20) DEFAULT NULL COMMENT '姓名',
  `WeChat_id` varchar(50) DEFAULT NULL COMMENT '微信号',
  `Phone` varchar(11) DEFAULT NULL COMMENT '手机号码',
  `Content` varchar(100) DEFAULT NULL COMMENT '报名备注',
  `Pay_time` datetime DEFAULT NULL COMMENT '支付时间',
  `Pay_type` int(1) NOT NULL DEFAULT '0' COMMENT '支付状态(0=待支付1=支付成功2=已取消3=已退款4=无需支付)',
  `Refund_flag` int(1) NOT NULL DEFAULT '0' COMMENT '退出状态(0=未退出1=退出退费2=退出申请)',
  `Refund_content` varchar(100) DEFAULT NULL COMMENT '退费理由',
  `Refund_amount` double(11,2) DEFAULT NULL COMMENT '退费金额',
  `Refund_feeAmount` double(11,2) DEFAULT NULL COMMENT '退费手续费金额',
  `Refund_fee` int(11) DEFAULT NULL COMMENT '退费手续费率',
  `ShareSum` int(11) NOT NULL DEFAULT '0' COMMENT '分享总次数',
  PRIMARY KEY (`ID`),
  KEY `Invite_join_no` (`Invite_join_no`)
) ENGINE=MyISAM AUTO_INCREMENT=10000002 DEFAULT CHARSET=utf8 COMMENT='约球加入表';

/*Data for the table `InviteJoin` */

insert  into `InviteJoin`(`ID`,`Invite_join_no`,`Create_time`,`Invite_id`,`Member_id`,`Amount`,`GirlFlag`,`Name`,`WeChat_id`,`Phone`,`Content`,`Pay_time`,`Pay_type`,`Refund_flag`,`Refund_content`,`Refund_amount`,`Refund_feeAmount`,`Refund_fee`,`ShareSum`) values ('bd5ba49d01194352938a002827ae6271',00000000001,'2018-09-19 14:06:12','2c32547979454695a4cae526abccae25','1f339d03a0b74dc3b33042294cd07b97',0.01,0,'aaa','aaa','aaa','aaa',NULL,2,0,NULL,NULL,NULL,NULL,0),('5374c448fd3541328f81fe570ca2d2dc',00000000002,'2018-09-19 11:52:38','2c32547979454695a4cae526abccae25','98816ec72c04473780aa3e329f4dbff3',0.01,0,'2','2','2','2','2018-09-19 11:52:44',3,0,NULL,0.01,NULL,0,0),('a38a947bd9404fb7a7a47d355129d684',00000000003,'2018-09-19 14:06:11','2c32547979454695a4cae526abccae25','1f339d03a0b74dc3b33042294cd07b97',0.01,0,'aaa','aaa','aaa','aaa',NULL,2,0,NULL,NULL,NULL,NULL,0),('f410b0b920664bfeb30834754b79934e',00000000004,'2018-09-19 15:00:28','35859857c5154c67998f56cfd92309bf','1f339d03a0b74dc3b33042294cd07b97',NULL,0,'aaa','aaa','aaaa','aaaaa',NULL,4,0,NULL,NULL,NULL,NULL,0),('0612fbc64d5b4815a974f73312235c4d',00000000005,'2018-09-19 15:09:20','04541844f0db4c8a9bddd29bf6670cca','1',NULL,0,'123','123','123','123',NULL,4,0,NULL,NULL,NULL,NULL,0),('c1bef762dfc7403bb00067df94b77890',00000000006,'2018-09-19 15:20:46','f5b5bc1ea46843a0909a00b196f13d88','1',NULL,0,'123','321','123','123','2018-09-25 15:25:57',2,1,NULL,NULL,NULL,NULL,0),('a496319f899e4b51851d926c996ea4e0',00000000007,'2018-09-19 15:24:23','35859857c5154c67998f56cfd92309bf','1',NULL,0,'123','123','123','123',NULL,4,0,NULL,NULL,NULL,NULL,0),('f4dccfca659d469680d433ca351e9eb4',00000000008,'2018-09-19 17:20:06','08e197a4fc074ba3b2ca3fc1e809e4a2','1f339d03a0b74dc3b33042294cd07b97',0.10,0,'aa','aa','aa','aaa',NULL,2,0,NULL,NULL,NULL,NULL,0),('e953850f061c49ffa6175c5e672f94f7',00000000009,'2018-09-19 19:41:59','35859857c5154c67998f56cfd92309bf','98816ec72c04473780aa3e329f4dbff3',NULL,0,'1','1','1','1',NULL,4,0,NULL,NULL,NULL,NULL,0),('b19164efbb0941ddbdcf3c5026134490',00000000010,'2018-09-19 19:44:20','3134b458e3fd4faaa7a72f1b46be240c','98816ec72c04473780aa3e329f4dbff3',0.01,0,'123','2','2','啊','2018-09-19 19:44:31',1,0,NULL,NULL,NULL,NULL,0),('8dc2d25c512a42009e68c1bb08c94747',00000000011,'2018-09-19 20:09:07','4ebeabec001e436c9df68487f2fb4ad0','1f339d03a0b74dc3b33042294cd07b97',0.10,0,'aa','aa','aa','aa',NULL,2,0,NULL,NULL,NULL,NULL,0),('e1717b0e24364d368ef0ae7b27426d4d',00000000012,'2018-09-19 20:09:23','4f0f1a53b84c4e66bd7eca52efbf7321','1f339d03a0b74dc3b33042294cd07b97',NULL,0,'aa','aa','aa','aa',NULL,4,0,NULL,NULL,NULL,NULL,0),('3d080acbe64a465a9d1cb5e2c2af3256',00000000013,'2018-09-19 20:13:38','64039225065d4d999f56d4568535af4f','1f339d03a0b74dc3b33042294cd07b97',NULL,0,'a','a','a','a',NULL,4,0,NULL,NULL,NULL,NULL,0),('71e28562b659408e9e1e5fcc8d2dac0e',00000000014,'2018-09-19 20:25:23','188ee56d47f24fa6a851ee491f528e3a','1f339d03a0b74dc3b33042294cd07b97',NULL,0,'aaa','aaa','aa','aaa','2018-09-19 20:27:07',2,2,'aaaa',NULL,NULL,NULL,0),('eed2014c24534597a9254f16d3dde46d',00000000015,'2018-09-19 20:28:37','188ee56d47f24fa6a851ee491f528e3a','98816ec72c04473780aa3e329f4dbff3',NULL,0,'2','2','2','2','2018-09-20 11:16:55',2,1,NULL,NULL,NULL,NULL,0),('d75bf32b37a9485c9a1a4a90bf60a24b',00000000016,'2018-09-19 20:29:15','797a026f1804489c8e5b110c1071f889','1f339d03a0b74dc3b33042294cd07b97',NULL,0,'a','a','a','a',NULL,2,0,NULL,NULL,NULL,NULL,0),('765ac64fbe0a4cf5b0417b457196790c',00000000017,'2018-09-19 20:35:12','6d60a0775ed848fab0da111ed3458c4a','1f339d03a0b74dc3b33042294cd07b97',NULL,0,'a','a','a','a','2018-09-19 20:35:14',2,1,NULL,NULL,NULL,NULL,0),('f45a700927134ae4ada0f6882b67f8a6',00000000018,'2018-09-19 20:38:11','8cd6c60ecd684ab9b244b05770546c3c','1f339d03a0b74dc3b33042294cd07b97',0.10,0,'aa','aa','7','aa','2018-09-19 20:38:22',3,1,NULL,0.10,NULL,0,0),('6fe3b0866563479da35301f3a7bfe91e',00000000019,'2018-09-19 20:55:26','188ee56d47f24fa6a851ee491f528e3a','3',NULL,0,'1','1','1','',NULL,2,0,NULL,NULL,NULL,NULL,0),('d94013f5feaf46afb8015d6b4278533d',00000000020,'2018-09-20 09:08:58','4ebeabec001e436c9df68487f2fb4ad0','1f339d03a0b74dc3b33042294cd07b97',0.10,0,'aa','aa','44','aa','2018-09-20 09:09:05',1,0,NULL,NULL,NULL,NULL,0),('a1aca1d2b3cc4b799fbb2fe8ed0dc0ee',00000000021,'2018-09-20 09:42:31','3134b458e3fd4faaa7a72f1b46be240c','1f339d03a0b74dc3b33042294cd07b97',0.01,0,'aa','aa','aa','aaa',NULL,2,0,NULL,NULL,NULL,NULL,0),('23f798ee064144ccaed8cfd3a76faf2c',00000000022,'2018-09-20 09:42:53','3134b458e3fd4faaa7a72f1b46be240c','1f339d03a0b74dc3b33042294cd07b97',0.01,0,'aa','aa','aa','aaa','2018-09-20 09:43:24',1,0,NULL,NULL,NULL,NULL,0),('81274c915dde42fc877543c571dda5e4',00000000023,'2018-09-20 11:24:50','273b7a9ca6604e3d9e7929ea53d58010','1f339d03a0b74dc3b33042294cd07b97',0.10,0,'aa','aa','aa','aa','2018-09-20 11:25:13',3,0,NULL,0.10,NULL,0,0),('be03fae96fb54dcba2be3a8593725d07',00000000024,'2018-09-20 11:27:08','1fb195f805444a249092bc895fe2b210','1f339d03a0b74dc3b33042294cd07b97',0.10,0,'aaaa','aaaa','aaaa','aaaaa','2018-09-20 11:27:35',3,1,NULL,0.09,NULL,5,0),('1cccba61b58d435faf9b27b33c49b8c7',00000000025,'2018-09-20 11:55:29','6afcff69bc9548339781c6d795b6279f','1',0.01,0,'大海','123654','654123','123564879','2018-09-22 17:19:03',3,1,'qwe',0.01,0.00,15,0),('52d144595d96439aaa883d4a7a1865f5',00000000026,'2018-09-20 14:49:02','1fb195f805444a249092bc895fe2b210','1f339d03a0b74dc3b33042294cd07b97',0.10,0,'aa','aa','aa','aa','2018-09-20 14:49:24',3,1,NULL,0.09,NULL,5,0),('795b658b491d4550a60e012e4c19be85',00000000027,'2018-09-20 14:49:49','1fb195f805444a249092bc895fe2b210','1f339d03a0b74dc3b33042294cd07b97',0.10,0,'aa','aa','aa','aa','2018-09-20 15:41:49',3,1,'退出测试，理由很多撒发达试点范围VS发为撒地方而但是废墟此次二恶的发射点是的法国人世代相传\n1.双方的非常\n2.试点范围是否\n发的分公司发热打发打发\n的风格认同台湾reed发',0.09,NULL,5,0),('589e7d587cb340ffa204dc2c25328a0e',00000000028,'2018-09-20 15:44:27','e7ca28d5a768443fa8d551d6687aaebb','1f339d03a0b74dc3b33042294cd07b97',0.10,0,'aaa','aaaa','aaaaaa','aaaaaa','2018-09-20 15:46:13',3,1,'测试，\n1.有换行内容\n2.阿斯蒂芬\n3.收费\n4.阿斯蒂芬',0.09,NULL,10,0),('cf0ca88a6e7b43b8a155fd3f33d254a5',00000000029,'2018-09-20 15:47:38','5f292dad64ef4f7bb26f6dee0e947eb9','1',NULL,0,'我','1231','2312','3','2018-09-20 16:33:36',2,1,'不想去了',NULL,NULL,NULL,0),('6b9f5e691a0b4aee92ac725fa7cd81fd',00000000030,'2018-09-20 15:48:23','5f292dad64ef4f7bb26f6dee0e947eb9','3',NULL,0,'苹果','dgg','6876','ty ui','2018-09-20 16:45:05',2,1,'我在外面',NULL,NULL,NULL,0),('b0d17d673aa44427a0774a5080b82c8c',00000000031,'2018-09-20 16:33:39','5f292dad64ef4f7bb26f6dee0e947eb9','1f339d03a0b74dc3b33042294cd07b97',NULL,0,'aaa','aa','aa','aaa','2018-09-20 16:35:39',2,1,NULL,NULL,NULL,NULL,0),('f3f6fdbb0d294e6cb4ff5823cdf8ad08',00000000032,'2018-09-20 16:35:28','5f292dad64ef4f7bb26f6dee0e947eb9','1',NULL,0,'123','123','123','123','2018-09-20 16:36:39',2,1,NULL,NULL,NULL,NULL,0),('86d226b1364840bcb4f7ac79d0d7976d',00000000033,'2018-09-20 16:37:23','5f292dad64ef4f7bb26f6dee0e947eb9','1f339d03a0b74dc3b33042294cd07b97',NULL,0,'a','a','a','a','2018-09-20 16:38:58',4,2,'asdf',NULL,NULL,NULL,0),('9f4d12f0f4cb46a48627acf5d559fff3',00000000034,'2018-09-20 16:39:40','5f292dad64ef4f7bb26f6dee0e947eb9','1',NULL,0,'qwe','12312','213213','12312','2018-09-20 16:39:49',2,1,NULL,NULL,NULL,NULL,0),('a8b3ad2e928f4603a0a4557fa405ca3a',00000000035,'2018-09-20 16:40:06','5f292dad64ef4f7bb26f6dee0e947eb9','1',NULL,0,'1231','123123','1231','1231','2018-09-20 16:51:40',2,1,'qeweqweq',NULL,NULL,NULL,0),('65cda04b949148c1af3ab36ea1c59214',00000000036,'2018-09-20 16:46:45','5f292dad64ef4f7bb26f6dee0e947eb9','3',NULL,0,'苹果','苹果','357953','苹果','2018-09-20 16:51:43',2,1,NULL,NULL,NULL,NULL,0),('5ab6fca5b93d4f51846db3c1b1589dcd',00000000037,'2018-09-20 16:52:13','5f292dad64ef4f7bb26f6dee0e947eb9','1',NULL,0,'2131','123','123','123','2018-09-20 16:55:33',4,2,'阿萨德',NULL,NULL,NULL,0),('a1b0f056f3564720b169fb8e2719da66',00000000038,'2018-09-20 16:57:03','5a0c245222b5423cb59635c3574932d7','1f339d03a0b74dc3b33042294cd07b97',99.00,0,'a','a','a','a',NULL,2,0,NULL,NULL,NULL,NULL,0),('1692c277821d4a84ab8661dc4de9bb93',00000000039,'2018-09-20 16:57:45','5a0c245222b5423cb59635c3574932d7','1f339d03a0b74dc3b33042294cd07b97',0.10,0,'a','a','a','a','2018-09-20 17:03:07',3,1,NULL,0.08,NULL,15,0),('002bb9c6c09f40bdbdc6ef28e6252430',00000000040,'2018-09-20 17:09:33','5a0c245222b5423cb59635c3574932d7','1f339d03a0b74dc3b33042294cd07b97',0.10,0,'aa','aa','aa','aaa','2018-09-20 17:09:57',3,1,NULL,0.08,NULL,15,0),('1c0e0f5f265a482a9020fa7c285a2bd0',00000000041,'2018-09-20 17:26:46','5f292dad64ef4f7bb26f6dee0e947eb9','3',NULL,0,'苹果','苹果','24567784','苹果手机用户',NULL,4,0,NULL,NULL,NULL,NULL,0),('7a6acbdcbdd74a0692749fb396cb5b1b',00000000042,'2018-09-21 10:55:28','665ff31eefcd43e19c5df0ccec2d9204','98816ec72c04473780aa3e329f4dbff3',0.10,0,'1','1','1','1','2018-09-21 11:01:42',3,1,NULL,0.08,0.02,20,0),('46bc83d0c596432aa407b0f00d733736',00000000043,'2018-09-21 11:02:14','665ff31eefcd43e19c5df0ccec2d9204','98816ec72c04473780aa3e329f4dbff3',0.10,0,'1','1','1','1',NULL,2,0,NULL,NULL,NULL,NULL,0),('58275a8198334487ad7d1958ef384b95',00000000044,'2018-09-21 15:44:24','41bf40d1632a4f11a376d9fb818efd44','1f339d03a0b74dc3b33042294cd07b97',0.10,0,'a','a','a','a',NULL,2,0,NULL,NULL,NULL,NULL,0),('57a08a8cf99043da9b0190c3c7bff47c',00000000045,'2018-09-21 15:51:42','41bf40d1632a4f11a376d9fb818efd44','1f339d03a0b74dc3b33042294cd07b97',0.10,0,'a','a','a','a',NULL,2,0,NULL,NULL,NULL,NULL,0),('4582713b48484e469973edd8cecb8be5',00000000046,'2018-09-21 15:53:07','41bf40d1632a4f11a376d9fb818efd44','1f339d03a0b74dc3b33042294cd07b97',0.10,0,'a','a','a','a',NULL,2,0,NULL,NULL,NULL,NULL,0),('b43992f0b8294aeabe18e8dc5177a176',00000000047,'2018-09-21 15:54:25','41bf40d1632a4f11a376d9fb818efd44','1f339d03a0b74dc3b33042294cd07b97',0.10,0,'a','a','a','a','2018-09-21 16:01:40',3,1,NULL,0.09,0.01,10,0),('29facea8f1e24785b6ff06ce6e3801a4',00000000048,'2018-09-21 16:02:05','41bf40d1632a4f11a376d9fb818efd44','1f339d03a0b74dc3b33042294cd07b97',0.10,0,'a','a','a','a','2018-09-21 16:03:01',3,1,NULL,0.09,0.01,10,0),('477ac02a736b4d0891e6a1832985df74',00000000049,'2018-09-21 16:03:57','41bf40d1632a4f11a376d9fb818efd44','1f339d03a0b74dc3b33042294cd07b97',0.10,0,'a','a','a','a','2018-09-21 16:04:22',3,1,NULL,0.09,0.01,10,0),('361b0392d9fa482296f25faf477e5266',00000000050,'2018-09-21 16:08:32','41bf40d1632a4f11a376d9fb818efd44','1f339d03a0b74dc3b33042294cd07b97',0.10,0,'a','a','a','a','2018-09-21 16:08:58',3,1,NULL,0.09,0.01,10,0),('e85c238d0f604f3597f59abe62ef0689',00000000051,'2018-09-21 16:40:28','b88a64300ddd42e3818ed0aa5b6d3824','1f339d03a0b74dc3b33042294cd07b97',NULL,0,'a','a','a','a','2018-09-21 17:04:17',2,1,'aaa',NULL,NULL,NULL,0),('57c73510328043b2b26d659c113076ed',00000000052,'2018-09-21 16:47:09','3399bfddfde04e85a90bea8709cb0f1f','1f339d03a0b74dc3b33042294cd07b97',0.10,0,'a','a','a','a','2018-09-21 16:47:41',1,2,'取消报名测试',NULL,NULL,NULL,0),('266012d685d74620bf8ba5578844d9ef',00000000053,'2018-09-21 17:05:10','b88a64300ddd42e3818ed0aa5b6d3824','1f339d03a0b74dc3b33042294cd07b97',NULL,0,'aa','aa','aa','aa','2018-09-21 17:05:20',2,1,'aaa',NULL,NULL,NULL,0),('bb32d107514c405f8f01081084bc58be',00000000054,'2018-09-21 17:06:09','b88a64300ddd42e3818ed0aa5b6d3824','1f339d03a0b74dc3b33042294cd07b97',NULL,0,'a','a','a','a','2018-09-21 17:06:17',2,1,'a',NULL,NULL,NULL,0),('ca454ff92add4ebf9ab9f63c87a9f70d',00000000055,'2018-09-21 17:08:07','b88a64300ddd42e3818ed0aa5b6d3824','1f339d03a0b74dc3b33042294cd07b97',NULL,0,'a','a','a','a','2018-09-21 17:08:14',2,1,NULL,NULL,NULL,NULL,0),('725201db5e8b4d34836534ff2f893c4f',00000000056,'2018-09-21 17:08:19','b88a64300ddd42e3818ed0aa5b6d3824','1f339d03a0b74dc3b33042294cd07b97',NULL,0,'a','a','a','a','2018-09-21 17:08:25',2,1,'a',NULL,NULL,NULL,0),('84edd66c83794c7fb6a85d052142ea84',00000000057,'2018-09-21 17:43:23','08e197a4fc074ba3b2ca3fc1e809e4a2','1f339d03a0b74dc3b33042294cd07b97',0.10,0,'a','a','a','a',NULL,2,0,NULL,NULL,NULL,NULL,0),('b4f841e9b70f4d80bb0127a02b517095',00000000058,'2018-09-21 17:43:37','08e197a4fc074ba3b2ca3fc1e809e4a2','1f339d03a0b74dc3b33042294cd07b97',0.10,0,'a','a','a','a',NULL,2,0,NULL,NULL,NULL,NULL,0),('dedbe064121d40f69f95a5c0e355a619',00000000059,'2018-09-21 17:43:48','08e197a4fc074ba3b2ca3fc1e809e4a2','1f339d03a0b74dc3b33042294cd07b97',0.10,0,'a','a','a','a',NULL,2,0,NULL,NULL,NULL,NULL,0),('e5dc4270930343d79f05fe6e171d4325',00000000060,'2018-09-21 17:46:55','ad1ed0ac98764590aa820403aa86d401','1f339d03a0b74dc3b33042294cd07b97',0.10,0,'a','a','a','a','2018-09-21 19:22:13',3,1,NULL,0.09,0.01,5,0),('81afcdddd7044455ae45ee2d073a726d',00000000061,'2018-09-21 17:50:34','234c6d7c81054e879ef48e47b66e5253','1f339d03a0b74dc3b33042294cd07b97',NULL,0,'a','a','a','a',NULL,4,0,NULL,NULL,NULL,NULL,0),('a97f553391b84482a01218f74f922030',00000000062,'2018-09-21 17:57:31','08e197a4fc074ba3b2ca3fc1e809e4a2','1f339d03a0b74dc3b33042294cd07b97',0.10,0,'a','a','1','q','2018-09-21 17:57:38',1,0,NULL,NULL,NULL,NULL,0),('9d09ab4b7c7c4fbb8344a5a339e240f3',00000000063,'2018-09-21 17:57:32','08e197a4fc074ba3b2ca3fc1e809e4a2','1f339d03a0b74dc3b33042294cd07b97',0.10,0,'a','a','1','q',NULL,2,0,NULL,NULL,NULL,NULL,0),('503ba9fb41bf4867803ebc78e11c2108',00000000064,'2018-09-21 19:35:10','233358d1a8d5461f9d27382876592100','1f339d03a0b74dc3b33042294cd07b97',0.01,0,'1','1','1','111111','2018-09-21 19:35:18',1,0,NULL,NULL,NULL,NULL,0),('4437d11eacde49a8a950012154ac8fca',00000000065,'2018-09-21 19:40:09','b88a64300ddd42e3818ed0aa5b6d3824','5',NULL,0,'rt','tyh','12335545','455',NULL,4,0,NULL,NULL,NULL,NULL,0),('26d578e9d30842bc868f682f51033e2f',00000000066,'2018-09-21 21:54:46','ad1ed0ac98764590aa820403aa86d401','1f339d03a0b74dc3b33042294cd07b97',0.10,0,'a','a','4','a','2018-09-21 22:22:00',3,1,NULL,0.08,0.02,20,0),('0370029830f44227a4d135357becf6b5',00000000067,'2018-09-21 22:10:42','3883c582f8fb436f949248b3fd5d40fa','1f339d03a0b74dc3b33042294cd07b97',0.10,0,'1','g','1','吖','2018-09-21 22:11:09',3,1,NULL,0.10,0.00,0,0),('c31d9918f232420bb0b8d125c883446d',00000000068,'2018-09-21 22:11:48','3883c582f8fb436f949248b3fd5d40fa','1f339d03a0b74dc3b33042294cd07b97',0.10,0,'a','a','4','a','2018-09-21 22:12:38',3,1,'aa',0.10,0.00,0,0),('efca3926486b4c0dbd4d17145382eb22',00000000069,'2018-09-21 22:13:59','3883c582f8fb436f949248b3fd5d40fa','1f339d03a0b74dc3b33042294cd07b97',0.10,0,'a','a','4','a','2018-09-21 22:14:27',3,1,NULL,0.10,0.00,0,0),('360005fc5b834f3998a103b6709dd8c9',00000000070,'2018-09-21 22:25:07','ad1ed0ac98764590aa820403aa86d401','1f339d03a0b74dc3b33042294cd07b97',10.00,0,'a','a','1','a',NULL,2,0,NULL,NULL,NULL,NULL,0),('65fbabbe7e8c46ff929649d6ebff8a8c',00000000071,'2018-09-21 22:25:56','ad1ed0ac98764590aa820403aa86d401','1f339d03a0b74dc3b33042294cd07b97',0.10,0,'a','a','4','a','2018-09-21 22:26:45',3,1,'aa',0.08,0.02,20,0),('7d627159516346a5bf7624a971922a19',00000000072,'2018-09-22 09:28:01','e3868937b9b149c2b80e2ced305aa4f6','1f339d03a0b74dc3b33042294cd07b97',NULL,0,'a','a','a','a','2018-09-22 09:28:45',2,1,NULL,NULL,NULL,NULL,0),('2e6ba3649d9a4a809aa00487d255af70',00000000073,'2018-09-22 09:52:27','d5994916eeb448c7ac3c1e355b47270e','1',0.01,0,'我','123','123','','2018-09-22 10:01:52',3,1,'我',0.01,0.00,5,0),('e40b3d31c12640b68706815a8864b970',00000000074,'2018-09-22 09:56:04','d5994916eeb448c7ac3c1e355b47270e','98816ec72c04473780aa3e329f4dbff3',0.01,0,'123','123','123','1','2018-09-22 09:57:06',3,1,NULL,0.01,0.00,5,0),('ecfffab6383347fcb09a74c7f9289423',00000000075,'2018-09-22 09:59:36','d5994916eeb448c7ac3c1e355b47270e','98816ec72c04473780aa3e329f4dbff3',0.01,0,'121','123','123','1','2018-09-22 10:01:39',3,1,'1',0.01,0.00,5,0),('493bef9f6fef4ea498b5fe8c89952a55',00000000076,'2018-09-22 10:05:12','d5994916eeb448c7ac3c1e355b47270e','1',0.01,0,'我','123','123','123','2018-09-22 10:05:19',3,0,NULL,0.01,0.00,0,0),('82215d6dedb14ff7b9b493dadccf5a2b',00000000077,'2018-09-22 10:20:19','b1e77df979b440f89245e34c08c18fe9','1',NULL,0,'他','二','','','2018-09-22 10:21:44',2,1,NULL,NULL,NULL,NULL,0),('3b899bb174e847cb95d21b26914ba3f8',00000000078,'2018-09-22 10:26:47','73fa3e9330db4d52a4da3b8e7e142563','1',NULL,0,'我让','我','123','','2018-09-22 10:26:54',2,1,NULL,NULL,NULL,NULL,0),('6d0a082447a14f228e37d2b2812ffb7c',00000000079,'2018-09-22 10:30:46','73fa3e9330db4d52a4da3b8e7e142563','c141fac9aa9e4da39dd22c21ba8e16a6',NULL,0,'31316','4646','46646','',NULL,2,0,NULL,NULL,NULL,NULL,0),('4157540d78254ea3a546840f7f6ca10d',00000000080,'2018-09-22 11:18:47','c16634601bed42f49d45ec4d5b547616','1f339d03a0b74dc3b33042294cd07b97',0.10,0,'a','a','1','a','2018-09-22 11:22:38',3,1,'还好还好哈',0.09,0.01,5,0),('8cf36fdc579f4eb1900d596cedc8b7b1',00000000081,'2018-09-22 11:26:05','c16634601bed42f49d45ec4d5b547616','1f339d03a0b74dc3b33042294cd07b97',0.10,0,'a','a','4','aaa','2018-09-22 11:26:11',1,0,NULL,NULL,NULL,NULL,0),('43c766d743b445ebb1c6b75b0a54e6d8',00000000082,'2018-09-22 11:36:36','990288059d834a5099d0720e56feb30b','1f339d03a0b74dc3b33042294cd07b97',NULL,0,'呵呵','了','4','够','2018-09-22 11:46:16',2,1,'估计',NULL,NULL,NULL,0),('7b05153b0e71430cb921ad9132a6df1f',00000000083,'2018-09-22 11:43:26','990288059d834a5099d0720e56feb30b','1',NULL,0,'哈哈','123654','654123','123','2018-09-22 11:43:56',2,1,NULL,NULL,NULL,NULL,0),('08b9363ba472446a8fe4971f9ec37a79',00000000084,'2018-09-22 11:44:22','990288059d834a5099d0720e56feb30b','98816ec72c04473780aa3e329f4dbff3',NULL,0,'2','2','2','2','2018-09-22 11:46:22',2,1,NULL,NULL,NULL,NULL,0),('4bd3ec4347834918840fd65cdfad700e',00000000085,'2018-09-22 15:18:20','5f70ac1c2caf4187b9bbbd89dc695c50','98816ec72c04473780aa3e329f4dbff3',NULL,0,'1','2','2','12',NULL,4,0,NULL,NULL,NULL,NULL,0),('7dcef9dac3b445b395083aa74b7c1ba2',00000000086,'2018-09-22 15:24:31','797a026f1804489c8e5b110c1071f889','98816ec72c04473780aa3e329f4dbff3',NULL,0,'1','2','2','12',NULL,4,0,NULL,NULL,NULL,NULL,0),('228af03b91074ad49252503314aa3e8a',00000000087,'2018-09-22 15:25:27','e8009d009e554af4b310edc90065bab2','98816ec72c04473780aa3e329f4dbff3',0.01,0,'2','2','2','2','2018-09-22 15:25:34',1,0,NULL,NULL,NULL,NULL,0),('6a6eb818507544a6b0bc96cbaa5d6fdf',00000000088,'2018-09-22 15:51:24','a23d2cc9a65446cd87ccec57397feee2','1f339d03a0b74dc3b33042294cd07b97',0.10,0,'a','a','a','a','2018-09-22 15:51:46',1,0,NULL,NULL,NULL,NULL,0),('b0d663075e07472dbfe87553f9ff6e1a',00000000089,'2018-09-22 16:05:04','797a026f1804489c8e5b110c1071f889','1f339d03a0b74dc3b33042294cd07b97',NULL,0,'a','a','a','a',NULL,4,0,NULL,NULL,NULL,NULL,0),('93101f2f2b0144d69ff7370da6333553',00000000090,'2018-09-22 16:45:59','553aa3d9fa3e40cb97af552d4017ac1f','5',0.01,0,'理解','123','123','123',NULL,2,0,NULL,NULL,NULL,NULL,0),('72dbd36048794d339c31fa0f30069554',00000000091,'2018-09-22 16:49:05','c35cf10b21464f48b2496e30b2e3899d','5',NULL,0,'理解','123','123','123','2018-09-22 17:31:33',2,1,NULL,NULL,NULL,NULL,0),('2bda0adc1e9a4675af07e07e0756a8ba',00000000092,'2018-09-22 17:19:44','b1e77df979b440f89245e34c08c18fe9','1',NULL,0,'123','123','123','123','2018-09-22 17:21:18',2,1,NULL,NULL,NULL,NULL,0),('bae9fe4c4f8544faacf48952fb18574b',00000000093,'2018-09-22 17:24:02','b1e77df979b440f89245e34c08c18fe9','1',NULL,0,'123','123','123','123','2018-09-27 16:10:34',2,1,NULL,NULL,NULL,NULL,0),('2f95231df9f64f7d80443a0cb0373f4a',00000000094,'2018-09-22 17:31:57','c35cf10b21464f48b2496e30b2e3899d','5',NULL,0,'你好','123','123','123',NULL,4,0,NULL,NULL,NULL,NULL,0),('41f9b121a81045a7a9773412ed83cc8b',00000000095,'2018-09-25 09:02:51','864857b9c9344cc7bd6a1386e3f19899','1',0.10,0,'请问','werw','12321','12312',NULL,2,0,NULL,NULL,NULL,NULL,0),('75c352c5da1740ff9090440d2ccbbc29',00000000096,'2018-09-25 09:11:27','bb7c0aeae2464f0c952e7e7507bcf10c','5',NULL,0,'cs','cs','123456','123456',NULL,2,0,NULL,NULL,NULL,NULL,0),('0581fde039b54831b88862d9fe6f58d1',00000000097,'2018-09-25 09:22:49','bb7c0aeae2464f0c952e7e7507bcf10c','1',NULL,0,'asd','sads','12313','211','2018-09-25 09:36:47',2,1,NULL,NULL,NULL,NULL,0),('189620d2698a4c73b984a89593505e1e',00000000098,'2018-09-25 09:38:55','bb7c0aeae2464f0c952e7e7507bcf10c','1',NULL,0,'123321','123321','123321','123321',NULL,2,0,NULL,NULL,NULL,NULL,0),('1b828025bccd471cb720ffda42b0947e',00000000099,'2018-09-25 09:42:04','ddb7cab42656494fa06f7c38e0df19ec','1',200.00,0,'213','123','123','123',NULL,2,0,NULL,NULL,NULL,NULL,0),('a63d9344192245818b85b0cb8b597fcc',00000000100,'2018-09-25 09:42:55','bb7c0aeae2464f0c952e7e7507bcf10c','5',NULL,0,'\'出来了','口','123456','',NULL,4,0,NULL,NULL,NULL,NULL,0),('097998c2511244b39df112d40724d905',00000000101,'2018-09-25 09:46:08','4ff87403b5854951bdaba78afd9edee8','5',NULL,0,'JJ了','女','456','',NULL,4,0,NULL,NULL,NULL,NULL,0),('6f7ba3148d11418eacfca088fe1a2774',00000000102,'2018-09-25 14:41:52','fd1ba81772a84591b9e4f23e9883a230','3',NULL,0,'测试','测试','1357847','','2018-09-25 15:20:34',2,1,'测试',NULL,NULL,NULL,0),('b97f257971674cc7986c7c32d686ac8b',00000000103,'2018-09-25 15:26:38','f5b5bc1ea46843a0909a00b196f13d88','1',NULL,0,'啊啊啊','大方的说法','2342','234','2018-09-25 15:31:32',2,1,NULL,NULL,NULL,NULL,0),('92b85904268c49168dc728e5f4de4ab6',00000000104,'2018-09-25 15:34:46','f5b5bc1ea46843a0909a00b196f13d88','1',NULL,0,'dasd','asd','231','123','2018-09-25 15:34:54',2,1,NULL,NULL,NULL,NULL,0),('84c619577be4405f8f3f7c2ef2f90b77',00000000105,'2018-09-26 10:48:29','1af94eb8cb044a419e3223ecf06843d7','1',0.01,0,'www','www','123','123',NULL,2,0,NULL,NULL,NULL,NULL,0),('2cdc85d238f24178a8cfc63c33168095',00000000106,'2018-09-26 10:48:51','1af94eb8cb044a419e3223ecf06843d7','5',0.01,0,'女生','low','123456','5688',NULL,2,0,NULL,NULL,NULL,NULL,0),('88a0b823e9a74dcbb0094693a7505eb2',00000000107,'2018-09-26 11:06:26','9ff8c81c982e457997754f27c832776a','1',0.03,0,'wsdf','sfdf','2342','werw',NULL,2,0,NULL,NULL,NULL,NULL,0),('b0b43c62089b45df8cd091b1be34becb',00000000108,'2018-09-26 16:11:00','ca09aecd0da04d278ff567cb0f6bc991','1',NULL,0,'qwe','ewq','2132','adas',NULL,4,0,NULL,NULL,NULL,NULL,0),('1423668656ec41d599d335b024f167ce',00000000109,'2018-09-26 16:51:27','db3009002186421eab2f0a7617f0facd','1f339d03a0b74dc3b33042294cd07b97',2.00,0,'a','a','a','a',NULL,2,0,NULL,NULL,NULL,NULL,0),('6ad5c271eb574043864c05f6acb6793d',00000000110,'2018-09-26 17:05:17','cf44f593cf1f48afaa95865b92ac8708','1f339d03a0b74dc3b33042294cd07b97',0.10,0,'a','a','a','第一行\n第二行','2018-09-28 18:44:06',3,1,NULL,0.09,0.01,5,0),('9ec0c0b22e7641e09dd16776f0e0e5f6',00000000111,'2018-09-26 19:57:25','e2e9d493580347f3983dbbb7f823f268','1f339d03a0b74dc3b33042294cd07b97',0.10,0,'a','a','a','第一行\n第二行','2018-09-26 19:57:31',3,0,NULL,0.10,0.00,0,0),('39afea4afb0c413cb470a2fd1881c4d2',00000000112,'2018-09-26 20:07:19','853d119a2023487ebbf2135013a321b6','1f339d03a0b74dc3b33042294cd07b97',0.10,0,'a','a','a','第一行\n第二行','2018-09-26 20:07:26',3,0,NULL,0.10,0.00,0,0),('068cf63c60474b18b8bfb0b8a86159a5',00000000113,'2018-09-26 20:09:10','853d119a2023487ebbf2135013a321b6','512e6f4e09af45b2ab008a0133880f05',0.10,0,'2','2','2','1',NULL,2,0,NULL,NULL,NULL,NULL,0),('6068b1a95a94488d96fbbbf381fa3e33',00000000114,'2018-09-26 20:20:35','3ea17509047a452fbca7f57c8e3d9a18','1f339d03a0b74dc3b33042294cd07b97',0.10,0,'a','a','a','第一行\n第二行','2018-09-26 20:20:41',3,0,NULL,0.10,0.00,0,0),('8e24729fefb642a98f622994e370c34b',00000000115,'2018-09-26 20:41:35','a38744c34eb746d08cc6df272269b628','1f339d03a0b74dc3b33042294cd07b97',0.10,0,'a','a','a','第一行\n第二行','2018-09-26 20:41:40',1,0,NULL,NULL,NULL,NULL,0),('009fcf2f878d4b598f09251cc2bf1e99',00000000116,'2018-09-26 20:44:14','e8acd7d58c204e02a8d8618c70ba7f8b','1',0.01,0,'AA','好好干','123463','123856',NULL,0,0,NULL,NULL,NULL,NULL,0),('415b9509dd9242ffb9c1bfdd1913d51d',00000000117,'2018-09-27 09:54:46','7bc842a7b5e3485c80c0000b5509f27b','1f339d03a0b74dc3b33042294cd07b97',1.00,0,'a','a','a','第一行\n第二行','2018-09-27 09:54:53',1,0,NULL,NULL,NULL,NULL,0),('2959f6150a0241eabdd31866df514409',00000000118,'2018-09-27 10:47:30','a9add340722a4227818de37fd2aaa327','1f339d03a0b74dc3b33042294cd07b97',1.00,0,'a','a','a','第一行\n第二行','2018-09-27 10:47:37',1,0,NULL,NULL,NULL,NULL,0),('a7bedcc821b2415aaec2b7184fd0a1c0',00000000119,'2018-09-27 10:47:37','458e04e7cd4d4c3688976773e3aa59ce','1',0.03,0,'大海','pjh','133','133','2018-09-27 10:47:46',1,0,NULL,NULL,NULL,NULL,0),('94cac6ed694242f68e7cb6f61e41c1dd',00000000120,'2018-09-27 11:39:13','1f73a9c2414740ba8bb0d05079855aaf','1f339d03a0b74dc3b33042294cd07b97',1.00,0,'a','a','a','第一行\n第二行','2018-09-27 11:39:20',1,0,NULL,NULL,NULL,NULL,0),('2ec7c891a0034f7988558e94e50a504d',00000000121,'2018-09-27 14:43:51','42cfd3e22dd9461e8ccff13b10693072','1f339d03a0b74dc3b33042294cd07b97',1.00,0,'a','a','a','第一行\n第二行','2018-09-27 14:44:11',1,0,NULL,NULL,NULL,NULL,0),('804858949c7c428882be455e359ea986',00000000122,'2018-09-27 15:17:37','a73c9528a18f4fd589cffc5bcec4d1a0','1f339d03a0b74dc3b33042294cd07b97',0.50,0,'a','a','a','第一行\n第二行','2018-09-27 15:17:57',1,0,NULL,NULL,NULL,NULL,0),('e9d52c79de1746a68b14b07f83b71d2a',00000000123,'2018-09-27 15:59:12','ea81885325e54172bf9060b547d38a32','1',0.02,0,'大海','pjh','133','133',NULL,2,0,NULL,NULL,NULL,NULL,0),('2fcefc607c284376a7de6b7b5606d94e',00000000124,'2018-09-27 16:21:55','9ff8c81c982e457997754f27c832776a','512e6f4e09af45b2ab008a0133880f05',0.03,0,'2','2','2','1',NULL,2,0,NULL,NULL,NULL,NULL,0),('7001f8e0093f4220b83e9971127f0f4e',00000000125,'2018-09-27 16:24:08','9ff8c81c982e457997754f27c832776a','512e6f4e09af45b2ab008a0133880f05',0.03,0,'2','2','2','1','2018-09-27 16:27:07',3,1,NULL,0.03,0.00,0,0),('d8a155cb75e34ea0be4257771c9a2375',00000000126,'2018-09-27 16:24:47','0109bb26fb4c40e5b6ece8ebe625eb20','512e6f4e09af45b2ab008a0133880f05',0.02,0,'2','2','2','1',NULL,2,0,NULL,NULL,NULL,NULL,0),('c7dd796732eb4ce583ae820f20e32e2c',00000000127,'2018-09-27 16:25:31','0109bb26fb4c40e5b6ece8ebe625eb20','1f339d03a0b74dc3b33042294cd07b97',0.02,0,'a','a','a','第一行\n第二行',NULL,2,0,NULL,NULL,NULL,NULL,0),('6a5b69160dd94ca992e2c9eafe9dbcfa',00000000128,'2018-09-27 16:26:46','0109bb26fb4c40e5b6ece8ebe625eb20','1f339d03a0b74dc3b33042294cd07b97',0.02,0,'a','a','a','第一行\n第二行','2018-09-27 16:26:53',1,0,NULL,NULL,NULL,NULL,13),('038d8d2e2c1042109c8e60f7b23dc1cc',00000000129,'2018-09-27 16:27:18','0109bb26fb4c40e5b6ece8ebe625eb20','512e6f4e09af45b2ab008a0133880f05',0.02,0,'2','2','2','1','2018-09-27 16:27:58',3,1,NULL,0.02,0.00,5,0),('1448f80796034d4e8b7ea34aa68e41b7',00000000130,'2018-09-27 16:28:11','0109bb26fb4c40e5b6ece8ebe625eb20','512e6f4e09af45b2ab008a0133880f05',0.01,0,'2','2','2','1',NULL,0,0,NULL,NULL,NULL,NULL,0),('b52ccfdc90f24c10b57825d37d52d8cf',00000000131,'2018-09-27 17:04:05','6d700e247e7a4572bfab43b6473902f6','1f339d03a0b74dc3b33042294cd07b97',0.20,0,'a','a','a','第一行\n第二行','2018-10-08 14:27:23',3,1,NULL,0.20,0.00,0,1),('3e75461a46684a87a0ddca8b0d4f6219',00000000132,'2018-09-27 19:23:47','a241383557b3418a9928c34c65cdc87c','1',0.02,0,'大海','pjh','133','133','2018-09-27 19:23:54',1,0,NULL,NULL,NULL,NULL,0),('4da8ab64490d4a89b6e6cd6e982debc4',00000000133,'2018-09-28 10:50:57','d0379d3ae43946308368df74e2bfea86','512e6f4e09af45b2ab008a0133880f05',1.00,0,'2','2','2','1','2018-09-28 10:51:03',1,0,NULL,NULL,NULL,NULL,1),('45b07fd16f324cfebc7e1e4057823b6c',00000000134,'2018-09-28 10:52:39','d0379d3ae43946308368df74e2bfea86','1f339d03a0b74dc3b33042294cd07b97',1.00,0,'a','a','a','第一行\n第二行','2018-09-28 10:52:51',1,0,NULL,NULL,NULL,NULL,0),('8fd197b425e4463ca0a690cfbd880b00',00000000135,'2018-09-28 17:57:14','d6d97d50537a4b788221639970bb3535','512e6f4e09af45b2ab008a0133880f05',0.10,0,'2','2','2','1',NULL,0,0,NULL,NULL,NULL,NULL,0),('05683c00227b4f26b6956c3ad4722257',00000000136,'2018-09-28 17:57:24','d6d97d50537a4b788221639970bb3535','512e6f4e09af45b2ab008a0133880f05',0.10,0,'2','2','2','1',NULL,0,0,NULL,NULL,NULL,NULL,0),('0c339e0106e944e480b46b2c62cfd083',00000000137,'2018-09-28 19:31:16','e4471456fd0b4ac987d2f843eef75927','1',0.02,0,'大海','pjh','133','133','2018-09-28 19:31:24',3,0,NULL,0.02,0.00,0,0),('df0d7ab4cfab433f9ce368a2cc78a5a1',00000000138,'2018-09-28 19:31:17','0a9f47f62eae4495896a9d911b46b0aa','512e6f4e09af45b2ab008a0133880f05',0.01,0,'宋高俊','126456','10000002','1','2018-09-28 19:31:25',3,0,NULL,0.01,0.00,0,0),('b607253eeec94be8a201d212aad1defe',00000000139,'2018-09-28 19:49:32','3522a791a73d475e922f9c6cb15059c3','1',0.02,0,'大海','pjh','133','133','2018-09-28 19:49:40',1,0,NULL,NULL,NULL,NULL,0),('9a0db98440844cea9ec35d0339e6d1d2',00000000140,'2018-09-28 21:00:14','76c6b6c823f94a99a140cef5e300f990','1',0.03,0,'大海','pjh','133','133','2018-09-29 08:56:27',3,1,NULL,0.03,0.00,5,0),('7aa6f590b70a46dd8630f9a407aa0974',00000000141,'2018-09-28 22:29:51','9bc2dac30f9f4d5aadab53ffd4a79b25','1f339d03a0b74dc3b33042294cd07b97',0.10,0,'a','a','a','第一行\n第二行',NULL,2,0,NULL,NULL,NULL,NULL,0),('65c00a9a11b8415da7d250cf36716298',00000000142,'2018-09-29 09:01:44','498133fa9fc94a59b9cab0edb66605c6','1f339d03a0b74dc3b33042294cd07b97',0.10,0,'a','a','a','第一行\n第二行','2018-09-29 09:01:50',3,0,NULL,0.10,0.00,0,0),('98490cd3b2ac4c98ae298ebe50b10608',00000000143,'2018-09-29 09:03:48','a98dc93754174246a993913bd09ddb25','1f339d03a0b74dc3b33042294cd07b97',0.10,0,'a','a','a','第一行\n第二行','2018-09-29 09:03:54',1,0,NULL,NULL,NULL,NULL,0),('4b81a53502954b4286e2d86a4f6dfb05',00000000144,'2018-09-29 09:08:30','47437560486649d8b1206406482f17b6','1f339d03a0b74dc3b33042294cd07b97',0.10,0,'a','a','a','第一行\n第二行','2018-09-29 09:08:54',1,0,NULL,NULL,NULL,NULL,0),('e0b7fe875c6f41838d75f75cb41118e1',00000000145,'2018-09-29 09:08:55','f3a7af79325542d19583d68f8fc6d74e','1',0.20,0,'大海','pjh','133','133',NULL,2,0,NULL,NULL,NULL,NULL,0),('902698be540d444b9a7c866a91bad9f5',00000000146,'2018-09-29 09:50:37','38a7db57415a4b11abd1767e672d4d7d','1',0.10,0,'大海','pjh','133','133','2018-09-29 09:50:50',3,0,NULL,0.10,0.00,0,0),('ee21dc85d38141e7a45c1068dc9b943d',00000000147,'2018-09-29 10:07:21','a39d286a6e3340a595610e586d334464','1',0.10,0,'大海','pjh','133','133',NULL,2,0,NULL,NULL,NULL,NULL,0),('2759888c9ae746718e95a0eec942cc0a',00000000148,'2018-09-29 10:07:34','a39d286a6e3340a595610e586d334464','1',0.20,0,'大海','pjh','133','133','2018-09-29 10:07:52',1,0,NULL,NULL,NULL,NULL,0),('78b548d2d5d647119bf556440de48db5',00000000149,'2018-09-29 10:07:35','a39d286a6e3340a595610e586d334464','1f339d03a0b74dc3b33042294cd07b97',0.20,0,'a','a','a','第一行\n第二行',NULL,2,0,NULL,NULL,NULL,NULL,0),('4ee657eb9b394d4fbef23c319fc2a085',00000000150,'2018-09-29 10:10:41','b9dac38a7fbb442ab03861ec89e21017','1',0.20,0,'大海','pjh','133','133','2018-09-29 10:10:48',1,0,NULL,NULL,NULL,NULL,0),('f0bb1b5f91ae480abe5d2aa621d94f7f',00000000151,'2018-09-29 10:16:43','fae057d63f15467aa955dbc859f0a778','1',0.20,0,'大海','pjh','133','133','2018-09-29 10:16:55',1,0,NULL,NULL,NULL,NULL,0),('ca82294c9f8f402daff8b6a2b2f59fe7',00000000152,'2018-09-29 10:24:31','5298ffa8af5d40e882ee2cdeee1e890f','1',1.00,0,'大海','pjh','133','133','2018-09-29 10:24:38',1,0,NULL,NULL,NULL,NULL,0),('4b7563c93ce24e76b1388be8e4231540',00000000153,'2018-09-29 11:05:39','228d27e3885f48b7b2de2deac34903c0','1f339d03a0b74dc3b33042294cd07b97',0.10,0,'a','a','a','第一行\n第二行','2018-09-29 11:58:09',3,1,NULL,0.10,0.00,30,1),('cc3cc86cdb1343678f1c2e8cabadc978',00000000154,'2018-09-29 11:09:45','3df15ba6768b43f186abf8e6a1c96932','512e6f4e09af45b2ab008a0133880f05',1.00,0,'宋高俊','126456','10000002','1','2018-09-29 11:09:50',1,0,NULL,NULL,NULL,NULL,0),('b09fc051af3b4e3298ee26763956ee57',00000000155,'2018-09-29 11:10:16','3df15ba6768b43f186abf8e6a1c96932','1f339d03a0b74dc3b33042294cd07b97',1.00,0,'a','a','a','第一行\n第二行','2018-09-29 11:10:21',1,0,NULL,NULL,NULL,NULL,0),('a03a8191b84e49b6b5406111aa030f1a',00000000156,'2018-09-29 14:06:22','c0fe84cc27e74135bebb08e4940bf8b1','1',NULL,0,'大海','pjh','133','133',NULL,4,0,NULL,NULL,NULL,NULL,0),('be1b81e350f942fcabee06bf49d1c6a5',00000000157,'2018-09-29 14:07:12','fb93bf9b90184c569143e157410d09cd','1f339d03a0b74dc3b33042294cd07b97',1.00,0,'a','a','a','第一行\n第二行','2018-09-29 14:07:31',1,0,NULL,NULL,NULL,NULL,0),('90c38077873f4c128f347d5859964d22',00000000158,'2018-10-06 20:01:57','6d700e247e7a4572bfab43b6473902f6','c141fac9aa9e4da39dd22c21ba8e16a6',0.20,0,'Json-W','253','13923734655','','2018-10-06 20:02:06',1,0,NULL,NULL,NULL,NULL,2),('92092b8fa3da49b88592fe2eece5a2c5',00000000159,'2018-10-07 20:20:54','4b955ecfbb4548fab71071d168ed808f','c141fac9aa9e4da39dd22c21ba8e16a6',0.10,0,'Json-W','253','13923734655','',NULL,2,0,NULL,NULL,NULL,NULL,0),('029fa12fc52940c798525ee33f79190f',00000000160,'2018-10-07 20:20:59','4b955ecfbb4548fab71071d168ed808f','c141fac9aa9e4da39dd22c21ba8e16a6',0.10,0,'Json-W','253','13923734655','','2018-10-07 20:21:10',3,0,NULL,0.10,0.00,0,0),('137558a4fc7146f881e6fd694d03426d',00000000161,'2018-10-07 20:23:17','d0d8023168f64e35a023af4c550e172d','1f339d03a0b74dc3b33042294cd07b97',0.10,0,'a','a','a','第一行\n第二行','2018-10-07 20:25:57',3,1,NULL,0.10,0.00,25,0),('5b5e43935f934c1c928d593964bbef30',00000000162,'2018-10-07 20:26:06','d0d8023168f64e35a023af4c550e172d','1f339d03a0b74dc3b33042294cd07b97',0.10,0,'a','a','a','第一行\n第二行','2018-10-07 20:27:25',3,1,NULL,0.10,0.00,25,0),('5c3054c239e240bfb227f1a0f24de880',00000000163,'2018-10-07 20:27:33','d0d8023168f64e35a023af4c550e172d','1f339d03a0b74dc3b33042294cd07b97',0.10,0,'a','a','a','第一行\n第二行','2018-10-08 10:31:38',3,1,NULL,0.10,0.00,25,0),('c07983a804e94c1f9fd17f381e569b07',00000000164,'2018-10-08 10:38:02','d0d8023168f64e35a023af4c550e172d','1f339d03a0b74dc3b33042294cd07b97',0.10,0,'a','a','a','第一行\n第二行',NULL,2,0,NULL,NULL,NULL,NULL,0),('29fa66e3aade4b399a813e1c327cb338',00000000165,'2018-10-08 10:38:05','d0d8023168f64e35a023af4c550e172d','1f339d03a0b74dc3b33042294cd07b97',0.10,0,'a','a','a','第一行\n第二行','2018-10-08 10:38:35',1,0,NULL,NULL,NULL,NULL,0),('87c49ccbc240444e97cbb19df08555e4',00000000166,'2018-10-08 10:40:18','6d7045a5cddc4c038f524596f1c7ef4e','1f339d03a0b74dc3b33042294cd07b97',NULL,0,'a','a','a','第一行\n第二行','2018-10-08 10:41:33',2,1,'asf',NULL,NULL,NULL,0),('1',00000000167,'2018-10-12 15:57:40','5eb8454430624aa180c13455127ff94f','512e6f4e09af45b2ab008a0133880f05',100.00,0,NULL,NULL,NULL,NULL,NULL,1,0,NULL,NULL,NULL,NULL,0),('2',00000000168,'2018-10-12 15:57:42','5eb8454430624aa180c13455127ff94f','1f339d03a0b74dc3b33042294cd07b97',100.00,0,NULL,NULL,NULL,NULL,NULL,1,0,NULL,NULL,NULL,NULL,0),('3',00000000169,'2018-10-12 15:57:59','5eb8454430624aa180c13455127ff94f','1',100.00,0,NULL,NULL,NULL,NULL,NULL,1,1,NULL,90.00,10.00,10,0),('f25de1a6aefc4aed900d4fa1a192b492',00000000170,'2018-10-20 10:43:41','d0d8023168f64e35a023af4c550e172d','512e6f4e09af45b2ab008a0133880f05',0.10,0,'123456','123456','12345','123',NULL,2,0,NULL,NULL,NULL,NULL,0),('0fccfa1429484945afd838d08f7af64e',00010000000,'2018-11-02 09:05:42','f5a8b68a6604442296b84a1a127ade09','c141fac9aa9e4da39dd22c21ba8e16a6',0.30,0,'Json-W','253','13923734655','','2018-11-02 09:05:57',1,0,NULL,NULL,NULL,NULL,0),('60e6e2f7af3e453ca91753a0e7962d31',00010000001,'2018-11-02 09:15:29','5a881060cc6a420e9695c64e165c2cb7','1f339d03a0b74dc3b33042294cd07b97',0.30,0,'梁','123','1234','测试',NULL,2,0,NULL,NULL,NULL,NULL,0);

/*Table structure for table `InviteLog` */

DROP TABLE IF EXISTS `InviteLog`;

CREATE TABLE `InviteLog` (
  `ID` varchar(32) NOT NULL COMMENT 'ID-约球日志',
  `Create_time` datetime NOT NULL COMMENT '创建时间',
  `Member_id` varchar(32) DEFAULT NULL COMMENT '用户ID',
  `InviteBall_id` varchar(32) DEFAULT NULL COMMENT '约球ID',
  `Content` varchar(100) DEFAULT NULL COMMENT '内容',
  `Type` int(1) NOT NULL DEFAULT '0' COMMENT '类型(0=留言1=通知)',
  PRIMARY KEY (`ID`)
) ENGINE=MyISAM DEFAULT CHARSET=utf8 COMMENT='约球日志';

/*Data for the table `InviteLog` */

insert  into `InviteLog`(`ID`,`Create_time`,`Member_id`,`InviteBall_id`,`Content`,`Type`) values ('1','2018-09-13 20:11:17','1f339d03a0b74dc3b33042294cd07b97','1','我报名了',0),('2','2018-09-13 20:11:39','1f339d03a0b74dc3b33042294cd07b97','1','小宋退出',1),('3b1ae8058c304414b036348ddf157ecd','2018-09-14 15:38:47','1f339d03a0b74dc3b33042294cd07b97','1','加油',0),('62816c9f1942438489d17efe7a8485dc','2018-09-15 16:33:42','1f339d03a0b74dc3b33042294cd07b97','1','加油',0),('5af6ebcaf32c4f5f8f7a91ff5b7a443e','2018-09-17 09:18:25','1f339d03a0b74dc3b33042294cd07b97','a23d2cc9a65446cd87ccec57397feee2','留言111',0),('47f11b13404f4098a05765a1309808a1','2018-09-17 10:08:06','1f339d03a0b74dc3b33042294cd07b97','undefined','[object Object]',0),('32cd6cc3444f48e5ab0ab304f0491f65','2018-09-17 10:08:28','1f339d03a0b74dc3b33042294cd07b97','undefined','[object Object]',0),('97aeca795d1e4ea9853d21c12394297f','2018-09-17 10:13:08','1f339d03a0b74dc3b33042294cd07b97','e12f866e02a945e7a10b76fd98c91907','留言111',0),('6ea063bfeff8498fb67df3cd8984cadd','2018-09-17 10:31:44','1f339d03a0b74dc3b33042294cd07b97','undefined','[object Object]',0),('c51b0b03d2c7428a8453bd207e77da5f','2018-09-17 10:33:05','1f339d03a0b74dc3b33042294cd07b97','undefined','[object Object]',0),('c70ee803233640d19b62ba72d35f592a','2018-09-17 10:33:35','1f339d03a0b74dc3b33042294cd07b97','undefined','上大学士大夫',0),('a014e0ecaefa4497b610e6c6f35d3aba','2018-09-17 10:34:39','1f339d03a0b74dc3b33042294cd07b97','e12f866e02a945e7a10b76fd98c91907','后还是非常定分割',0),('464ad63716604443850d79d8b53897ef','2018-09-17 10:35:20','1f339d03a0b74dc3b33042294cd07b97','e12f866e02a945e7a10b76fd98c91907','测试3333',0),('a50618723d024e8c8d785e1b3b7b4b9b','2018-09-17 10:50:23','1f339d03a0b74dc3b33042294cd07b97','f1b69417412241ecb6cf60ab62dfe279','第三个',0),('7882578de1d44fcab4f57a98d1ae3a0d','2018-09-17 19:47:46','1f339d03a0b74dc3b33042294cd07b97','57c494c79b4d418589f14e6b154c5735','[object Object]',0),('a46f66979f2c44428b86fb451c03b3f5','2018-09-17 19:49:21','1f339d03a0b74dc3b33042294cd07b97','f9ae20e994f2461f8ab6e6a8b2dee0eb','sdf',0),('7df2e6c4963f4e72baed05a5134a204a','2018-09-17 20:13:22','1','1','',0),('b9bd87fc91264c6c863e593d80297bb7','2018-09-17 20:14:57','1','1','',0),('6addecb021c145e39d7fe887c9c9fbdd','2018-09-17 20:18:13','1','1','',0),('d31adfefcc2b4caca4899f46aafd11ac','2018-09-17 20:19:41','1','1','',0),('31bc52750c3e4af2ac97d633ebf40086','2018-09-17 20:20:22','1','1','加油',0),('a2d0b88e37d345c8b5455088838bd9bf','2018-09-17 20:21:46','1','1','',0),('f18ad77744de413499f4b7534c4d94c6','2018-09-17 20:24:53','1','1',NULL,0),('06e9e555f7b94634a37fafd2a91250fa','2018-09-18 09:44:10','98816ec72c04473780aa3e329f4dbff3','32403ab174b443b3beebdaeff38ede25','测试留言',0),('cd3a9c11e1eb4e70be7344efe2e349ff','2018-09-18 09:45:43','98816ec72c04473780aa3e329f4dbff3','32403ab174b443b3beebdaeff38ede25','再次测试',0),('711e0258a0a844ecb245210d6d52bbdf','2018-09-18 10:23:10','1','d33d1df242c745d19b94ea6fc01ef93d','收费测试',0),('6440a7024a8049969f9f3bdfe98b5734','2018-09-18 14:34:43','1f339d03a0b74dc3b33042294cd07b97','6d4384cf9f4447f7874a9f23648784b9','留言测试',0),('9d98097ee25d4f2b91dec0018d28d511','2018-09-18 14:35:39','1f339d03a0b74dc3b33042294cd07b97','6d4384cf9f4447f7874a9f23648784b9','留言 留言',0),('bc1288be05a640488369bebd32e80d50','2018-09-18 14:39:47','1f339d03a0b74dc3b33042294cd07b97','6d4384cf9f4447f7874a9f23648784b9','cvi偶哦许昌离开我',0),('538464f95685465cac0e07b70bdd740a','2018-09-18 14:40:08','1f339d03a0b74dc3b33042294cd07b97','6d4384cf9f4447f7874a9f23648784b9','xcvoixcyeennekjjxcjj iuvuvkfndmwe,xvcbytjtyjryjrtrtyt风格豆腐干v方法',0),('fca5e9b79b304d77b2103d4c332bbc3f','2018-09-18 15:22:35','1f339d03a0b74dc3b33042294cd07b97','400c5771af8f4cfcb525a6124a6b70a2','哈吧',0),('a7ff53b522f749989c2dd0fa32b4d666','2018-09-18 15:26:37','1f339d03a0b74dc3b33042294cd07b97','32403ab174b443b3beebdaeff38ede25','666',0),('7dd18fc1c556452a942bac72a709b126','2018-09-18 16:24:24','1f339d03a0b74dc3b33042294cd07b97','b0f1160907a44a34990d72f886da2999','留言',0),('c4991a784284488c843878e7b9968978','2018-09-19 10:02:38','1','2c9603f9bae6402f8490a7508b6375ba','我来了',0),('a87bb4b719e541409be38f0108cd74d5','2018-09-19 10:08:18','1','2c9603f9bae6402f8490a7508b6375ba','你好',0),('c255a58dff014410bc3862efd1d5decf','2018-09-19 10:37:08','3','540b81221de144d79983a9bd99efcf26','123',0),('980b5685962c455aa2c7e18b78f3ebe3','2018-09-19 11:53:17','98816ec72c04473780aa3e329f4dbff3','2c32547979454695a4cae526abccae25','啊啊啊吧',0),('bad93e89162e4f12aa9cbcbbffedebc7','2018-09-19 15:00:39','1f339d03a0b74dc3b33042294cd07b97','35859857c5154c67998f56cfd92309bf','xxxx',0),('134643b6739449e49a887f88c54cfeef','2018-09-19 15:20:13','1','04541844f0db4c8a9bddd29bf6670cca','我是谁',0),('ecdff834c811403ab1e0b62b76e32563','2018-09-19 15:20:56','1','f5b5bc1ea46843a0909a00b196f13d88','我在那',0),('7af6be03812c4c45a701338fe757daee','2018-09-20 16:50:09','1f339d03a0b74dc3b33042294cd07b97','5f292dad64ef4f7bb26f6dee0e947eb9','哈哈',0),('a68ac3f0daa84b8787efb40cf1c927ae','2018-09-20 17:27:14','3','5f292dad64ef4f7bb26f6dee0e947eb9','嘿嘿',0),('390d5f1a43f441209b2223585b9829ae','2018-09-20 17:28:03','1','5f292dad64ef4f7bb26f6dee0e947eb9','嘻嘻',0),('787e20ec629341fc83eeae38e3c1f074','2018-09-20 17:46:07','3','5f292dad64ef4f7bb26f6dee0e947eb9','你在哪呢',0),('e2fecf0a535e4209b9852171e2f9f243','2018-09-21 10:56:04','98816ec72c04473780aa3e329f4dbff3','665ff31eefcd43e19c5df0ccec2d9204','123456',0),('80244f965c2f4e1891f0e78bb11a3427','2018-09-21 15:44:24','1f339d03a0b74dc3b33042294cd07b97','41bf40d1632a4f11a376d9fb818efd44','梁家健加入约球',1),('b75baeeb478d4989b8399ab6343c26ca','2018-09-21 15:51:42','1f339d03a0b74dc3b33042294cd07b97','41bf40d1632a4f11a376d9fb818efd44','梁家健加入约球',1),('a2f89a0d178a426c85c15e00f99101a7','2018-09-21 15:53:07','1f339d03a0b74dc3b33042294cd07b97','41bf40d1632a4f11a376d9fb818efd44','梁家健加入约球',1),('3c613db7be814625ac3961181102c05a','2018-09-21 15:54:25','1f339d03a0b74dc3b33042294cd07b97','41bf40d1632a4f11a376d9fb818efd44','梁家健加入约球',1),('c5d5e4a5075d45c58ea668b65655d433','2018-09-21 16:02:05','1f339d03a0b74dc3b33042294cd07b97','41bf40d1632a4f11a376d9fb818efd44','梁家健加入约球',1),('468dfbe4d532420092c8e473ac6a7e19','2018-09-21 16:03:57','1f339d03a0b74dc3b33042294cd07b97','41bf40d1632a4f11a376d9fb818efd44','梁家健加入约球',1),('04095312e1394e679d9b37983a3dffaa','2018-09-21 16:08:32','1f339d03a0b74dc3b33042294cd07b97','41bf40d1632a4f11a376d9fb818efd44','梁家健加入约球',1),('1a252064cc2249569dbfd87c34b0e75a','2018-09-21 16:22:37','1f339d03a0b74dc3b33042294cd07b97','5f292dad64ef4f7bb26f6dee0e947eb9','aaa',0),('d52fa71698824c8c972b4539d124d084','2018-09-21 16:40:29','1f339d03a0b74dc3b33042294cd07b97','b88a64300ddd42e3818ed0aa5b6d3824','梁家健加入约球',1),('3f565213b3754330a250b05dad352802','2018-09-21 16:47:09','1f339d03a0b74dc3b33042294cd07b97','3399bfddfde04e85a90bea8709cb0f1f','梁家健加入约球',1),('a4419c6eae6c4da3af1263193a7c60a6','2018-09-21 17:05:11','1f339d03a0b74dc3b33042294cd07b97','b88a64300ddd42e3818ed0aa5b6d3824','梁家健加入约球',1),('bd09be9c59fb41b0a172d59f26ecf949','2018-09-21 17:06:10','1f339d03a0b74dc3b33042294cd07b97','b88a64300ddd42e3818ed0aa5b6d3824','梁家健加入约球',1),('784b7da795d7473eb3deb6bce0c459b1','2018-09-21 17:08:08','1f339d03a0b74dc3b33042294cd07b97','b88a64300ddd42e3818ed0aa5b6d3824','梁家健加入约球',1),('214b45d7bd614ef4a6d5099eb1cd08af','2018-09-21 17:08:19','1f339d03a0b74dc3b33042294cd07b97','b88a64300ddd42e3818ed0aa5b6d3824','梁家健加入约球',1),('ab5ecc28f7c941cd90853482b189096d','2018-09-21 17:43:23','1f339d03a0b74dc3b33042294cd07b97','08e197a4fc074ba3b2ca3fc1e809e4a2','梁家健加入约球',1),('64281be94f6a4d6b8353b5e1177f8a16','2018-09-21 17:43:37','1f339d03a0b74dc3b33042294cd07b97','08e197a4fc074ba3b2ca3fc1e809e4a2','梁家健加入约球',1),('815b90f855ac4768bc05e71be75259fd','2018-09-21 17:43:48','1f339d03a0b74dc3b33042294cd07b97','08e197a4fc074ba3b2ca3fc1e809e4a2','梁家健加入约球',1),('afc86c72231c4192ba483b832f58e3d5','2018-09-21 17:46:55','1f339d03a0b74dc3b33042294cd07b97','ad1ed0ac98764590aa820403aa86d401','梁家健加入约球',1),('e641943514c74752a9590d85ac847d71','2018-09-21 17:50:34','1f339d03a0b74dc3b33042294cd07b97','234c6d7c81054e879ef48e47b66e5253','梁家健加入约球',1),('c967ed97ced94e99b4ffcb739b4d95cd','2018-09-21 17:54:37','1f339d03a0b74dc3b33042294cd07b97','234c6d7c81054e879ef48e47b66e5253','aasfd',0),('81abcfb246fa4f40a45d3f55aec98d42','2018-09-21 17:54:41','1f339d03a0b74dc3b33042294cd07b97','234c6d7c81054e879ef48e47b66e5253','sdfsds',0),('9c152a9138f14cc796f7c30b0f5212ab','2018-09-21 17:57:38','1f339d03a0b74dc3b33042294cd07b97','08e197a4fc074ba3b2ca3fc1e809e4a2','梁家健加入约球',1),('98b7c7d4ac854bfca6aea4e81b4ee081','2018-09-21 19:35:18','1f339d03a0b74dc3b33042294cd07b97','233358d1a8d5461f9d27382876592100','梁家健加入约球',1),('2db620570eb2487da270541323218c09','2018-09-21 19:36:56','1f339d03a0b74dc3b33042294cd07b97','233358d1a8d5461f9d27382876592100','爸爸',0),('76579c1315714c4aa69bc90557549a69','2018-09-21 19:40:09','5','b88a64300ddd42e3818ed0aa5b6d3824','小易弥撒加入约球',1),('e0e6b3eacbf446de9e4cc9d4759183d7','2018-09-21 20:31:46','1f339d03a0b74dc3b33042294cd07b97','4ebeabec001e436c9df68487f2fb4ad0','阿道夫',0),('621cfc253e514692b81ca85b58af852a','2018-09-21 21:54:52','1f339d03a0b74dc3b33042294cd07b97','ad1ed0ac98764590aa820403aa86d401','梁家健加入约球',1),('df9c6caaea9f4a50ab23aab9d34579cb','2018-09-21 21:58:28','1f339d03a0b74dc3b33042294cd07b97','ad1ed0ac98764590aa820403aa86d401','aa',0),('6e2f4ac89d53409ea98dca584231480b','2018-09-21 21:58:38','1f339d03a0b74dc3b33042294cd07b97','ad1ed0ac98764590aa820403aa86d401','哈哈',0),('2857d0b01cbf4c59a788244c78385885','2018-09-21 22:10:48','1f339d03a0b74dc3b33042294cd07b97','3883c582f8fb436f949248b3fd5d40fa','梁家健加入约球',1),('dafc59f79aea4a9e8f6086004265c02c','2018-09-21 22:11:59','1f339d03a0b74dc3b33042294cd07b97','3883c582f8fb436f949248b3fd5d40fa','梁家健加入约球',1),('00eef9f5c86248d8a04db463cdeffa77','2018-09-21 22:14:05','1f339d03a0b74dc3b33042294cd07b97','3883c582f8fb436f949248b3fd5d40fa','梁家健加入约球',1),('09ba6914e6634e15bda5ab601962015f','2018-09-21 22:26:03','1f339d03a0b74dc3b33042294cd07b97','ad1ed0ac98764590aa820403aa86d401','梁家健加入约球',1),('d63da6dc26d54d60b6b2ddd8679f91e1','2018-09-21 22:27:48','1f339d03a0b74dc3b33042294cd07b97','233358d1a8d5461f9d27382876592100','xx',0),('fc822eb9a83e4efbbd7242719d92e1dc','2018-09-22 09:28:02','1f339d03a0b74dc3b33042294cd07b97','e3868937b9b149c2b80e2ced305aa4f6','梁家健加入约球',1),('7109a9d035dd46ea92357052092f4126','2018-09-22 09:52:37','1','d5994916eeb448c7ac3c1e355b47270e','沧海加入约球',1),('b0b03b4cfe9845b38d1edca3073a931d','2018-09-22 09:56:09','98816ec72c04473780aa3e329f4dbff3','d5994916eeb448c7ac3c1e355b47270e','我小时候可帅了加入约球',1),('7e05f6c35e834e7b915f01728c08c66d','2018-09-22 09:59:43','98816ec72c04473780aa3e329f4dbff3','d5994916eeb448c7ac3c1e355b47270e','我小时候可帅了加入约球',1),('01e01d7d98c04603a736c9446170b48f','2018-09-22 10:05:19','1','d5994916eeb448c7ac3c1e355b47270e','沧海加入约球',1),('47eabc1ae6d845ab91d38f5d1ff355fc','2018-09-22 10:12:10','1','d5994916eeb448c7ac3c1e355b47270e','我',0),('c273feb8a54c4e2baa3f4d15d8005418','2018-09-22 10:20:20','1','b1e77df979b440f89245e34c08c18fe9','沧海加入约球',1),('44ae37fe133046a3a1bba48ba0dc2c33','2018-09-22 10:26:47','1','73fa3e9330db4d52a4da3b8e7e142563','沧海加入约球',1),('06474b52553d4729911715e688a6453b','2018-09-22 10:30:46','c141fac9aa9e4da39dd22c21ba8e16a6','73fa3e9330db4d52a4da3b8e7e142563','null加入约球',1),('84b15e8f12014a499f5b73b414141718','2018-09-22 11:18:57','1f339d03a0b74dc3b33042294cd07b97','c16634601bed42f49d45ec4d5b547616','梁家健加入约球',1),('8ed3bd4696b7422e9cb526497376d114','2018-09-22 11:26:11','1f339d03a0b74dc3b33042294cd07b97','c16634601bed42f49d45ec4d5b547616','梁家健加入约球',1),('563726a4e3f34f97bbd790aa26bf876e','2018-09-22 11:26:50','1f339d03a0b74dc3b33042294cd07b97','c16634601bed42f49d45ec4d5b547616','哦哦哦哦哦哦哦哦',0),('293c66eb49a348aa80783c8b4fe58c9a','2018-09-22 11:36:36','1f339d03a0b74dc3b33042294cd07b97','990288059d834a5099d0720e56feb30b','梁家健加入约球',1),('b4b8c5eff1c04823bac6bcb17b7a4ae6','2018-09-22 11:36:49','1f339d03a0b74dc3b33042294cd07b97','990288059d834a5099d0720e56feb30b','感觉',0),('30870f70ff6b42bf9446d41e34521e16','2018-09-22 11:37:47','1f339d03a0b74dc3b33042294cd07b97','990288059d834a5099d0720e56feb30b','呵呵',0),('2ae7ae897e2f4b63b23b235ae2f91bbe','2018-09-22 11:38:47','1f339d03a0b74dc3b33042294cd07b97','990288059d834a5099d0720e56feb30b','估计',0),('2607beddc0654bc3aff0a8dd4e481839','2018-09-22 11:43:26','1','990288059d834a5099d0720e56feb30b','沧海加入约球',1),('17cf707bb0b3446e9dc9a1f410353dde','2018-09-22 11:44:22','98816ec72c04473780aa3e329f4dbff3','990288059d834a5099d0720e56feb30b','我小时候可帅了加入约球',1),('277468980b734c86866fd4c1eaf58d21','2018-09-22 15:18:21','98816ec72c04473780aa3e329f4dbff3','5f70ac1c2caf4187b9bbbd89dc695c50','我小时候可帅了加入约球',1),('b58c572a2bee47a8aed895541302acd3','2018-09-22 15:24:32','98816ec72c04473780aa3e329f4dbff3','797a026f1804489c8e5b110c1071f889','我小时候可帅了加入约球',1),('8c1d59fc6f6046d38dc086f209487c52','2018-09-22 15:25:34','98816ec72c04473780aa3e329f4dbff3','e8009d009e554af4b310edc90065bab2','我小时候可帅了加入约球',1),('89448a5f5326458fa2b4ea3906844f68','2018-09-22 16:05:05','1f339d03a0b74dc3b33042294cd07b97','797a026f1804489c8e5b110c1071f889','梁家健加入约球',1),('6b44f90a413c4c56bbd3a466426d10f9','2018-09-22 16:49:06','5','c35cf10b21464f48b2496e30b2e3899d','小易弥撒加入约球',1),('31de20715256406dbc045c68040ac1c7','2018-09-22 17:03:34','5','c35cf10b21464f48b2496e30b2e3899d','据统计',0),('75dfe9c2ec49446ca2ce478fe4930b43','2018-09-22 17:04:06','1','d5994916eeb448c7ac3c1e355b47270e','12312312',0),('24a45f63e3ca4bd1929f8f6f582777f9','2018-09-22 17:07:36','1','d5994916eeb448c7ac3c1e355b47270e','qweqwewqeqwe',0),('2651ee7e9c7447b4bc8e841a99a2ec0c','2018-09-22 17:19:03','1','6afcff69bc9548339781c6d795b6279f','沧海申请退出同意',1),('b363151277824214a100f944f1fa9a8b','2018-09-22 17:19:45','1','b1e77df979b440f89245e34c08c18fe9','沧海加入约球',1),('75bbdff780ad48fd9a32ea1dd51ab21e','2018-09-22 17:24:02','1','b1e77df979b440f89245e34c08c18fe9','沧海加入约球',1),('d726df45817045278b22d46909267600','2018-09-22 17:24:20','1','b1e77df979b440f89245e34c08c18fe9','2131',0),('0da96852550442409ec61460a0b826dc','2018-09-22 17:24:27','1','b1e77df979b440f89245e34c08c18fe9','aaaaaaaaaaaa',0),('836929d2f3b94eb3ac39a194c9dce25b','2018-09-22 17:31:08','5','c35cf10b21464f48b2496e30b2e3899d','你好',0),('007b5b4af9824598ac28d59382c724d9','2018-09-22 17:31:58','5','c35cf10b21464f48b2496e30b2e3899d','小易弥撒加入约球',1),('21ca73f4db6345018ee4d18c9364c2a1','2018-09-22 17:32:19','5','c35cf10b21464f48b2496e30b2e3899d','你好',0),('abb13ff540e84fc39c429343da99e39b','2018-09-22 17:32:30','5','c35cf10b21464f48b2496e30b2e3899d','你好',0),('4aa35b4ec81341a2aab20113d45a24f8','2018-09-25 09:11:28','5','bb7c0aeae2464f0c952e7e7507bcf10c','小易弥撒加入约球',1),('c1ac5570ebdc4c6296a69bada3012e45','2018-09-25 09:22:50','1','bb7c0aeae2464f0c952e7e7507bcf10c','沧海加入约球',1),('58fde3712f5d40deab8e49e470ee494c','2018-09-25 09:36:24','1','bb7c0aeae2464f0c952e7e7507bcf10c','123',0),('8c08a97649d74617b61ed5149ed2e07b','2018-09-25 09:38:56','1','bb7c0aeae2464f0c952e7e7507bcf10c','沧海加入约球',1),('71edbbbe37db4d4b9a3ec5d2eb689cc9','2018-09-25 09:42:56','5','bb7c0aeae2464f0c952e7e7507bcf10c','小易弥撒加入约球',1),('5d1145dcaa484a8da621b11f4954c142','2018-09-25 09:43:32','5','bb7c0aeae2464f0c952e7e7507bcf10c','合口味',0),('0bb046dac12b452599ec8977178807ba','2018-09-25 09:46:09','5','4ff87403b5854951bdaba78afd9edee8','小易弥撒加入约球',1),('e6e9bd9b04034b80bc5436d6c72a7f48','2018-09-25 10:41:28','1','5f292dad64ef4f7bb26f6dee0e947eb9','sdasas',0),('24c340b939d04f8188be6a8d092cd8a3','2018-09-25 14:41:53','3','fd1ba81772a84591b9e4f23e9883a230','小易运动加入约球',1),('bad164d2b99f4aefa83fc528b047add2','2018-09-25 14:43:15','3','fd1ba81772a84591b9e4f23e9883a230','小易运动申请退出报名',1),('790c10b0d4c347b2868dbccb51cd142c','2018-09-25 15:20:34','3','fd1ba81772a84591b9e4f23e9883a230','小易运动申请退出同意',1),('c86d89c01872498988842fa25b89079d','2018-09-25 15:26:38','1','f5b5bc1ea46843a0909a00b196f13d88','沧海加入约球',1),('2b1aa7d7d3334ae5a0f9b30c450c113c','2018-09-25 15:28:43','1','f5b5bc1ea46843a0909a00b196f13d88','实打实',0),('86cb95a0373349f88684ec72661421e9','2018-09-25 15:31:32','1','f5b5bc1ea46843a0909a00b196f13d88','沧海被取消资格',1),('9317cde2b3d74cd5bcaac97d72165065','2018-09-25 15:34:46','1','f5b5bc1ea46843a0909a00b196f13d88','沧海加入约球',1),('10cd14d1f58c4694983e35ca22278682','2018-09-25 15:34:55','1','f5b5bc1ea46843a0909a00b196f13d88','沧海被取消资格',1),('9e3398a57bc546dc82d8ac5d5ae2fdf5','2018-09-26 16:11:00','1','ca09aecd0da04d278ff567cb0f6bc991','沧海加入约球',1),('fc811d2262be4e4192bf23ef1d9fbdd4','2018-09-26 17:06:02','1f339d03a0b74dc3b33042294cd07b97','cf44f593cf1f48afaa95865b92ac8708','梁家健加入约球',1),('5563ef39674742eb906b5d0ffa6b95a5','2018-09-26 19:57:31','1f339d03a0b74dc3b33042294cd07b97','e2e9d493580347f3983dbbb7f823f268','梁家健加入约球',1),('11270339d0b14c629ced7e91fafa7b30','2018-09-26 20:07:26','1f339d03a0b74dc3b33042294cd07b97','853d119a2023487ebbf2135013a321b6','梁家健加入约球',1),('2aec5d3c56324b02833e1fee36894752','2018-09-26 20:20:41','1f339d03a0b74dc3b33042294cd07b97','3ea17509047a452fbca7f57c8e3d9a18','梁家健加入约球',1),('bab2acfe2f794a36a0a486d833adb323','2018-09-26 20:41:41','1f339d03a0b74dc3b33042294cd07b97','a38744c34eb746d08cc6df272269b628','梁家健加入约球',1),('744b38a12a4344b2b7428f780763579c','2018-09-27 09:54:53','1f339d03a0b74dc3b33042294cd07b97','7bc842a7b5e3485c80c0000b5509f27b','梁家健加入约球',1),('b67f4b997c6c459882a4fbed7dcfce68','2018-09-27 10:47:37','1f339d03a0b74dc3b33042294cd07b97','a9add340722a4227818de37fd2aaa327','梁家健加入约球',1),('b9e7542141c34dbbb6c5504e4b3aad01','2018-09-27 10:47:46','1','458e04e7cd4d4c3688976773e3aa59ce','沧海加入约球',1),('98db37768716488088d004d3aec200cb','2018-09-27 11:39:20','1f339d03a0b74dc3b33042294cd07b97','1f73a9c2414740ba8bb0d05079855aaf','梁家健加入约球',1),('f1e411fc6b6f40b0bdd37de48cb1a3ee','2018-09-27 14:44:12','1f339d03a0b74dc3b33042294cd07b97','42cfd3e22dd9461e8ccff13b10693072','梁家健加入约球',1),('1d9afc0c727d40f7b1ebfe7568cee57b','2018-09-27 15:16:30','1','458e04e7cd4d4c3688976773e3aa59ce','我是谁',0),('7d37dae774a447d79e06e6428e487703','2018-09-27 15:17:58','1f339d03a0b74dc3b33042294cd07b97','a73c9528a18f4fd589cffc5bcec4d1a0','梁家健加入约球',1),('266de833ff544e99a2af43f98634c7eb','2018-09-27 16:24:16','512e6f4e09af45b2ab008a0133880f05','9ff8c81c982e457997754f27c832776a','我小时候可帅了加入约球',1),('2b3733b5eb06492a8e415522db40741e','2018-09-27 16:26:54','1f339d03a0b74dc3b33042294cd07b97','0109bb26fb4c40e5b6ece8ebe625eb20','梁家健加入约球',1),('da7831f062e749ae9a3d683ceaafee38','2018-09-27 16:27:25','512e6f4e09af45b2ab008a0133880f05','0109bb26fb4c40e5b6ece8ebe625eb20','我小时候可帅了加入约球',1),('f63529413c5b431d9bf0a55c2d14791b','2018-09-27 17:04:32','1f339d03a0b74dc3b33042294cd07b97','6d700e247e7a4572bfab43b6473902f6','梁家健加入约球',1),('31e8075987f943429202288494ac0e01','2018-09-27 19:23:55','1','a241383557b3418a9928c34c65cdc87c','沧海加入约球',1),('634dcd32c3c143de9506a075d01ae3d3','2018-09-27 19:34:38','1','a241383557b3418a9928c34c65cdc87c','asd',0),('12738c3afa3d4c23a4f7d9a3bf206b9c','2018-09-28 10:51:03','512e6f4e09af45b2ab008a0133880f05','d0379d3ae43946308368df74e2bfea86','我小时候可帅了加入约球',1),('b57d5227627f46cf86f73916d50cebe3','2018-09-28 10:52:51','1f339d03a0b74dc3b33042294cd07b97','d0379d3ae43946308368df74e2bfea86','梁家健加入约球',1),('769d55e381a940f197292f8090bd26de','2018-09-28 14:03:16','512e6f4e09af45b2ab008a0133880f05','d0379d3ae43946308368df74e2bfea86','11',0),('beae32887f424356b80bcfe7acbae4dc','2018-09-28 14:03:24','512e6f4e09af45b2ab008a0133880f05','d0379d3ae43946308368df74e2bfea86','有人没',0),('06a7cd6e6adb4f57b6888896e84ae08f','2018-09-28 18:44:07','1f339d03a0b74dc3b33042294cd07b97','cf44f593cf1f48afaa95865b92ac8708','梁家健被取消资格',1),('4a33e665485f4a1091c25ae924039d0c','2018-09-28 19:31:25','1','e4471456fd0b4ac987d2f843eef75927','沧海加入约球',1),('06a2d14c6b044ef993e6b321f30891f3','2018-09-28 19:31:25','512e6f4e09af45b2ab008a0133880f05','0a9f47f62eae4495896a9d911b46b0aa','我小时候可帅了加入约球',1),('f348baf5b68c42e6bce69537c3bac4dc','2018-09-28 19:32:19','512e6f4e09af45b2ab008a0133880f05','0a9f47f62eae4495896a9d911b46b0aa','123',0),('f36ce88c1d2d4febae78c3b37de965b9','2018-09-28 19:49:41','1','3522a791a73d475e922f9c6cb15059c3','沧海加入约球',1),('738444e3de0745f3a18957d99c1c4ce1','2018-09-28 21:00:23','1','76c6b6c823f94a99a140cef5e300f990','沧海加入约球',1),('3598f40e86dc4dfda2d5baee20f380e0','2018-09-29 08:56:28','1','76c6b6c823f94a99a140cef5e300f990','沧海被取消资格',1),('fd5b80adc63b4e76ae9d55a37f4c9544','2018-09-29 09:01:51','1f339d03a0b74dc3b33042294cd07b97','498133fa9fc94a59b9cab0edb66605c6','梁家健加入约球',1),('bc98953f9ffc4515866451548a705384','2018-09-29 09:03:55','1f339d03a0b74dc3b33042294cd07b97','a98dc93754174246a993913bd09ddb25','梁家健加入约球',1),('ffb6de9cd1084398add71dffc74c2af4','2018-09-29 09:08:55','1f339d03a0b74dc3b33042294cd07b97','47437560486649d8b1206406482f17b6','梁家健加入约球',1),('f7cf24ea98bd45d2b304ab1bfd3f298b','2018-09-29 09:50:51','1','38a7db57415a4b11abd1767e672d4d7d','沧海加入约球',1),('8b87eee1a3af4bfc90cf23b9fde959b4','2018-09-29 09:55:00','1','38a7db57415a4b11abd1767e672d4d7d','我',0),('88ee0306095d44b9a2f772d33828b151','2018-09-29 10:07:53','1','a39d286a6e3340a595610e586d334464','沧海加入约球',1),('e4882c65c28a4006883e8dcffaefc82c','2018-09-29 10:10:48','1','b9dac38a7fbb442ab03861ec89e21017','沧海加入约球',1),('1b3cf8a1de0c42d8b447123a5d44b7fc','2018-09-29 10:16:55','1','fae057d63f15467aa955dbc859f0a778','沧海加入约球',1),('9a202dafeee548f1bf6553663bd5c71a','2018-09-29 10:24:39','1','5298ffa8af5d40e882ee2cdeee1e890f','沧海加入约球',1),('28ced72fea5646bd8b354c3abbfb424c','2018-09-29 11:05:46','1f339d03a0b74dc3b33042294cd07b97','228d27e3885f48b7b2de2deac34903c0','梁家健加入约球',1),('89d96dda0ee540c4b871f9db74a59737','2018-09-29 11:07:24','1f339d03a0b74dc3b33042294cd07b97','228d27e3885f48b7b2de2deac34903c0','azad',0),('c820c985fea6435890aab9f33abe1180','2018-09-29 11:09:51','512e6f4e09af45b2ab008a0133880f05','3df15ba6768b43f186abf8e6a1c96932','我小时候可帅了加入约球',1),('dd1da7e93a2c4a4496b44dcef7761739','2018-09-29 11:10:22','1f339d03a0b74dc3b33042294cd07b97','3df15ba6768b43f186abf8e6a1c96932','梁家健加入约球',1),('a5e2cfc09fe14b79a92656ade034218e','2018-09-29 14:06:23','1','c0fe84cc27e74135bebb08e4940bf8b1','沧海加入约球',1),('76b2546f6e3a4e6aae5f22b0c6ec5231','2018-09-29 14:07:31','1f339d03a0b74dc3b33042294cd07b97','fb93bf9b90184c569143e157410d09cd','梁家健加入约球',1),('b2852c473c0e4a658bea0847c94a62e3','2018-10-06 20:02:06','c141fac9aa9e4da39dd22c21ba8e16a6','6d700e247e7a4572bfab43b6473902f6','Json加入约球',1),('7158a9e440c54ef1b5c993443d49c21e','2018-10-06 20:05:09','c141fac9aa9e4da39dd22c21ba8e16a6','6d700e247e7a4572bfab43b6473902f6','我报名咯',0),('ca7d90b294514643905ae86e68bcdb62','2018-10-07 15:32:28','c141fac9aa9e4da39dd22c21ba8e16a6','6d700e247e7a4572bfab43b6473902f6','再说一遍，我报名了',0),('498527ff79af42e0ad4b9be3e2b9e646','2018-10-07 20:21:11','c141fac9aa9e4da39dd22c21ba8e16a6','4b955ecfbb4548fab71071d168ed808f','Json加入约球',1),('c39f4d132dbf4dc9a14c330a0a94ddf2','2018-10-07 20:23:24','1f339d03a0b74dc3b33042294cd07b97','d0d8023168f64e35a023af4c550e172d','梁家健加入约球',1),('0dfb74e0a8bd442b849928ba65cc047d','2018-10-07 20:26:13','1f339d03a0b74dc3b33042294cd07b97','d0d8023168f64e35a023af4c550e172d','梁家健加入约球',1),('7eb7b07d912d48b5aa35138e2dd622d9','2018-10-07 20:27:39','1f339d03a0b74dc3b33042294cd07b97','d0d8023168f64e35a023af4c550e172d','梁家健加入约球',1),('44714908a21447a9bc9bb2405c1bc073','2018-10-08 10:38:36','1f339d03a0b74dc3b33042294cd07b97','d0d8023168f64e35a023af4c550e172d','梁家健加入约球',1),('574bdb19e2004e0ba261f13ba89979af','2018-10-08 10:40:18','1f339d03a0b74dc3b33042294cd07b97','6d7045a5cddc4c038f524596f1c7ef4e','梁家健加入约球',1),('c1b0ed49a79e42598e5cc1ec5e3ea3a3','2018-10-08 10:41:08','1f339d03a0b74dc3b33042294cd07b97','6d7045a5cddc4c038f524596f1c7ef4e','梁家健申请退出报名',1),('a6ae914c02e24a8db016ac0f698d086b','2018-10-08 10:41:33','1f339d03a0b74dc3b33042294cd07b97','6d7045a5cddc4c038f524596f1c7ef4e','梁家健申请退出同意',1),('fb6dbd310c12476c8997d46c267aeee3','2018-10-08 14:27:24','1f339d03a0b74dc3b33042294cd07b97','6d700e247e7a4572bfab43b6473902f6','梁家健被取消资格',1),('9dad7b8882cb479695081b3512383136','2018-11-02 09:05:57','c141fac9aa9e4da39dd22c21ba8e16a6','f5a8b68a6604442296b84a1a127ade09','Json加入约球',1);

/*Table structure for table `Member` */

DROP TABLE IF EXISTS `Member`;

CREATE TABLE `Member` (
  `ID` char(32) NOT NULL COMMENT '会员',
  `MemberNo` int(11) NOT NULL AUTO_INCREMENT COMMENT '会员编号',
  `CreateTime` datetime NOT NULL COMMENT '创建时间',
  `ModifyTime` datetime NOT NULL COMMENT '修改时间',
  `Name` varchar(10) DEFAULT NULL COMMENT '姓名',
  `Phone` varchar(11) DEFAULT NULL COMMENT '手机号',
  `OpenID` varchar(50) DEFAULT NULL COMMENT '微信公众号的openid',
  `AppOpenID` varchar(50) DEFAULT NULL COMMENT '小程序的openid',
  `AppIosOpenID` varchar(50) DEFAULT NULL COMMENT 'APP客户端的openid',
  `UnionID` varchar(50) DEFAULT NULL COMMENT '公众平台下的唯一标识',
  `AppNickName` varchar(50) DEFAULT NULL COMMENT '微信昵称',
  `AppAvatarUrl` varchar(300) DEFAULT NULL COMMENT '微信头像URL',
  `AppGender` int(1) DEFAULT NULL COMMENT '微信性别(0=未知1=女2=男)',
  `WechatID` varchar(50) DEFAULT NULL COMMENT '微信号',
  `WXPayment` double(11,2) NOT NULL DEFAULT '1000.00' COMMENT '微信转账免手续费额度',
  `ShowPhone` int(1) NOT NULL DEFAULT '0' COMMENT '是否显示手机号',
  `ShowHistory` int(1) NOT NULL DEFAULT '0' COMMENT '是否显示历史活动',
  `ShowWechatID` int(1) NOT NULL DEFAULT '0' COMMENT '是否显示微信号',
  PRIMARY KEY (`ID`),
  KEY `MemberNo` (`MemberNo`)
) ENGINE=MyISAM AUTO_INCREMENT=10000010 DEFAULT CHARSET=utf8 COMMENT='会员表';

/*Data for the table `Member` */

insert  into `Member`(`ID`,`MemberNo`,`CreateTime`,`ModifyTime`,`Name`,`Phone`,`OpenID`,`AppOpenID`,`AppIosOpenID`,`UnionID`,`AppNickName`,`AppAvatarUrl`,`AppGender`,`WechatID`,`WXPayment`,`ShowPhone`,`ShowHistory`,`ShowWechatID`) values ('3',10000000,'2018-09-26 00:00:00','2018-10-30 21:01:49','小易运动','15207108158','oozuywqi1Ivg1SljKJ7LussZ6Zq8','o0M2Z5Urh4q4SKzd1IaA4VZsILLw',NULL,'omKuewfIvtjtuVA5Ag2hxshj4Vy0','小易运动','http://thirdwx.qlogo.cn/mmopen/wTXoRibaNTJ4ImqdUe1INOBBToicODmXOupcJteEW6uM2tauUvibB88KATU3pibWianYm6P2Gy2ka1vRE8LbBCvo90YHx4p3ZKJkS/132',1,NULL,1000.00,0,0,0),('512e6f4e09af45b2ab008a0133880f05',10000001,'2018-08-21 00:00:00','2018-10-23 15:12:53','小王','13332951076','oozuywjnhGOmObwtGs4E2vLEsAJY','o_wdiwVdg8YD0VaE3deiw2xzHouA','o_wdiwVdg8YD0VaE3deiw2xzHouA','omKuewVFhtQ-2gOgbyGC_BU_AeUI','小易运动2','http://thirdwx.qlogo.cn/mmopen/vi_32/DYAIOgq83epU0V5NLFTZxicGToFjVgBusIzgtaaic113F5NPvOJ0EFibJzP7zXiadEJ4GaSTiaCYbSc5qLjcQoFvQyA/132',1,NULL,1000.00,0,0,0),('c141fac9aa9e4da39dd22c21ba8e16a6',10000003,'2018-08-28 00:00:00','2018-11-02 15:28:10','魏工','13923734655','oozuywmu92ZnS4kBW9Wj22eE6d8Y','o0M2Z5UfvTz16l1ubpKKjlaPQlAA',NULL,'omKuewSQFPcbdI8YZcrm9rAOkFs8','Json','https://wx.qlogo.cn/mmopen/vi_32/FlP9mV4ZfTwNibla79zGfzQT2Rz5B9AaODgwUATicSLfjdbIxXniaqaueVF9UPNYptW5zQ7Rich6ZibtVIosDa3w6vA/132',1,NULL,1000.00,0,0,0),('1f339d03a0b74dc3b33042294cd07b97',10000005,'2018-09-26 00:00:00','2018-11-02 17:38:10','梁家健','13427005671','oozuywrQoypn9U0ujK-ErzAf4Dl8','o0M2Z5WriealYKCuoyTBogRe90xY','o_wdiwS13wcIwL1Bpxu60-xuGI7w','omKueweB2JSy1iBWKSyqi8XO7EHw','梁家健','https://wx.qlogo.cn/mmopen/vi_32/4fTfwj8D1BN2DIFcvvo3SgfIBKtG6o7K0tM3dXV0fBw6GvFhb00F1M2DhQxBR5Bpw4Q605icVt4FBm8g6A8PIdg/132',1,'asfd',1000.00,1,1,1),('5',10000006,'2018-09-21 00:00:00','2018-10-25 19:54:25','小黑','12345','oozuywkDkxSGseL3BgWJfdkzxMrM','o0M2Z5enyMYTrs89s_jEMBYvjSK8','o_wdiwbwEawgL3UK4KPDlDPSCbBk','omKuewUZHx_GX0z2i0tnSCWYxdSk','小易弥撒','http://thirdwx.qlogo.cn/mmopen/vi_32/ibBw943icKfs0v3d89rulUGYqVS2YvdQHIqYeInXicQJXlZ9ibRNr92roZJlYvpwsGWjoGtESnqEQhLUft6lYIGtJQ/132',0,NULL,1000.00,0,0,0),('1',10000007,'2018-09-26 00:00:00','2018-11-02 16:41:53','小宋','152****8159','oozuywt6GdCgM-Z4Kk9CrvvTAkJo','o0M2Z5dEI-T3Ahr5iucHUU1xeqB4','o_wdiwfc2cPaqfcBFGtnT8nKzCHY','omKuewSD7muFIojIEzqwusyK9ZMk','我小时候可帅了','https://wx.qlogo.cn/mmopen/vi_32/KFzGJYSEEmmPsNngHen9TvE8Y4gNhJJ9DE1QFdRia3LXxXSicbwQk6LR8xfsniaa5gKwLSapn8IgntZB4ibHXd6HwA/132',1,'1231234123233',1000.00,1,1,1),('b96379737ba34c689210c2a5154d3f03',10000008,'2018-10-11 23:51:46','2018-10-11 23:51:46','梁超逸','15921488190','oozuywqPXsmYcbSDCqL5eFXbecIg',NULL,NULL,'omKuewSEbY5P73b62AfoBl3SZclY',NULL,NULL,NULL,NULL,1000.00,0,0,0);

/*Table structure for table `MemberHabit` */

DROP TABLE IF EXISTS `MemberHabit`;

CREATE TABLE `MemberHabit` (
  `ID` char(32) NOT NULL COMMENT '会员习惯场馆',
  `CreateTime` date NOT NULL COMMENT '创建时间',
  `MemberID` varchar(32) NOT NULL COMMENT '会员ID',
  `VenueID` varchar(32) NOT NULL COMMENT '场馆ID',
  PRIMARY KEY (`ID`),
  UNIQUE KEY `MemberAndVenue` (`MemberID`,`VenueID`)
) ENGINE=MyISAM DEFAULT CHARSET=utf8;

/*Data for the table `MemberHabit` */

insert  into `MemberHabit`(`ID`,`CreateTime`,`MemberID`,`VenueID`) values ('1','2018-09-22','1','1'),('fc1c5042226844b99781ba66387fa9d8','2018-09-27','1','55562ff04e6f4f5a98c620b7d6c7ea48'),('04b033c8abc445d49d89cd0cfd4621d7','2018-10-16','1f339d03a0b74dc3b33042294cd07b97','undefined'),('51d1642cf70f4b5283f029d1ddd8d9f3','2018-10-22','c141fac9aa9e4da39dd22c21ba8e16a6','1'),('7fbb135124b641d4996f78439da4e629','2018-10-26','1f339d03a0b74dc3b33042294cd07b97','1'),('901c29e7236d428ab43209714af70658','2018-10-22','c141fac9aa9e4da39dd22c21ba8e16a6','2'),('c6fe6dec85944cd5b64c5fd5067260c7','2018-10-24','c141fac9aa9e4da39dd22c21ba8e16a6','9fa0487eeae74181955242ee0036d5b7'),('8118abfc252e4aa281dc922baeaa9112','2018-10-25','3','5a900cbe0db349b984b06df335f15a2c'),('089c74af92f247ca8f20d2ccde887046','2018-10-25','1f339d03a0b74dc3b33042294cd07b97','2'),('41b195e77cd24668849e6327b5ecb4f0','2018-10-25','1f339d03a0b74dc3b33042294cd07b97','f13ab56dfc5c4b61bda5c8e02c136aec'),('c05573189fbc4fe7995ea4fb23558798','2018-10-26','3','1');

/*Table structure for table `News` */

DROP TABLE IF EXISTS `News`;

CREATE TABLE `News` (
  `ID` varchar(32) NOT NULL COMMENT 'ID',
  `News_no` int(11) unsigned zerofill NOT NULL AUTO_INCREMENT COMMENT '咨询编号',
  `Create_time` datetime DEFAULT NULL COMMENT '创建时间',
  `Modify_time` datetime DEFAULT NULL COMMENT '修改时间',
  `Title` varchar(1000) DEFAULT NULL COMMENT '标题',
  `Content_simple` varchar(1000) DEFAULT NULL COMMENT '摘要',
  `Content` text COMMENT '内容',
  `Head_image` varchar(1000) DEFAULT NULL COMMENT '封面图',
  `Show_flag` int(1) NOT NULL DEFAULT '0' COMMENT '使能0=否1=是',
  `Remark` varchar(1000) DEFAULT NULL COMMENT '备注',
  PRIMARY KEY (`ID`),
  KEY `News_no` (`News_no`)
) ENGINE=MyISAM AUTO_INCREMENT=6 DEFAULT CHARSET=utf8 COMMENT='新闻咨询表';

/*Data for the table `News` */

insert  into `News`(`ID`,`News_no`,`Create_time`,`Modify_time`,`Title`,`Content_simple`,`Content`,`Head_image`,`Show_flag`,`Remark`) values ('1',00000000001,'2018-10-23 19:23:00','2018-10-26 20:39:07','测试测试测试测试测试测试测测试测试测试测试测试测试测试测试测试测试测试测试测试测试测试测试测试测试测试测试测试测试测试测试测试测试测试测试测试测试测试测试测试测试测试测试测试测试测试测试测试测试测试测试测试测试测试测试测试测试测试测试测试测试测试测试测试测试测试测试测试测试测试测试测试测试测试测试测试测试测试测试测试测试测试测试测试测试测试测试测试测试测试测试测试测试测试测试测试测试测试测试测试测试测试测试测试测试测试测试测试测试测试测试测试测试测试测试测试测试测试测试测试测试测试测试测试测试测试测试测试测试测试测试测试测试测试测试测试测试测试测试测试测试测试测试测试测试测试测试测试测试测试测试测试测试测试测试测试测试测试测试测试测试测试测试测试测试测试测试测试测试测试测试测试测试测试测试测试测试测试测试测试测试测试测试测试测试测试测试测试测试测试测试测试测试测试测试测试测试测试测试测试测试测试测试测试测试测试测试测试测试测试测试测试测试测试测试测试测试测试测试测试测试测试测试测试测试测试测试测试测试测试测试测试测试测试测试测试测试测试测试测试测试测试测试测试测试试测试测试测试测试测试测试测试测试测试测试测试测试测试测试测试测试测试测试测试测试测试测试测试测试测试测试测试测试测试测试测试测试测试测试测试测试测试测试测试测试测试测试测试测试测试测试测试测试测试测试测试测试测试测试测试测试测试测试测试测试测试','测试测试测试测试测试测试测测试测试测试测试测试测试测试测试测试测试测试测试测试测试测试测试测试测试测试测试测试测试测试测试测试测试测试测试测试测测试测试测试测试测试测试测试测试测试测试测试测试测试测试测试测试测试测试测试测试测试测试测试测试测试测试测试测试测试测试测试测试测试测试试测试测试测试测试试测试测试测试测试测试测试测试测试测试测试测试测试测试测试测试测试测试测试测试测试测试测试测测试测试测试测试测试测试测试测试测试测试测试测试测试测试测试测试测试测试测试测试测试测试测试测试测试测试测试测试测试测试测试测试测试测试试测试测试测试测试','<p>					</p><p><br/></p><p style=\"box-sizing: border-box; margin-top: 0px; margin-bottom: 10px; text-align: justify; text-indent: 2em; color: rgb(51, 51, 51); font-family: &quot;Myriad Pro&quot;, &quot;Hiragino Sans GB&quot;, &quot;Microsoft YaHei&quot;, 微软雅黑, Calibri, Helvetica, tahoma, arial, simsun, 宋体, sans-serif; white-space: normal; background-color: rgb(255, 255, 255);\">12332132啊s2f1as对2发阿斯顿发射点发射点</p><p><br/></p><p>			</p>','https://ekeae-image.oss-cn-shenzhen.aliyuncs.com/2018/10/26/b5f35b184ccc46c88f87b3c6f8002bbf.jpg',1,'备注'),('2',00000000002,'2018-10-24 15:44:49','2018-10-26 10:06:33','测试测试测试测试测试测试测试测试测试测试测试测试测试测试测试测试测试测试测试测试测试测试测试测试测试测试测试测试测试测试测试测试测试测试','测试测试测试测试测试测试测试测试测试测试测试测试测试测试测试测试测试测试测试测试测试测试测试测试测试测试测试测试测试测试测试测试测试测试','<ul class=\" list-paddingleft-2\" style=\"margin-bottom: 10px; width: 545.297px; padding-left: 15px; white-space: normal; box-sizing: border-box; color: rgb(51, 51, 51); font-family: &quot;Myriad Pro&quot;, &quot;Hiragino Sans GB&quot;, &quot;Microsoft YaHei&quot;, 微软雅黑, Calibri, Helvetica, tahoma, arial, simsun, 宋体, sans-serif; background-color: rgb(255, 255, 255);\"><li><p style=\"margin-top: 0px; margin-bottom: 10px; box-sizing: border-box; text-indent: 0em;\"><span style=\"box-sizing: border-box; padding: 2px 4px; color: rgb(199, 37, 78); background-color: rgb(249, 242, 244); border-radius: 4px;\">ClearinitialContent</span>&nbsp;{Boolean} [默认值：true] //是否自动清除编辑器初始内容，注意：如果focus属性设置为true，这个也为真，那么编辑器一上来就会触发导致初始化的内容看不到了</p></li><li><p style=\"margin-top: 0px; margin-bottom: 10px; box-sizing: border-box; text-indent: 0em;\"><span style=\"box-sizing: border-box; padding: 2px 4px; color: rgb(199, 37, 78); background-color: rgb(249, 242, 244); border-radius: 4px;\">focus</span>&nbsp;{Boolean} [默认值：false] //初始化时，是否让编辑器获得焦点true或false</p></li><li><p style=\"margin-top: 0px; margin-bottom: 10px; box-sizing: border-box; text-indent: 0em;\"><span style=\"box-sizing: border-box; padding: 2px 4px; color: rgb(199, 37, 78); background-color: rgb(249, 242, 244); border-radius: 4px;\">initialStyle</span>&nbsp;{String} [默认值：&#39;p{line-height:1em}&#39;]//编辑器层级的基数，可以用来改变字体等 //如果自定义，最好给p标签如下的行高，要不输入中文时，会有跳动感</p></li><li><p style=\"margin-top: 0px; margin-bottom: 10px; box-sizing: border-box; text-indent: 0em;\"><span style=\"box-sizing: border-box; padding: 2px 4px; color: rgb(199, 37, 78); background-color: rgb(249, 242, 244); border-radius: 4px;\">iframeCssUrl</span>&nbsp;{Path String} [默认值：URL + &#39;/themes/iframe.css&#39;] //给编辑器内部引入一个css文件</p></li><li><p style=\"margin-top: 0px; margin-bottom: 10px; box-sizing: border-box; text-indent: 0em;\"><span style=\"box-sizing: border-box; padding: 2px 4px; color: rgb(199, 37, 78); background-color: rgb(249, 242, 244); border-radius: 4px;\">indentValue</span>&nbsp;{String} [默认值：&#39;2em&#39;] //首行缩进距离，默认是2em</p></li><li><p style=\"margin-top: 0px; margin-bottom: 10px; box-sizing: border-box; text-indent: 0em;\"><span style=\"box-sizing: border-box; padding: 2px 4px; color: rgb(199, 37, 78); background-color: rgb(249, 242, 244); border-radius: 4px;\">initialFrameWidth</span>&nbsp;{Number} [默认值：1000] //初始化编辑器宽度，默认1000</p></li><li><p style=\"margin-top: 0px; margin-bottom: 10px; box-sizing: border-box; text-indent: 0em;\"><span style=\"box-sizing: border-box; padding: 2px 4px; color: rgb(199, 37, 78); background-color: rgb(249, 242, 244); border-radius: 4px;\">initialFrameHeight</span>&nbsp;{Number} [默认值：320] //初始化编辑器高度，默认320</p></li><li><p style=\"margin-top: 0px; margin-bottom: 10px; box-sizing: border-box; text-indent: 0em;\"><span style=\"box-sizing: border-box; padding: 2px 4px; color: rgb(199, 37, 78); background-color: rgb(249, 242, 244); border-radius: 4px;\">readonly</span>&nbsp;{Boolean} [默认值：false] //编辑器初始化结束后，编辑区域是否是只读的，默认是false</p></li><li><p style=\"margin-top: 0px; margin-bottom: 10px; box-sizing: border-box; text-indent: 0em;\"><span style=\"box-sizing: border-box; padding: 2px 4px; color: rgb(199, 37, 78); background-color: rgb(249, 242, 244); border-radius: 4px;\">autoClearEmptyNode</span>&nbsp;{Boolean} [默认值：true] //getConte#edui1_iframeholder{&nbsp; &nbsp; height: 300px !important;}#edui1_iframeholder{&nbsp; &nbsp; height: 300px !important;}#edui1_iframeholder{&nbsp; &nbsp; height: 300px !important;}#edui1_iframeholder{&nbsp; &nbsp; height: 300px !important;}#edui1_iframeholder{&nbsp; &nbsp; height: 300px !important;}#edui1_iframeholder{&nbsp; &nbsp; height: 300px !important;}#edui1_iframeholder{&nbsp; &nbsp; height: 300px !important;}#edui1_iframeholder{&nbsp; &nbsp; height: 300px !important;}#edui1_iframeholder{&nbsp; &nbsp; height: 300px !important;}#edui1_iframeholder{&nbsp; &nbsp; height: 300px !important;}#edui1_iframeholder{&nbsp; &nbsp; height: 300px !important;}#edui1_iframeholder{&nbsp; &nbsp; height: 300px !important;}#edui1_iframeholder{&nbsp; &nbsp; height: 300px !important;}#edui1_iframeholder{&nbsp; &nbsp; height: 300px !important;}nt时，是否删除空的inlineElement节点（包括嵌套的情况）</p></li><li><p style=\"margin-top: 0px; margin-bottom: 10px; box-sizing: border-box; text-indent: 0em;\"><span style=\"box-sizing: border-box; padding: 2px 4px; color: rgb(199, 37, 78); background-color: rgb(249, 242, 244); border-radius: 4px;\">enableAutoSave</span>&nbsp;{Boolean} [默认值：true] //启用自动保存</p></li><li><p style=\"margin-top: 0px; margin-bottom: 10px; box-sizing: border-box; text-indent: 0em;\"><span style=\"box-sizing: border-box; padding: 2px 4px; color: rgb(199, 37, 78); background-color: rgb(249, 242, 244); border-radius: 4px;\">saveInterval</span>&nbsp;{Number} [默认值：500] //自动保存间隔时间，单位ms</p></li><li><p><br/></p></li></ul><ul class=\" list-paddingleft-2\" style=\"margin-bottom: 10px; width: 545.297px; padding-left: 15px; white-space: normal; box-sizing: border-box; color: rgb(51, 51, 51); font-family: &quot;Myriad Pro&quot;, &quot;Hiragino Sans GB&quot;, &quot;Microsoft YaHei&quot;, 微软雅黑, Calibri, Helvetica, tahoma, arial, simsun, 宋体, sans-serif; background-color: rgb(255, 255, 255);\"><li><p style=\"margin-top: 0px; margin-bottom: 10px; box-sizing: border-box; text-indent: 0em;\"><span style=\"box-sizing: border-box; padding: 2px 4px; color: rgb(199, 37, 78); background-color: rgb(249, 242, 244); border-radius: 4px;\">ClearinitialContent</span>&nbsp;{Boolean} [默认值：true] //是否自动清除编辑器初始内容，注意：如果focus属性设置为true，这个也为真，那么编辑器一上来就会触发导致初始化的内容看不到了</p></li><li><p style=\"margin-top: 0px; margin-bottom: 10px; box-sizing: border-box; text-indent: 0em;\"><span style=\"box-sizing: border-box; padding: 2px 4px; color: rgb(199, 37, 78); background-color: rgb(249, 242, 244); border-radius: 4px;\">focus</span>&nbsp;{Boolean} [默认值：false] //初始化时，是否让编辑器获得焦点true或false</p></li><li><p style=\"margin-top: 0px; margin-bottom: 10px; box-sizing: border-box; text-indent: 0em;\"><span style=\"box-sizing: border-box; padding: 2px 4px; color: rgb(199, 37, 78); background-color: rgb(249, 242, 244); border-radius: 4px;\">initialStyle</span>&nbsp;{String} [默认值：&#39;p{line-height:1em}&#39;]//编辑器层级的基数，可以用来改变字体等 //如果自定义，最好给p标签如下的行高，要不输入中文时，会有跳动感</p></li><li><p style=\"margin-top: 0px; margin-bottom: 10px; box-sizing: border-box; text-indent: 0em;\"><span style=\"box-sizing: border-box; padding: 2px 4px; color: rgb(199, 37, 78); background-color: rgb(249, 242, 244); border-radius: 4px;\">iframeCssUrl</span>&nbsp;{Path String} [默认值：URL + &#39;/themes/iframe.css&#39;] //给编辑器内部引入一个css文件</p></li><li><p style=\"margin-top: 0px; margin-bottom: 10px; box-sizing: border-box; text-indent: 0em;\"><span style=\"box-sizing: border-box; padding: 2px 4px; color: rgb(199, 37, 78); background-color: rgb(249, 242, 244); border-radius: 4px;\">indentValue</span>&nbsp;{String} [默认值：&#39;2em&#39;] //首行缩进距离，默认是2em</p></li><li><p style=\"margin-top: 0px; margin-bottom: 10px; box-sizing: border-box; text-indent: 0em;\"><span style=\"box-sizing: border-box; padding: 2px 4px; color: rgb(199, 37, 78); background-color: rgb(249, 242, 244); border-radius: 4px;\">initialFrameWidth</span>&nbsp;{Number} [默认值：1000] //初始化编辑器宽度，默认1000</p></li><li><p style=\"margin-top: 0px; margin-bottom: 10px; box-sizing: border-box; text-indent: 0em;\"><span style=\"box-sizing: border-box; padding: 2px 4px; color: rgb(199, 37, 78); background-color: rgb(249, 242, 244); border-radius: 4px;\">initialFrameHeight</span>&nbsp;{Number} [默认值：320] //初始化编辑器高度，默认320</p></li><li><p style=\"margin-top: 0px; margin-bottom: 10px; box-sizing: border-box; text-indent: 0em;\"><span style=\"box-sizing: border-box; padding: 2px 4px; color: rgb(199, 37, 78); background-color: rgb(249, 242, 244); border-radius: 4px;\">readonly</span>&nbsp;{Boolean} [默认值：false] //编辑器初始化结束后，编辑区域是否是只读的，默认是false</p></li><li><p style=\"margin-top: 0px; margin-bottom: 10px; box-sizing: border-box; text-indent: 0em;\"><span style=\"box-sizing: border-box; padding: 2px 4px; color: rgb(199, 37, 78); background-color: rgb(249, 242, 244); border-radius: 4px;\">autoClearEmptyNode</span>&nbsp;{Boolean} [默认值：true] //getConte#edui1_iframeholder{&nbsp; &nbsp; height: 300px !important;}#edui1_iframeholder{&nbsp; &nbsp; height: 300px !important;}#edui1_iframeholder{&nbsp; &nbsp; height: 300px !important;}#edui1_iframeholder{&nbsp; &nbsp; height: 300px !important;}#edui1_iframeholder{&nbsp; &nbsp; height: 300px !important;}#edui1_iframeholder{&nbsp; &nbsp; height: 300px !important;}#edui1_iframeholder{&nbsp; &nbsp; height: 300px !important;}#edui1_iframeholder{&nbsp; &nbsp; height: 300px !important;}#edui1_iframeholder{&nbsp; &nbsp; height: 300px !important;}#edui1_iframeholder{&nbsp; &nbsp; height: 300px !important;}#edui1_iframeholder{&nbsp; &nbsp; height: 300px !important;}#edui1_iframeholder{&nbsp; &nbsp; height: 300px !important;}#edui1_iframeholder{&nbsp; &nbsp; height: 300px !important;}#edui1_iframeholder{&nbsp; &nbsp; height: 300px !important;}nt时，是否删除空的inlineElement节点（包括嵌套的情况）</p></li><li><p style=\"margin-top: 0px; margin-bottom: 10px; box-sizing: border-box; text-indent: 0em;\"><span style=\"box-sizing: border-box; padding: 2px 4px; color: rgb(199, 37, 78); background-color: rgb(249, 242, 244); border-radius: 4px;\">enableAutoSave</span>&nbsp;{Boolean} [默认值：true] //启用自动保存</p></li><li><p style=\"margin-top: 0px; margin-bottom: 10px; box-sizing: border-box; text-indent: 0em;\"><span style=\"box-sizing: border-box; padding: 2px 4px; color: rgb(199, 37, 78); background-color: rgb(249, 242, 244); border-radius: 4px;\">saveInterval</span>&nbsp;{Number} [默认值：500] //自动保存间隔时间，单位ms</p></li><li><p><br/></p></li></ul><ul class=\" list-paddingleft-2\" style=\"margin-bottom: 10px; width: 545.297px; padding-left: 15px; white-space: normal; box-sizing: border-box; color: rgb(51, 51, 51); font-family: &quot;Myriad Pro&quot;, &quot;Hiragino Sans GB&quot;, &quot;Microsoft YaHei&quot;, 微软雅黑, Calibri, Helvetica, tahoma, arial, simsun, 宋体, sans-serif; background-color: rgb(255, 255, 255);\"><li><p style=\"margin-top: 0px; margin-bottom: 10px; box-sizing: border-box; text-indent: 0em;\"><span style=\"box-sizing: border-box; padding: 2px 4px; color: rgb(199, 37, 78); background-color: rgb(249, 242, 244); border-radius: 4px;\">ClearinitialContent</span>&nbsp;{Boolean} [默认值：true] //是否自动清除编辑器初始内容，注意：如果focus属性设置为true，这个也为真，那么编辑器一上来就会触发导致初始化的内容看不到了</p></li><li><p style=\"margin-top: 0px; margin-bottom: 10px; box-sizing: border-box; text-indent: 0em;\"><span style=\"box-sizing: border-box; padding: 2px 4px; color: rgb(199, 37, 78); background-color: rgb(249, 242, 244); border-radius: 4px;\">focus</span>&nbsp;{Boolean} [默认值：false] //初始化时，是否让编辑器获得焦点true或false</p></li><li><p style=\"margin-top: 0px; margin-bottom: 10px; box-sizing: border-box; text-indent: 0em;\"><span style=\"box-sizing: border-box; padding: 2px 4px; color: rgb(199, 37, 78); background-color: rgb(249, 242, 244); border-radius: 4px;\">initialStyle</span>&nbsp;{String} [默认值：&#39;p{line-height:1em}&#39;]//编辑器层级的基数，可以用来改变字体等 //如果自定义，最好给p标签如下的行高，要不输入中文时，会有跳动感</p></li><li><p style=\"margin-top: 0px; margin-bottom: 10px; box-sizing: border-box; text-indent: 0em;\"><span style=\"box-sizing: border-box; padding: 2px 4px; color: rgb(199, 37, 78); background-color: rgb(249, 242, 244); border-radius: 4px;\">iframeCssUrl</span>&nbsp;{Path String} [默认值：URL + &#39;/themes/iframe.css&#39;] //给编辑器内部引入一个css文件</p></li><li><p style=\"margin-top: 0px; margin-bottom: 10px; box-sizing: border-box; text-indent: 0em;\"><span style=\"box-sizing: border-box; padding: 2px 4px; color: rgb(199, 37, 78); background-color: rgb(249, 242, 244); border-radius: 4px;\">indentValue</span>&nbsp;{String} [默认值：&#39;2em&#39;] //首行缩进距离，默认是2em</p></li><li><p style=\"margin-top: 0px; margin-bottom: 10px; box-sizing: border-box; text-indent: 0em;\"><span style=\"box-sizing: border-box; padding: 2px 4px; color: rgb(199, 37, 78); background-color: rgb(249, 242, 244); border-radius: 4px;\">initialFrameWidth</span>&nbsp;{Number} [默认值：1000] //初始化编辑器宽度，默认1000</p></li><li><p style=\"margin-top: 0px; margin-bottom: 10px; box-sizing: border-box; text-indent: 0em;\"><span style=\"box-sizing: border-box; padding: 2px 4px; color: rgb(199, 37, 78); background-color: rgb(249, 242, 244); border-radius: 4px;\">initialFrameHeight</span>&nbsp;{Number} [默认值：320] //初始化编辑器高度，默认320</p></li><li><p style=\"margin-top: 0px; margin-bottom: 10px; box-sizing: border-box; text-indent: 0em;\"><span style=\"box-sizing: border-box; padding: 2px 4px; color: rgb(199, 37, 78); background-color: rgb(249, 242, 244); border-radius: 4px;\">readonly</span>&nbsp;{Boolean} [默认值：false] //编辑器初始化结束后，编辑区域是否是只读的，默认是false</p></li><li><p style=\"margin-top: 0px; margin-bottom: 10px; box-sizing: border-box; text-indent: 0em;\"><span style=\"box-sizing: border-box; padding: 2px 4px; color: rgb(199, 37, 78); background-color: rgb(249, 242, 244); border-radius: 4px;\">autoClearEmptyNode</span>&nbsp;{Boolean} [默认值：true] //getConte#edui1_iframeholder{&nbsp; &nbsp; height: 300px !important;}#edui1_iframeholder{&nbsp; &nbsp; height: 300px !important;}#edui1_iframeholder{&nbsp; &nbsp; height: 300px !important;}#edui1_iframeholder{&nbsp; &nbsp; height: 300px !important;}#edui1_iframeholder{&nbsp; &nbsp; height: 300px !important;}#edui1_iframeholder{&nbsp; &nbsp; height: 300px !important;}#edui1_iframeholder{&nbsp; &nbsp; height: 300px !important;}#edui1_iframeholder{&nbsp; &nbsp; height: 300px !important;}#edui1_iframeholder{&nbsp; &nbsp; height: 300px !important;}#edui1_iframeholder{&nbsp; &nbsp; height: 300px !important;}#edui1_iframeholder{&nbsp; &nbsp; height: 300px !important;}#edui1_iframeholder{&nbsp; &nbsp; height: 300px !important;}#edui1_iframeholder{&nbsp; &nbsp; height: 300px !important;}#edui1_iframeholder{&nbsp; &nbsp; height: 300px !important;}nt时，是否删除空的inlineElement节点（包括嵌套的情况）</p></li><li><p style=\"margin-top: 0px; margin-bottom: 10px; box-sizing: border-box; text-indent: 0em;\"><span style=\"box-sizing: border-box; padding: 2px 4px; color: rgb(199, 37, 78); background-color: rgb(249, 242, 244); border-radius: 4px;\">enableAutoSave</span>&nbsp;{Boolean} [默认值：true] //启用自动保存</p></li><li><p style=\"margin-top: 0px; margin-bottom: 10px; box-sizing: border-box; text-indent: 0em;\"><span style=\"box-sizing: border-box; padding: 2px 4px; color: rgb(199, 37, 78); background-color: rgb(249, 242, 244); border-radius: 4px;\">saveInterval</span>&nbsp;{Number} [默认值：500] //自动保存间隔时间，单位ms</p></li><li><p><br/></p></li><ul class=\" list-paddingleft-2\" style=\"list-style-type: square;\"><li><p style=\"margin-top: 0px; margin-bottom: 10px; box-sizing: border-box; text-indent: 0em;\"><span style=\"box-sizing: border-box; padding: 2px 4px; color: rgb(199, 37, 78); background-color: rgb(249, 242, 244); border-radius: 4px;\">ClearinitialContent</span>&nbsp;{Boolean} [默认值：true] //是否自动清除编辑器初始内容，注意：如果focus属性设置为true，这个也为真，那么编辑器一上来就会触发导致初始化的内容看不到了</p></li><li><p style=\"margin-top: 0px; margin-bottom: 10px; box-sizing: border-box; text-indent: 0em;\"><span style=\"box-sizing: border-box; padding: 2px 4px; color: rgb(199, 37, 78); background-color: rgb(249, 242, 244); border-radius: 4px;\">focus</span>&nbsp;{Boolean} [默认值：false] //初始化时，是否让编辑器获得焦点true或false</p></li><li><p style=\"margin-top: 0px; margin-bottom: 10px; box-sizing: border-box; text-indent: 0em;\"><span style=\"box-sizing: border-box; padding: 2px 4px; color: rgb(199, 37, 78); background-color: rgb(249, 242, 244); border-radius: 4px;\">initialStyle</span>&nbsp;{String} [默认值：&#39;p{line-height:1em}&#39;]//编辑器层级的基数，可以用来改变字体等 //如果自定义，最好给p标签如下的行高，要不输入中文时，会有跳动感</p></li><li><p style=\"margin-top: 0px; margin-bottom: 10px; box-sizing: border-box; text-indent: 0em;\"><span style=\"box-sizing: border-box; padding: 2px 4px; color: rgb(199, 37, 78); background-color: rgb(249, 242, 244); border-radius: 4px;\">iframeCssUrl</span>&nbsp;{Path String} [默认值：URL + &#39;/themes/iframe.css&#39;] //给编辑器内部引入一个css文件</p></li><li><p style=\"margin-top: 0px; margin-bottom: 10px; box-sizing: border-box; text-indent: 0em;\"><span style=\"box-sizing: border-box; padding: 2px 4px; color: rgb(199, 37, 78); background-color: rgb(249, 242, 244); border-radius: 4px;\">indentValue</span>&nbsp;{String} [默认值：&#39;2em&#39;] //首行缩进距离，默认是2em</p></li><li><p style=\"margin-top: 0px; margin-bottom: 10px; box-sizing: border-box; text-indent: 0em;\"><span style=\"box-sizing: border-box; padding: 2px 4px; color: rgb(199, 37, 78); background-color: rgb(249, 242, 244); border-radius: 4px;\">initialFrameWidth</span>&nbsp;{Number} [默认值：1000] //初始化编辑器宽度，默认1000</p></li><li><p style=\"margin-top: 0px; margin-bottom: 10px; box-sizing: border-box; text-indent: 0em;\"><span style=\"box-sizing: border-box; padding: 2px 4px; color: rgb(199, 37, 78); background-color: rgb(249, 242, 244); border-radius: 4px;\">initialFrameHeight</span>&nbsp;{Number} [默认值：320] //初始化编辑器高度，默认320</p></li><li><p style=\"margin-top: 0px; margin-bottom: 10px; box-sizing: border-box; text-indent: 0em;\"><span style=\"box-sizing: border-box; padding: 2px 4px; color: rgb(199, 37, 78); background-color: rgb(249, 242, 244); border-radius: 4px;\">readonly</span>&nbsp;{Boolean} [默认值：false] //编辑器初始化结束后，编辑区域是否是只读的，默认是false</p></li><li><p style=\"margin-top: 0px; margin-bottom: 10px; box-sizing: border-box; text-indent: 0em;\"><span style=\"box-sizing: border-box; padding: 2px 4px; color: rgb(199, 37, 78); background-color: rgb(249, 242, 244); border-radius: 4px;\">autoClearEmptyNode</span>&nbsp;{Boolean} [默认值：true] //getConte#edui1_iframeholder{&nbsp; &nbsp; height: 300px !important;}#edui1_iframeholder{&nbsp; &nbsp; height: 300px !important;}#edui1_iframeholder{&nbsp; &nbsp; height: 300px !important;}#edui1_iframeholder{&nbsp; &nbsp; height: 300px !important;}#edui1_iframeholder{&nbsp; &nbsp; height: 300px !important;}#edui1_iframeholder{&nbsp; &nbsp; height: 300px !important;}#edui1_iframeholder{&nbsp; &nbsp; height: 300px !important;}#edui1_iframeholder{&nbsp; &nbsp; height: 300px !important;}#edui1_iframeholder{&nbsp; &nbsp; height: 300px !important;}#edui1_iframeholder{&nbsp; &nbsp; height: 300px !important;}#edui1_iframeholder{&nbsp; &nbsp; height: 300px !important;}#edui1_iframeholder{&nbsp; &nbsp; height: 300px !important;}#edui1_iframeholder{&nbsp; &nbsp; height: 300px !important;}#edui1_iframeholder{&nbsp; &nbsp; height: 300px !important;}nt时，是否删除空的inlineElement节点（包括嵌套的情况）</p></li><li><p style=\"margin-top: 0px; margin-bottom: 10px; box-sizing: border-box; text-indent: 0em;\"><span style=\"box-sizing: border-box; padding: 2px 4px; color: rgb(199, 37, 78); background-color: rgb(249, 242, 244); border-radius: 4px;\">enableAutoSave</span>&nbsp;{Boolean} [默认值：true] //启用自动保存</p></li><li><p style=\"margin-top: 0px; margin-bottom: 10px; box-sizing: border-box; text-indent: 0em;\"><span style=\"box-sizing: border-box; padding: 2px 4px; color: rgb(199, 37, 78); background-color: rgb(249, 242, 244); border-radius: 4px;\">saveInterval</span>&nbsp;{Number} [默认值：500] //自动保存间隔时间，单位ms</p></li><li><p><br/></p></li><li><p style=\"margin-top: 0px; margin-bottom: 10px; box-sizing: border-box; text-indent: 0em;\"><span style=\"box-sizing: border-box; padding: 2px 4px; color: rgb(199, 37, 78); background-color: rgb(249, 242, 244); border-radius: 4px;\">ClearinitialContent</span>&nbsp;{Boolean} [默认值：true] //是否自动清除编辑器初始内容，注意：如果focus属性设置为true，这个也为真，那么编辑器一上来就会触发导致初始化的内容看不到了</p></li><li><p style=\"margin-top: 0px; margin-bottom: 10px; box-sizing: border-box; text-indent: 0em;\"><span style=\"box-sizing: border-box; padding: 2px 4px; color: rgb(199, 37, 78); background-color: rgb(249, 242, 244); border-radius: 4px;\">focus</span>&nbsp;{Boolean} [默认值：false] //初始化时，是否让编辑器获得焦点true或false</p></li><li><p style=\"margin-top: 0px; margin-bottom: 10px; box-sizing: border-box; text-indent: 0em;\"><span style=\"box-sizing: border-box; padding: 2px 4px; color: rgb(199, 37, 78); background-color: rgb(249, 242, 244); border-radius: 4px;\">initialStyle</span>&nbsp;{String} [默认值：&#39;p{line-height:1em}&#39;]//编辑器层级的基数，可以用来改变字体等 //如果自定义，最好给p标签如下的行高，要不输入中文时，会有跳动感</p></li><li><p style=\"margin-top: 0px; margin-bottom: 10px; box-sizing: border-box; text-indent: 0em;\"><span style=\"box-sizing: border-box; padding: 2px 4px; color: rgb(199, 37, 78); background-color: rgb(249, 242, 244); border-radius: 4px;\">iframeCssUrl</span>&nbsp;{Path String} [默认值：URL + &#39;/themes/iframe.css&#39;] //给编辑器内部引入一个css文件</p></li><li><p style=\"margin-top: 0px; margin-bottom: 10px; box-sizing: border-box; text-indent: 0em;\"><span style=\"box-sizing: border-box; padding: 2px 4px; color: rgb(199, 37, 78); background-color: rgb(249, 242, 244); border-radius: 4px;\">indentValue</span>&nbsp;{String} [默认值：&#39;2em&#39;] //首行缩进距离，默认是2em</p></li><li><p style=\"margin-top: 0px; margin-bottom: 10px; box-sizing: border-box; text-indent: 0em;\"><span style=\"box-sizing: border-box; padding: 2px 4px; color: rgb(199, 37, 78); background-color: rgb(249, 242, 244); border-radius: 4px;\">initialFrameWidth</span>&nbsp;{Number} [默认值：1000] //初始化编辑器宽度，默认1000</p></li><li><p style=\"margin-top: 0px; margin-bottom: 10px; box-sizing: border-box; text-indent: 0em;\"><span style=\"box-sizing: border-box; padding: 2px 4px; color: rgb(199, 37, 78); background-color: rgb(249, 242, 244); border-radius: 4px;\">initialFrameHeight</span>&nbsp;{Number} [默认值：320] //初始化编辑器高度，默认320</p></li><li><p style=\"margin-top: 0px; margin-bottom: 10px; box-sizing: border-box; text-indent: 0em;\"><span style=\"box-sizing: border-box; padding: 2px 4px; color: rgb(199, 37, 78); background-color: rgb(249, 242, 244); border-radius: 4px;\">readonly</span>&nbsp;{Boolean} [默认值：false] //编辑器初始化结束后，编辑区域是否是只读的，默认是false</p></li><li><p style=\"margin-top: 0px; margin-bottom: 10px; box-sizing: border-box; text-indent: 0em;\"><span style=\"box-sizing: border-box; padding: 2px 4px; color: rgb(199, 37, 78); background-color: rgb(249, 242, 244); border-radius: 4px;\">autoClearEmptyNode</span>&nbsp;{Boolean} [默认值：true] //getConte#edui1_iframeholder{&nbsp; &nbsp; height: 300px !important;}#edui1_iframeholder{&nbsp; &nbsp; height: 300px !important;}#edui1_iframeholder{&nbsp; &nbsp; height: 300px !important;}#edui1_iframeholder{&nbsp; &nbsp; height: 300px !important;}#edui1_iframeholder{&nbsp; &nbsp; height: 300px !important;}#edui1_iframeholder{&nbsp; &nbsp; height: 300px !important;}#edui1_iframeholder{&nbsp; &nbsp; height: 300px !important;}#edui1_iframeholder{&nbsp; &nbsp; height: 300px !important;}#edui1_iframeholder{&nbsp; &nbsp; height: 300px !important;}#edui1_iframeholder{&nbsp; &nbsp; height: 300px !important;}#edui1_iframeholder{&nbsp; &nbsp; height: 300px !important;}#edui1_iframeholder{&nbsp; &nbsp; height: 300px !important;}#edui1_iframeholder{&nbsp; &nbsp; height: 300px !important;}#edui1_iframeholder{&nbsp; &nbsp; height: 300px !important;}nt时，是否删除空的inlineElement节点（包括嵌套的情况）</p></li><li><p style=\"margin-top: 0px; margin-bottom: 10px; box-sizing: border-box; text-indent: 0em;\"><span style=\"box-sizing: border-box; padding: 2px 4px; color: rgb(199, 37, 78); background-color: rgb(249, 242, 244); border-radius: 4px;\">enableAutoSave</span>&nbsp;{Boolean} [默认值：true] //启用自动保存</p></li><li><p style=\"margin-top: 0px; margin-bottom: 10px; box-sizing: border-box; text-indent: 0em;\"><span style=\"box-sizing: border-box; padding: 2px 4px; color: rgb(199, 37, 78); background-color: rgb(249, 242, 244); border-radius: 4px;\">saveInterval</span>&nbsp;{Number} [默认值：500] //自动保存间隔时间，单位ms</p></li><li><p><br/></p></li></ul></ul><p style=\"white-space: normal;\">q2354123412</p><p style=\"white-space: normal;\">3</p><p style=\"white-space: normal;\"><br/></p><p style=\"white-space: normal;\"><br/></p><p style=\"white-space: normal;\"><br/></p><p style=\"white-space: normal;\"><br/></p><p style=\"white-space: normal;\"><br/></p><p style=\"white-space: normal;\"><br/></p><p style=\"white-space: normal;\"><br/></p><p style=\"white-space: normal;\">12341234134</p><p><br/></p>','https://ekeae-image.oss-cn-shenzhen.aliyuncs.com/2018/10/22/f24a9be853f9475a8fe13d890cb327f9.jpg',1,''),('7a42f135f39a4cb9b53157711f348882',00000000003,'2018-10-24 17:05:06','2018-10-25 20:35:04','测试测试测试测试测试测试测试测试测试测试测试测试测试测试测试测试测试测试测试测试测试测试测试测试测试测试测试测试测试测试测试测试测试测试','测试测试测试测试测试测试测试测试测试测试测试测试测试测试测试测试测试测试测试测试测试测试测试测试测试测试测试测试测试测试测试测试测试测试','<p style=\"text-align: center;\">hello2341234123</p><p><br/></p><p style=\"text-align: center;\">112341234</p><p style=\"text-align: center;\">123412341234</p><p style=\"text-align: center;\">41234</p>','https://ekeae-image.oss-cn-shenzhen.aliyuncs.com/2018/10/24/3c9513a50daf466994920d84609e8bdb.jpg',1,'测试测试测试测试测试测试测试测试测试测试测试测试测试测试测试测试测试测试测试测试测试测试测试测试测试测试测试测试测试测试测试测试测试测试'),('e9124dcb55554221a283388d81a25a46',00000000004,'2018-10-26 10:08:22','2018-10-27 11:25:09','1234','1234','<p>					</p><p><br/></p><p>去玩儿群翁绕所多</p><p><br/></p><p><br/></p><p><br/></p><p><br/></p><p><br/></p><p><br/></p><p><br/></p><p><br/></p><p><br/></p><p><br/></p><p><br/></p><p><br/></p><p><br/></p><p><br/></p><p><br/></p><p><br/></p><p><br/></p><p><br/></p><p><br/></p><p><br/></p><p><br/></p><p><br/></p><p><br/></p><p><br/></p><p><br/></p><p><br/></p><p><br/></p><p>qrwer</p><p><br/></p><p>			</p>','https://ekeae-image.oss-cn-shenzhen.aliyuncs.com/2018/10/26/7e2ea658cb9f42a1bf4368044677a07a.jpg',0,'1234'),('2c980b35afe14a629ebc904a77acc1fb',00000000005,'2018-10-26 10:08:38','2018-10-26 10:08:38','123','41234','<p>123412341234</p>','https://ekeae-image.oss-cn-shenzhen.aliyuncs.com/2018/10/26/2197818a159246d58a17509d448337c3.jpg',0,'1234');

/*Table structure for table `NewsBanner` */

DROP TABLE IF EXISTS `NewsBanner`;

CREATE TABLE `NewsBanner` (
  `ID` char(32) NOT NULL COMMENT '运营->横幅新闻容器',
  `BannerNO` int(11) unsigned NOT NULL COMMENT '容器编号',
  `Banner` varchar(200) DEFAULT NULL COMMENT '容器位置描述',
  `ShowWay` enum('易订场') NOT NULL COMMENT '展示平台',
  `CoverPath` varchar(300) NOT NULL COMMENT '封面URL',
  `ContentPath` varchar(300) NOT NULL COMMENT '内容URL',
  `Remark` varchar(100) DEFAULT NULL COMMENT '备注',
  PRIMARY KEY (`ID`)
) ENGINE=InnoDB DEFAULT CHARSET=utf8 COMMENT='新闻表';

/*Data for the table `NewsBanner` */

insert  into `NewsBanner`(`ID`,`BannerNO`,`Banner`,`ShowWay`,`CoverPath`,`ContentPath`,`Remark`) values ('1',1,'客户端轮播图','易订场','https://ekeae-image.oss-cn-shenzhen.aliyuncs.com/2018/10/26/a503c325f3664d37836a056031d0e265.jpg','https://i.eqxiu.com/s/HqeRjHJW','宽高比=2:1'),('2',2,'客户端轮播图','易订场','https://ekeae-image.oss-cn-shenzhen.aliyuncs.com/2018/9/21/aedb9b5d91e649f8aa36f35335da93a2.jpg','https://ball.ekeae.com/','1'),('3',3,'客户端轮播图','易订场','https://ekeae-image.oss-cn-shenzhen.aliyuncs.com/2018/8/24/timg3.jpg','https://ball.ekeae.com/','2');

/*Table structure for table `NewsBannerLog` */

DROP TABLE IF EXISTS `NewsBannerLog`;

CREATE TABLE `NewsBannerLog` (
  `ID` char(32) NOT NULL COMMENT '运营->横幅新闻日志',
  `NewsBannerID` char(32) NOT NULL COMMENT '横幅新闻ID',
  `LogTime` datetime NOT NULL COMMENT '日志时间',
  `EditID` char(32) NOT NULL COMMENT '操作人ID',
  `Content` varchar(200) NOT NULL COMMENT '内容',
  PRIMARY KEY (`ID`),
  KEY `FK_FW_PRO` (`NewsBannerID`)
) ENGINE=InnoDB DEFAULT CHARSET=utf8 COMMENT='小区日志';

/*Data for the table `NewsBannerLog` */

insert  into `NewsBannerLog`(`ID`,`NewsBannerID`,`LogTime`,`EditID`,`Content`) values ('05f3727a20e2420985a2c994e99eff52','1','2018-10-24 16:26:57','1','横幅地址修改为：https://ekeae-image.oss-cn-shenzhen.aliyuncs.com/2018/10/24/30c71a1459194b75867776c196ead550.jpg'),('1','1','2018-08-13 18:58:54','00000000000000000000000000000000',''),('13b5bcce4dc049eaa74ae62725a28bc1','1','2018-10-22 10:26:51','1',''),('22f7d83b4147459ba1806f0a711c543f','1','2018-10-22 17:35:29','1','横幅地址修改为：https://ekeae-image.oss-cn-shenzhen.aliyuncs.com/2018/10/22/8e468bd7c9c441f7b1e7075d04e4d11e.jpg'),('23e20336ed0549b491bc23a516be6a54','1','2018-10-26 20:38:10','1','跳转地址修改为：https://i.eqxiu.com/s/HqeRjHJW,备注修改为：1112'),('3ac4ec724de843c2ba517de0f590a4d1','1','2018-10-22 10:19:32','1',''),('3b020da7ed844e8db1f215834b47eec5','1','2018-10-22 17:35:34','1','横幅地址修改为：https://ekeae-image.oss-cn-shenzhen.aliyuncs.com/2018/10/22/f24a9be853f9475a8fe13d890cb327f9.jpg'),('50974f534a0f42e487f3fcf27ac0d5d2','2','2018-10-22 10:28:42','1',''),('59fa647caae64065984e788495c54f28','1','2018-10-22 17:35:40','1','跳转地址修改为：www.baidu.com,备注修改为：1112'),('682bcb183f284660b890b666af6d57e9','1','2018-10-26 14:56:10','1','跳转地址修改为：https://i.eqxiu.com/s/HqeRjHJW,备注修改为：1112'),('73ff0bc7f22f44a1b144ba493a5328c1','3','2018-10-22 10:28:49','1',''),('82a7022b7f544a14b5cb8a87f51d67b8','1','2018-10-22 10:19:25','1',''),('92ebf79132e5423db0d07bd3d8754f90','1','2018-10-26 14:58:58','1','横幅地址修改为：https://ekeae-image.oss-cn-shenzhen.aliyuncs.com/2018/10/26/a503c325f3664d37836a056031d0e265.jpg'),('b69ea88cc3d54a53a172c63a3c63028d','1','2018-10-22 10:26:40','1',''),('bca3badc95204ea1b41d162de22c72b4','1','2018-10-24 16:26:57','1','跳转地址修改为：https://i.eqxiu.com/s/HqeRjHJW,备注修改为：1112'),('e12ead3e2b814699919dee0d4cafea1e','1','2018-10-22 17:30:26','1','跳转地址修改为：www.baidu.com,备注修改为：1112'),('e96be8e9969c4246ac25ef5c0f67fd5b','1','2018-10-29 17:55:16','769e9ced5da14a1f93c8e5dd50b629a1','跳转地址修改为：https://i.eqxiu.com/s/HqeRjHJW,备注修改为：宽稿比=2:1'),('ebd862a1313b407c8c62851b9b4bdb07','1','2018-10-24 16:04:54','1','横幅地址修改为：https://ekeae-image.oss-cn-shenzhen.aliyuncs.com/2018/10/24/952266a762c44323a3715f42d278f680.jpg'),('ee781a031586416aba73a98a82e68c8d','1','2018-10-22 10:26:10','1',''),('f5213c59fac24232b41e5d78eba855f1','1','2018-10-29 17:57:07','769e9ced5da14a1f93c8e5dd50b629a1','跳转地址修改为：https://i.eqxiu.com/s/HqeRjHJW,备注修改为：宽高比=2:1'),('f55bacd8615e456ba0614ce321a499f4','1','2018-10-22 10:19:23','1','');

/*Table structure for table `NewsCollect` */

DROP TABLE IF EXISTS `NewsCollect`;

CREATE TABLE `NewsCollect` (
  `ID` varchar(32) NOT NULL COMMENT 'ID',
  `Create_time` datetime DEFAULT NULL COMMENT '创建时间',
  `News_id` varchar(32) DEFAULT NULL COMMENT '咨询ID',
  `Member_id` varchar(32) DEFAULT NULL COMMENT '用户ID',
  PRIMARY KEY (`ID`)
) ENGINE=MyISAM DEFAULT CHARSET=utf8 COMMENT='新闻咨询收藏表';

/*Data for the table `NewsCollect` */

insert  into `NewsCollect`(`ID`,`Create_time`,`News_id`,`Member_id`) values ('9ee9981f87894d5086b93edb1ad56a4f','2018-10-25 10:00:03','2','c141fac9aa9e4da39dd22c21ba8e16a6'),('bc17c9d01b2249d9916f52a7e46e036e','2018-10-25 15:33:20','2','1'),('52a875a265644a189beb1da4fef8c084','2018-10-25 14:14:27','1','512e6f4e09af45b2ab008a0133880f05'),('bdbdc8b555d0435c980e7e39565f5c91','2018-10-25 14:20:20','7a42f135f39a4cb9b53157711f348882','1f339d03a0b74dc3b33042294cd07b97'),('63921fa9d49a4aa5b4c906428987d2ad','2018-10-25 14:20:17','1','1f339d03a0b74dc3b33042294cd07b97'),('721dc4b0f7ca429a91249fe4015f6ddb','2018-10-25 14:20:14','2','1f339d03a0b74dc3b33042294cd07b97'),('a0571b67eb0a4b0188e8e9795b3c6d50','2018-10-25 10:50:21','1','3'),('0e68dbb00d2c4d63b70d8b3d3480da0c','2018-10-25 19:47:11','1','1'),('d5f8150355b24d9e95cb7fee5ee1cccb','2018-10-25 16:43:05','1','c141fac9aa9e4da39dd22c21ba8e16a6');

/*Table structure for table `NewsError` */

DROP TABLE IF EXISTS `NewsError`;

CREATE TABLE `NewsError` (
  `ID` varchar(32) NOT NULL COMMENT 'ID',
  `Create_time` datetime DEFAULT NULL COMMENT '创建时间',
  `Member_id` varchar(32) DEFAULT NULL COMMENT '用户ID',
  `News_id` varchar(32) DEFAULT NULL COMMENT '资讯ID',
  `Content` varchar(100) DEFAULT NULL COMMENT '报错内容',
  PRIMARY KEY (`ID`)
) ENGINE=MyISAM DEFAULT CHARSET=utf8;

/*Data for the table `NewsError` */

insert  into `NewsError`(`ID`,`Create_time`,`Member_id`,`News_id`,`Content`) values ('1','2018-10-24 20:55:40','1','1','1'),('2','2018-10-24 20:55:47','1','1','2'),('5bf780fb34304e118ca279509c7c5ffb','2018-10-25 16:25:48','c141fac9aa9e4da39dd22c21ba8e16a6',NULL,'测试'),('c0f4d4f199d14dfc9be365c335ff8bbc','2018-10-25 17:50:36','1f339d03a0b74dc3b33042294cd07b97',NULL,'内容失实/内容违法'),('721e8b426bc44faaa9a3f791bd7fd39f','2018-10-25 17:51:24','1f339d03a0b74dc3b33042294cd07b97',NULL,'空白页面'),('91930a047eee424593f03e474ab3404e','2018-10-25 17:51:31','1f339d03a0b74dc3b33042294cd07b97',NULL,'asfd'),('e9f961d15cf44a119ea34e3a5ebe7a98','2018-10-25 17:51:41','1f339d03a0b74dc3b33042294cd07b97',NULL,'空白页面'),('31c750f05605488cac4ce352196d5fd8','2018-10-25 17:51:47','1f339d03a0b74dc3b33042294cd07b97',NULL,'asdfafds'),('be5a8c64a02a47d687cb3b7f4dce6be9','2018-10-25 17:52:24','1f339d03a0b74dc3b33042294cd07b97',NULL,'版权争议'),('f92e0807694d436fa38481b4463f8560','2018-10-25 17:59:34','1f339d03a0b74dc3b33042294cd07b97',NULL,'空白页面'),('efc4f4ddfcfb44a99da1f86e34231474','2018-10-25 19:09:56','1f339d03a0b74dc3b33042294cd07b97',NULL,'内容失实/内容违法'),('2579ab4c134045828b1137b34b23126a','2018-10-25 19:48:48','1f339d03a0b74dc3b33042294cd07b97',NULL,'空白页面'),('9ed25ddabd194f848c1b8467b92467b1','2018-10-25 19:53:49','1f339d03a0b74dc3b33042294cd07b97',NULL,'版权争议'),('1c2696451d384b0bbba5e995c9063043','2018-10-25 19:55:10','1f339d03a0b74dc3b33042294cd07b97',NULL,'内容失实/内容违法'),('c5afafbdf99a4defa295d72da4d801a1','2018-10-26 15:43:21','1f339d03a0b74dc3b33042294cd07b97',NULL,'版权争议');

/*Table structure for table `NewsLog` */

DROP TABLE IF EXISTS `NewsLog`;

CREATE TABLE `NewsLog` (
  `ID` char(32) NOT NULL COMMENT '订场日志',
  `Create_time` datetime NOT NULL COMMENT '创建时间',
  `News_id` varchar(32) NOT NULL COMMENT '咨询ID',
  `Staff_id` varchar(32) NOT NULL COMMENT '操作人',
  `Content` varchar(200) NOT NULL COMMENT '内容',
  PRIMARY KEY (`ID`)
) ENGINE=MyISAM DEFAULT CHARSET=utf8;

/*Data for the table `NewsLog` */

insert  into `NewsLog`(`ID`,`Create_time`,`News_id`,`Staff_id`,`Content`) values ('1','2018-10-24 15:03:48','1','1','1'),('55b7961c93364b779bb05ee1c1f6ecdf','2018-10-24 16:52:15','f192f674939e432782fde06416340d2b','1','修改资讯'),('ebc1ebc15e3a4d4f850ce25c22c7f361','2018-10-24 16:52:34','20f930a7f95f4b2baed95e2073750a24','1','修改资讯'),('11398f75cf7d44d58fc437946e91bdc2','2018-10-24 16:53:46','4e34ab1f42a94c12a728204b99ee8041','1','修改资讯'),('07160d807a974e9a8a30025004a65f79','2018-10-24 16:53:47','c703a3619ed64789b9589452fd7c6cba','1','修改资讯'),('d005b327187a429791c1e8d0b8d635ce','2018-10-24 16:53:57','ec24937b240d438e872262dc8b14e770','1','修改资讯'),('a569e4f4aebd45a5918d92a5c48de314','2018-10-24 16:55:27','1','1','修改资讯'),('9cfead5804134d06babcbc382634433b','2018-10-24 16:55:28','1','1','修改资讯'),('b1a1bc43fab34e97bc0a2704f9e0630b','2018-10-24 16:55:47','1','1','修改资讯'),('52947c2256ae4b86a2650b9b4e76871a','2018-10-24 16:56:02','1','1','修改资讯'),('3679258c86b2438188e4b171ef969751','2018-10-24 16:56:19','1','1','修改资讯'),('2f0068952f1c417c967c4056b296ba6d','2018-10-24 17:05:07','7a42f135f39a4cb9b53157711f348882','1','修改资讯'),('d4b652ccd2134690b1d45ea04e8f0095','2018-10-24 19:03:52','7a42f135f39a4cb9b53157711f348882','590a7d69daa0480baa3fd146e32830e7','修改资讯'),('6c3159dc2a6b4673bc8f73151d75d88a','2018-10-24 19:04:16','7a42f135f39a4cb9b53157711f348882','590a7d69daa0480baa3fd146e32830e7','修改资讯'),('72850289809d4a37bb9054f09cf7f538','2018-10-24 19:05:10','7a42f135f39a4cb9b53157711f348882','590a7d69daa0480baa3fd146e32830e7','修改资讯'),('a60aa06bc601482087cb82d2acc58929','2018-10-24 19:05:13','7a42f135f39a4cb9b53157711f348882','590a7d69daa0480baa3fd146e32830e7','修改资讯'),('1f914f80536b489685231bdf3fc1fb30','2018-10-24 19:06:19','7a42f135f39a4cb9b53157711f348882','1','修改资讯'),('ee4870f968ed4523928b16a077f6a50d','2018-10-24 19:06:32','1','1','修改资讯'),('a499da10d6b447979a70a2414d38f50f','2018-10-24 19:07:34','1','1','修改资讯'),('3515f849eede4ede9160788ed8eb021f','2018-10-24 19:08:08','1','1','修改资讯'),('e3f568c3227e4c21a04d52ebce6311cb','2018-10-24 19:12:23','1','1','修改资讯'),('4bcb643cd26549f8a4a690cf630de312','2018-10-24 19:12:29','1','1','修改资讯'),('6c4764c17ba243d684d997bb16c13bac','2018-10-24 19:13:30','1','1','修改资讯'),('e7e851d227ca433697baede58ad19ba2','2018-10-24 19:15:42','7a42f135f39a4cb9b53157711f348882','1','修改资讯'),('bda55a4896534b419fb63bf134e1270f','2018-10-24 19:16:29','7a42f135f39a4cb9b53157711f348882','1','修改资讯'),('334f3f7cc8d44e28a3e551c1dd97ba2e','2018-10-24 19:23:16','7a42f135f39a4cb9b53157711f348882','1','修改资讯'),('fd3fcb6368054350b23b51941c4193b6','2018-10-24 19:25:11','7a42f135f39a4cb9b53157711f348882','1','修改资讯'),('6ff7350b12e04c129657a9496c6e5fe0','2018-10-24 19:29:06','7a42f135f39a4cb9b53157711f348882','1','修改资讯'),('c33aefd8a4b14282bd2d1792bddca9ad','2018-10-24 19:29:30','1','1','修改资讯'),('47ece23f11644294bc5bb54727492012','2018-10-24 19:38:19','1','1','修改资讯'),('fa84a84f6ed64af4bee60d30043c7656','2018-10-24 19:38:38','7a42f135f39a4cb9b53157711f348882','1','修改资讯'),('ccab26bf1f0948debf9b0037d7524498','2018-10-24 19:50:46','7a42f135f39a4cb9b53157711f348882','590a7d69daa0480baa3fd146e32830e7','修改资讯'),('a2a0a8d8b8e54a42b88dde06274920f8','2018-10-24 19:50:56','7a42f135f39a4cb9b53157711f348882','590a7d69daa0480baa3fd146e32830e7','修改资讯'),('18d4a665492a4154919781852aa9002a','2018-10-24 19:51:42','7a42f135f39a4cb9b53157711f348882','590a7d69daa0480baa3fd146e32830e7','修改资讯'),('3f263c706d5f458b9f58099394b94332','2018-10-24 19:56:06','7a42f135f39a4cb9b53157711f348882','590a7d69daa0480baa3fd146e32830e7','修改资讯'),('c1b7dba2f3a84b7093480bbeed43ad0c','2018-10-24 19:56:48','7a42f135f39a4cb9b53157711f348882','590a7d69daa0480baa3fd146e32830e7','修改资讯'),('9bb72ff806244a469d78bd1958df348e','2018-10-24 19:59:27','7a42f135f39a4cb9b53157711f348882','1','修改资讯'),('92a4309cafce4568be2d47f964b7b886','2018-10-24 19:59:48','7a42f135f39a4cb9b53157711f348882','1','修改资讯'),('f9ba630a7d2a4670ac66761767b40103','2018-10-24 20:00:47','7a42f135f39a4cb9b53157711f348882','1','修改资讯'),('0ad448d4638440ada5527b506791d0f5','2018-10-24 20:03:53','7a42f135f39a4cb9b53157711f348882','1','修改资讯'),('9ffba832e9ad4cf592b8e09fcf5bf47c','2018-10-24 20:13:47','7a42f135f39a4cb9b53157711f348882','590a7d69daa0480baa3fd146e32830e7','修改资讯'),('93e3fb8fb2a146b4ae426541f8155fa0','2018-10-24 20:35:21','7a42f135f39a4cb9b53157711f348882','590a7d69daa0480baa3fd146e32830e7','修改资讯'),('3810a6a31c434df7ac0e7ec8e225ce5b','2018-10-25 09:42:20','1','1','修改资讯'),('31903986003f4755ad1608fd55c1c84d','2018-10-25 09:42:21','1','1','修改资讯'),('edd81e4aba2f4674a9929deed8359787','2018-10-25 09:42:22','1','1','修改资讯'),('e6e12811184e40ed94fd036eb9cf13a1','2018-10-25 09:42:22','1','1','修改资讯'),('813b57c67c5345f8b468a62144564c87','2018-10-25 09:42:48','2','1','修改资讯'),('8749bdd7e7624c5a862b50723d8d1f4a','2018-10-25 09:42:55','7a42f135f39a4cb9b53157711f348882','1','修改资讯'),('95fdbdf6a9ce4ea1bfbd32ee0e5c6a16','2018-10-25 09:43:04','7a42f135f39a4cb9b53157711f348882','1','修改资讯'),('98082a02a7674eb1b19ec86df35d0f73','2018-10-25 09:43:42','1','1','修改资讯'),('6238ff0bbbcd409b924838fd93ebaede','2018-10-25 09:43:45','1','1','修改资讯'),('f28b178b5a7341faa5b965d2bbe193e2','2018-10-25 09:44:00','1','1','修改资讯'),('1e5f3f9d57de401797dc23592b168954','2018-10-25 09:44:03','1','1','修改资讯'),('7dec5f0aba494699914ea92d89f3564d','2018-10-25 09:44:06','1','1','修改资讯'),('111eb0fcfece47dcb3a755639315be70','2018-10-25 09:44:08','1','1','修改资讯'),('8e98ca90b5f34308b15978b9aa29a117','2018-10-25 20:31:52','7a42f135f39a4cb9b53157711f348882','1','修改资讯'),('ca7a35a2b1124db9be1bcc8c558e98c4','2018-10-25 20:32:21','7a42f135f39a4cb9b53157711f348882','1','修改资讯'),('b0f5b595ec06444799bd362d95b651ab','2018-10-25 20:32:33','7a42f135f39a4cb9b53157711f348882','1','修改资讯'),('0e0c66342b4748a58fd965dd8a7acd29','2018-10-25 20:33:15','7a42f135f39a4cb9b53157711f348882','1','修改资讯'),('ccc8155f67ae4ba89e5e307d86a511d2','2018-10-25 20:33:26','7a42f135f39a4cb9b53157711f348882','1','修改资讯'),('a2e77c5d64ae44deb9cb6a9ce0789292','2018-10-25 20:35:04','7a42f135f39a4cb9b53157711f348882','1','修改资讯'),('7115f3388cd549a0890b383b9fb77ee3','2018-10-26 09:10:11','2','1','修改资讯'),('c2d6432daa7048dd8ff801268d5a6ec0','2018-10-26 09:10:32','2','1','修改资讯'),('8b0c62e090344698a76eb1c68be3f6da','2018-10-26 09:20:22','2','1','修改资讯'),('f27f01ca279f4169a8ba3188a6db994b','2018-10-26 09:20:31','2','1','修改资讯'),('ec07b72d7dbb4122a6524fc37aeb21bc','2018-10-26 09:20:40','2','1','修改资讯'),('ee4549661b2c4c9c829411930ac88c7a','2018-10-26 09:20:51','2','1','修改资讯'),('eb2d78cf4e4a494c968c002001e7cbb3','2018-10-26 09:22:20','2','1','修改资讯'),('a9eaab317458494397d0ea3d59e1488b','2018-10-26 09:24:19','2','1','修改资讯'),('9a8c792bc8ff4fe0a80b8a23920ee69f','2018-10-26 09:25:21','2','1','修改资讯'),('bc946b629d6f4daf9e7cb40f3ea3b12b','2018-10-26 09:25:31','2','1','修改资讯'),('6db1f5815b1d4f5b92380b9c5542190b','2018-10-26 09:54:34','2','1','修改资讯'),('1dc98aa8c47e43f485ffc1a4d268092d','2018-10-26 09:57:39','2','1','修改资讯'),('14dd5144ee584d198df92fbbd0683552','2018-10-26 09:58:28','1','1','修改资讯'),('3e8e18353fab4f91aa33a3824adea494','2018-10-26 09:59:55','1','1','修改资讯'),('922ea6a8ec904b998bb24c5540fc6927','2018-10-26 10:02:29','2','1','修改资讯'),('5f3d33cb395346d7aed61ba04f7ad848','2018-10-26 10:06:33','2','1','修改资讯'),('018ae54f6f824218afc4ff772652de34','2018-10-26 10:08:22','e9124dcb55554221a283388d81a25a46','1','修改资讯'),('8a09d78bf0584c6baf2c2ceb8a7dbc18','2018-10-26 10:08:38','2c980b35afe14a629ebc904a77acc1fb','1','修改资讯'),('31f12c773c51482ea45ae1b02a7270d7','2018-10-26 14:41:56','e9124dcb55554221a283388d81a25a46','1','修改资讯'),('12a332b7c3aa4bbd83d15c55b229fd5c','2018-10-26 20:39:07','1','1','修改资讯'),('af552e81a8694275b7a5cb2a6026bcc9','2018-10-27 11:25:09','e9124dcb55554221a283388d81a25a46','1','修改资讯');

/*Table structure for table `Order` */

DROP TABLE IF EXISTS `Order`;

CREATE TABLE `Order` (
  `ID` char(32) NOT NULL COMMENT '订场-订单表',
  `OrderNO` int(11) unsigned NOT NULL AUTO_INCREMENT COMMENT '订单编号',
  `CreateTime` datetime NOT NULL COMMENT '创建时间',
  `ModifyTime` datetime NOT NULL COMMENT '修改时间',
  `OrderDate` date NOT NULL COMMENT '订单日期',
  `VenueID` varchar(32) NOT NULL COMMENT '场馆ID',
  `MemberID` varchar(32) NOT NULL COMMENT '会员ID',
  `CoachID` varchar(32) DEFAULT NULL COMMENT '教练ID',
  `CoachAmount` double(11,2) DEFAULT NULL COMMENT '教练费用',
  `Price` double(11,2) NOT NULL COMMENT '订单总金额',
  `TimeSum` double(11,1) NOT NULL COMMENT '订单总小时数',
  `Type` int(1) NOT NULL DEFAULT '0' COMMENT '订单状态(0=待支付1=已消费2=支付取消3=支付超时4=已退款5=支付成功待确认6=已支付待消费)',
  `PayType` int(1) DEFAULT NULL COMMENT '支付方式0=支付宝1=微信支付',
  `PayRemark` varchar(1000) DEFAULT NULL COMMENT '支付结果内容(仅供效验)',
  `AmountID` varchar(32) DEFAULT NULL COMMENT '提现ID',
  `AmountType` int(1) NOT NULL DEFAULT '0' COMMENT '提现状态(0=未提现1=正在提现2=已提现)',
  PRIMARY KEY (`ID`),
  KEY `OrderNO` (`OrderNO`)
) ENGINE=MyISAM AUTO_INCREMENT=176 DEFAULT CHARSET=utf8;

/*Data for the table `Order` */

insert  into `Order`(`ID`,`OrderNO`,`CreateTime`,`ModifyTime`,`OrderDate`,`VenueID`,`MemberID`,`CoachID`,`CoachAmount`,`Price`,`TimeSum`,`Type`,`PayType`,`PayRemark`,`AmountID`,`AmountType`) values ('1',1,'2018-08-17 20:43:07','2018-08-28 16:42:45','2018-08-18','1','1',NULL,NULL,200.00,0.0,2,NULL,NULL,NULL,0),('0e72d32113b1477da72647003951f9bd',2,'2018-08-21 19:54:54','2018-08-21 19:54:54','2018-08-18','2','1',NULL,NULL,0.01,4.5,2,NULL,NULL,NULL,0),('5eba918187884a54835b2824c8672130',3,'2018-08-21 20:01:59','2018-08-29 16:44:27','2018-08-18','f13ab56dfc5c4b61bda5c8e02c136aec','1',NULL,NULL,100.00,2.0,6,0,NULL,'1',0),('cbf86ceec58346e79e6c851a48736989',4,'2018-08-22 09:36:13','2018-08-28 16:44:14','2018-08-18','1','1',NULL,NULL,450.00,4.5,2,NULL,NULL,NULL,0),('b1f094a911fb44a9af9ed5ec576ab1c2',5,'2018-08-22 09:37:20','2018-08-28 16:44:15','2018-08-18','1','1',NULL,NULL,450.00,4.5,2,NULL,NULL,NULL,0),('aca4119a0aea47dfa874cb509b47b0cf',6,'2018-08-22 09:38:18','2018-08-22 09:38:18','2018-08-18','1','1',NULL,NULL,450.00,4.5,2,NULL,NULL,NULL,0),('b951757eb1a84c5e8057a924e8eb6181',7,'2018-08-22 09:41:05','2018-08-28 16:44:16','2018-08-18','1','1',NULL,NULL,450.00,4.5,2,NULL,NULL,NULL,0),('45f4be8a027e4e6093c5f3958f393f11',8,'2018-08-22 09:41:36','2018-08-22 09:41:36','2018-08-18','1','1',NULL,NULL,450.00,4.5,2,NULL,NULL,NULL,0),('59d4f2cfab134606945e39b0b15b578a',9,'2018-08-22 09:45:33','2018-08-22 09:45:33','2018-08-18','1','1',NULL,NULL,450.00,4.5,2,NULL,NULL,NULL,0),('d972f1a3557043b2bf87a6a120fdf743',10,'2018-08-22 09:47:22','2018-08-22 09:47:22','2018-08-18','1','1',NULL,NULL,350.00,3.5,2,NULL,NULL,NULL,0),('a07012c3a04a408d85de2c7e89c9e4b8',11,'2018-08-22 09:49:37','2018-08-22 09:49:37','2018-08-18','1','1',NULL,NULL,350.00,3.5,2,NULL,NULL,NULL,0),('efb57e33403f45f38fdfa7397e0ab67e',12,'2018-08-22 09:50:49','2018-08-22 09:50:49','2018-08-18','1','1',NULL,NULL,350.00,3.5,2,NULL,NULL,NULL,0),('25f1b7bb200c45f5858ffa404be8920d',13,'2018-08-22 10:03:00','2018-08-22 10:03:00','2018-08-18','1','1',NULL,NULL,350.00,3.5,2,NULL,NULL,NULL,0),('a78048e9c1f447cb9018dd075ff15f77',14,'2018-08-22 10:05:05','2018-08-22 10:05:05','2018-08-18','1','1',NULL,NULL,350.00,3.5,2,NULL,NULL,NULL,0),('af4cdd9b49b44fa58dc1e4cfbf83b40b',15,'2018-08-22 10:21:04','2018-08-22 10:21:04','2018-08-18','1','1',NULL,NULL,350.00,3.5,2,NULL,NULL,NULL,0),('cd1bf31a0aca4e50ba55c05b5c089d2c',16,'2018-08-22 10:21:16','2018-08-22 10:21:16','2018-08-18','1','1','1',600.00,950.00,3.5,2,NULL,NULL,NULL,0),('866a8cf8703a41ef9d0cd72438efe83a',17,'2018-08-27 17:15:42','2018-08-27 17:15:42','2018-08-18','1','39bd6f1e95144d7b8842cfa8d4ff0337',NULL,NULL,350.00,3.5,3,NULL,NULL,NULL,0),('b2138eb0315447a493d7391858670abc',18,'2018-08-27 17:55:05','2018-08-27 17:55:05','2018-08-18','1','39bd6f1e95144d7b8842cfa8d4ff0337',NULL,NULL,350.00,3.5,3,NULL,NULL,NULL,0),('844d6fd3cb08438eb6b1b16cebfcf313',19,'2018-08-27 18:00:44','2018-08-27 18:00:44','2018-08-18','1','83f8c46e50894c1286c2ab0cca3a7524',NULL,NULL,100.00,1.0,3,NULL,NULL,NULL,0),('efbecb135076453a885d686a173eec8d',20,'2018-08-27 18:02:17','2018-08-27 18:02:17','2018-08-18','1','83f8c46e50894c1286c2ab0cca3a7524',NULL,NULL,100.00,1.0,3,NULL,NULL,NULL,0),('915fc9ebe5504da8b1a306f5efca62ba',21,'2018-08-27 18:03:58','2018-08-27 18:03:58','2018-08-18','1','83f8c46e50894c1286c2ab0cca3a7524',NULL,NULL,100.00,1.0,3,NULL,NULL,NULL,0),('1bcb5126734d4ff7a327cecc68569246',22,'2018-08-27 18:05:05','2018-08-27 18:05:05','2018-08-18','1','83f8c46e50894c1286c2ab0cca3a7524',NULL,NULL,100.00,1.0,3,NULL,NULL,NULL,0),('d9e9a80d85f4441e98183bea1bf96349',23,'2018-08-27 18:37:35','2018-08-27 18:37:35','2018-08-18','1','83f8c46e50894c1286c2ab0cca3a7524',NULL,NULL,100.00,1.0,3,NULL,NULL,NULL,0),('d515a47d2ddb4479b99d3dcb73416968',24,'2018-08-27 18:51:34','2018-08-27 18:51:34','2018-08-18','1','83f8c46e50894c1286c2ab0cca3a7524',NULL,NULL,100.00,1.0,3,NULL,NULL,NULL,0),('2363355ebe214382a6bb6a01aac88999',25,'2018-08-27 18:52:30','2018-08-27 18:52:30','2018-08-18','1','83f8c46e50894c1286c2ab0cca3a7524',NULL,NULL,100.00,1.0,3,NULL,NULL,NULL,0),('3745bffd780146099fc589fdc994229f',26,'2018-08-27 19:04:03','2018-08-27 19:04:03','2018-08-18','1','83f8c46e50894c1286c2ab0cca3a7524',NULL,NULL,100.00,1.0,3,NULL,NULL,NULL,0),('6dc5c65bbc8248cea380c4a05abae535',27,'2018-08-27 19:11:44','2018-08-27 19:11:44','2018-08-18','1','83f8c46e50894c1286c2ab0cca3a7524',NULL,NULL,100.00,1.0,3,NULL,NULL,NULL,0),('1bc8fd7266e346569f593a64c5cba472',28,'2018-08-27 19:14:18','2018-08-27 19:14:18','2018-08-18','1','83f8c46e50894c1286c2ab0cca3a7524',NULL,NULL,100.00,1.0,3,NULL,NULL,NULL,0),('e5aadd0ec95b41b7b21e1827519df236',29,'2018-08-27 19:20:59','2018-08-27 19:20:59','2018-08-18','1','83f8c46e50894c1286c2ab0cca3a7524',NULL,NULL,100.00,1.0,3,NULL,NULL,NULL,0),('19d0fe8b5d4a4de781119ff685c1917b',30,'2018-08-27 19:36:42','2018-08-27 19:36:42','2018-08-18','1','83f8c46e50894c1286c2ab0cca3a7524',NULL,NULL,100.00,1.0,3,NULL,NULL,NULL,0),('51a22cddf1804120bf85164339e70653',31,'2018-08-27 19:38:13','2018-08-27 19:38:13','2018-08-18','1','83f8c46e50894c1286c2ab0cca3a7524',NULL,NULL,100.00,1.0,3,NULL,NULL,NULL,0),('b42e4febcb594acdbf5c0ed41e20800b',32,'2018-08-27 19:49:19','2018-08-27 19:49:19','2018-08-18','1','83f8c46e50894c1286c2ab0cca3a7524',NULL,NULL,100.00,1.0,3,NULL,NULL,NULL,0),('e306a7be5f7c4f01a012667ae0146f90',33,'2018-08-27 19:51:26','2018-08-27 19:51:26','2018-08-18','1','83f8c46e50894c1286c2ab0cca3a7524',NULL,NULL,100.00,1.0,3,NULL,NULL,NULL,0),('22d8fe24a18542f3af37b7e086b6b793',34,'2018-08-28 14:51:26','2018-08-28 14:56:27','2018-08-18','1','83f8c46e50894c1286c2ab0cca3a7524',NULL,NULL,100.00,1.0,3,NULL,NULL,NULL,0),('c1a2b281b0994af48205d0f13c7b900e',35,'2018-08-28 15:02:27','2018-08-28 15:07:27','2018-08-18','1','83f8c46e50894c1286c2ab0cca3a7524',NULL,NULL,100.00,1.0,3,NULL,NULL,NULL,0),('de9ca52e51ef49cc8e9d91960aa1ad62',36,'2018-08-28 15:07:06','2018-08-28 15:12:06','2018-08-18','1','83f8c46e50894c1286c2ab0cca3a7524',NULL,NULL,100.00,1.0,3,NULL,NULL,NULL,0),('4a40c446e6d54e828690b3dbb3fa97c4',37,'2018-08-28 15:16:05','2018-08-28 15:21:05','2018-08-18','1','83f8c46e50894c1286c2ab0cca3a7524',NULL,NULL,100.00,1.0,3,NULL,NULL,NULL,0),('164d95a0bebd4f1790c8f9a9dfcfa360',38,'2018-08-28 15:18:24','2018-08-28 15:23:25','2018-08-18','1','83f8c46e50894c1286c2ab0cca3a7524',NULL,NULL,200.00,2.0,3,NULL,NULL,NULL,0),('3eb09dfa43e14ed4b7f826dd907896d3',39,'2018-08-28 15:19:18','2018-08-28 15:24:18','2018-08-18','1','83f8c46e50894c1286c2ab0cca3a7524',NULL,NULL,100.00,1.0,3,NULL,NULL,NULL,0),('2525f8bd40264bdd8b711bdf6c7ce796',40,'2018-08-28 15:22:50','2018-08-28 15:27:50','2018-08-18','1','83f8c46e50894c1286c2ab0cca3a7524',NULL,NULL,100.00,1.0,3,NULL,NULL,NULL,0),('99824b8336fe4ecababfc74c3d7fbebb',41,'2018-08-28 15:23:15','2018-08-28 15:28:15','2018-08-18','1','83f8c46e50894c1286c2ab0cca3a7524',NULL,NULL,100.00,1.0,3,NULL,NULL,NULL,0),('12e7507c35a24977bd7f55e454bef601',42,'2018-08-28 15:27:48','2018-08-28 15:27:48','2018-08-18','1','83f8c46e50894c1286c2ab0cca3a7524',NULL,NULL,100.00,1.0,2,NULL,NULL,NULL,0),('4471eb5e5c174397bbfc1529e23384ae',43,'2018-08-28 16:43:25','2018-08-28 16:48:25','2018-08-18','1','83f8c46e50894c1286c2ab0cca3a7524','1',400.00,200.00,2.0,3,NULL,NULL,NULL,0),('ff49888ff18746b8a7d9d8a53840c4c5',44,'2018-08-28 16:45:39','2018-08-28 16:50:39','2018-08-18','1','1','1',200.00,100.00,1.0,3,NULL,NULL,NULL,0),('43927997787a4736bb57fb1190e5864e',45,'2018-08-28 16:45:59','2018-08-28 16:50:59','2018-08-18','1','1','1',200.00,100.00,1.0,3,NULL,NULL,NULL,0),('47c004a543674f14b4030fd8fe3bfa38',46,'2018-08-28 16:46:47','2018-08-28 16:51:47','2018-08-18','1','1','1',200.00,100.00,1.0,3,NULL,NULL,NULL,0),('3b230984ad9f450099fca204dce84447',47,'2018-08-28 16:58:12','2018-08-28 17:03:12','2018-08-18','1','1','1',200.00,100.00,1.0,3,NULL,NULL,NULL,0),('3efa689ab4dc418083d61b8070d14a05',48,'2018-08-28 17:05:51','2018-08-28 17:10:51','2018-08-18','1','1','1',400.00,200.00,2.0,3,NULL,NULL,NULL,0),('04fa53c37ef744579bfb6124edfe6266',49,'2018-08-28 19:02:25','2018-08-28 19:07:26','2018-08-18','1','83f8c46e50894c1286c2ab0cca3a7524','1',400.00,200.00,2.0,3,NULL,NULL,NULL,0),('2e66a515ce28400eaee4629bb56fe228',50,'2018-08-28 19:11:15','2018-08-28 19:16:15','2018-08-18','1','83f8c46e50894c1286c2ab0cca3a7524','1',400.00,200.00,2.0,3,NULL,NULL,NULL,0),('33b5a0578d3b4d46b4d1a18514492cf1',51,'2018-08-28 19:28:21','2018-08-28 19:33:21','2018-08-18','1','83f8c46e50894c1286c2ab0cca3a7524','1',400.00,200.00,2.0,3,NULL,NULL,NULL,0),('4475a57382304480a3f8d2716a644db4',52,'2018-08-28 19:29:04','2018-08-28 19:34:04','2018-08-18','1','83f8c46e50894c1286c2ab0cca3a7524','1',200.00,100.00,1.0,3,NULL,NULL,NULL,0),('43c5c46697a24d43b66ecf382072c277',53,'2018-08-28 19:29:17','2018-08-28 19:34:17','2018-08-18','1','83f8c46e50894c1286c2ab0cca3a7524','1',400.00,200.00,2.0,3,NULL,NULL,NULL,0),('cbba54ca3a764816917f9414b46df5c2',54,'2018-08-28 20:29:16','2018-08-28 20:34:16','2018-08-18','1','83f8c46e50894c1286c2ab0cca3a7524','1',400.00,200.00,2.0,3,NULL,NULL,NULL,0),('b90969de9ad84087865f9c1bc2efe9e0',55,'2018-08-28 21:08:03','2018-08-28 21:13:03','2018-08-18','1','83f8c46e50894c1286c2ab0cca3a7524','1',200.00,100.00,1.0,3,NULL,NULL,NULL,0),('2e8d7e2144f84ea0b9771822b7cc44a2',56,'2018-08-29 09:54:42','2018-08-29 09:59:42','2018-08-18','1','2016527d7f1a4a81b7d190126cbda483','1',200.00,100.00,1.0,3,NULL,NULL,NULL,0),('d524273471ef4e8c9bc302b208afd8de',57,'2018-08-29 10:54:57','2018-08-30 17:36:16','2018-08-18','1','83f8c46e50894c1286c2ab0cca3a7524','1',0.00,50.00,1.0,6,0,NULL,'1',0),('dd6d48bbb8e84277aa14586bd3adf7a5',58,'2018-08-29 11:01:36','2018-08-29 11:06:36','2018-08-18','1','83f8c46e50894c1286c2ab0cca3a7524','1',200.00,100.00,1.0,3,NULL,NULL,NULL,0),('cc5b1e5920474128b5ad2fcabda3b9fd',59,'2018-08-29 13:58:03','2018-08-29 14:03:03','2018-08-18','1','2016527d7f1a4a81b7d190126cbda483','1',200.00,100.00,1.0,3,NULL,NULL,NULL,0),('d5face227b42483fa3d358c509eb1ed7',60,'2018-08-29 14:35:04','2018-08-29 14:40:04','2018-08-18','1','2016527d7f1a4a81b7d190126cbda483','1',200.00,100.00,1.0,3,NULL,NULL,NULL,0),('e77a5ac0c6d04535bc49a8d385e8dd91',61,'2018-08-29 14:38:33','2018-08-29 14:43:33','2018-08-18','1','2016527d7f1a4a81b7d190126cbda483','1',200.00,100.00,1.0,3,NULL,NULL,NULL,0),('96d54b887919407689af39deeb07ce77',62,'2018-08-29 14:40:13','2018-08-29 14:45:13','2018-08-18','1','83f8c46e50894c1286c2ab0cca3a7524','1',400.00,20000.00,2.0,3,NULL,NULL,NULL,0),('92207311cb3e4e06bf1c25f87439bfdf',63,'2018-08-29 15:06:02','2018-08-29 15:11:02','2018-08-18','1','2016527d7f1a4a81b7d190126cbda483','1',2000.00,20000.00,1.0,3,NULL,NULL,NULL,0),('b01493d14d3544ea94ce8813c44a6dcb',64,'2018-08-29 15:15:55','2018-08-29 15:20:55','2018-08-18','1','2016527d7f1a4a81b7d190126cbda483','1',200.00,100.00,1.0,3,NULL,NULL,NULL,0),('5c5e12ae4b4b4febbe747587853382a4',65,'2018-08-29 15:22:38','2018-08-29 15:27:38','2018-08-18','1','83f8c46e50894c1286c2ab0cca3a7524','1',200.00,100.00,1.0,3,NULL,NULL,NULL,0),('283793149c7f4f05909924dcfc2fb13a',66,'2018-08-29 15:39:14','2018-08-29 15:44:14','2018-08-18','1','83f8c46e50894c1286c2ab0cca3a7524','1',200.00,100.00,1.0,3,NULL,NULL,NULL,0),('22d8690530404f5f8c2ba5fed5ff70ea',67,'2018-08-29 16:06:48','2018-08-29 16:11:48','2018-08-18','1','83f8c46e50894c1286c2ab0cca3a7524','1',200.00,100.00,1.0,3,NULL,NULL,NULL,0),('084fe227bf5a43f896580404da1fc1a2',68,'2018-08-29 16:07:37','2018-08-29 16:12:37','2018-08-18','1','83f8c46e50894c1286c2ab0cca3a7524','1',200.00,100.00,1.0,3,NULL,NULL,NULL,0),('9ff0d4d314c64b09835fd684900a1fb7',69,'2018-08-29 16:18:53','2018-08-29 16:18:53','2018-08-18','1','83f8c46e50894c1286c2ab0cca3a7524','1',200.00,100.00,1.0,3,NULL,NULL,NULL,0),('e7714d48145d4f4ab2a8169b7f568ada',70,'2018-08-29 16:20:31','2018-08-29 16:20:31','2018-08-18','1','2016527d7f1a4a81b7d190126cbda483','1',200.00,100.00,1.0,3,NULL,NULL,NULL,0),('28718db53b0d4360bc30b52d6aed7780',71,'2018-08-29 16:25:08','2018-08-29 16:30:09','2018-08-18','1','83f8c46e50894c1286c2ab0cca3a7524','1',200.00,100.00,1.0,3,NULL,NULL,NULL,0),('ed8bf045c0554b588907116b8273a306',72,'2018-08-29 16:51:07','2018-08-29 16:56:07','2018-08-18','1','83f8c46e50894c1286c2ab0cca3a7524','1',200.00,100.00,1.0,3,NULL,NULL,NULL,0),('859a03292df240cb9f50714c4362c18d',73,'2018-08-29 16:55:14','2018-08-29 17:00:14','2018-08-18','1','83f8c46e50894c1286c2ab0cca3a7524','1',200.00,100.00,1.0,3,NULL,NULL,NULL,0),('6d6f5136e3da42639656fdbcafe39a04',74,'2018-08-29 16:56:20','2018-08-29 17:01:20','2018-08-18','1','83f8c46e50894c1286c2ab0cca3a7524','1',200.00,100.00,1.0,3,NULL,NULL,NULL,0),('dbe4e35b8e3d4866b6e95b2bcdddb8e6',75,'2018-08-29 16:59:38','2018-08-30 17:36:41','2018-08-18','1','83f8c46e50894c1286c2ab0cca3a7524','1',0.00,50.00,1.0,6,1,NULL,'1',0),('c026c74c6acd4cb6ab1783e3a5fcdcd7',76,'2018-08-29 17:14:35','2018-08-29 17:19:35','2018-08-18','1','2016527d7f1a4a81b7d190126cbda483','1',200.00,100.00,1.0,3,NULL,NULL,NULL,0),('734aab1d5431496daeea4ba86e87bc24',77,'2018-08-29 17:15:07','2018-08-29 17:20:07','2018-08-18','1','83f8c46e50894c1286c2ab0cca3a7524','1',200.00,100.00,1.0,3,NULL,NULL,NULL,0),('75ee26251977419b93af9ed49d96a2c5',78,'2018-08-29 17:19:21','2018-08-29 17:24:21','2018-08-18','1','2016527d7f1a4a81b7d190126cbda483','1',200.00,100.00,1.0,3,NULL,NULL,NULL,0),('f33b461f949d4010bc86d488efb563d0',79,'2018-08-29 17:21:01','2018-08-29 17:26:01','2018-08-18','1','83f8c46e50894c1286c2ab0cca3a7524','1',200.00,100.00,1.0,3,NULL,NULL,NULL,0),('2b279c76eeb5410bbd378466305fe4f6',80,'2018-08-29 17:22:52','2018-08-29 17:27:52','2018-08-18','1','83f8c46e50894c1286c2ab0cca3a7524','1',200.00,100.00,1.0,3,NULL,NULL,NULL,0),('d9d9c29120c44f6190c7be3ce0dadcde',81,'2018-08-29 17:24:10','2018-08-29 17:29:10','2018-08-18','1','83f8c46e50894c1286c2ab0cca3a7524','1',200.00,100.00,1.0,3,NULL,NULL,NULL,0),('f7528b5639e24abdabf3ce44110885d4',82,'2018-08-29 19:02:59','2018-08-29 19:07:59','2018-08-18','1','83f8c46e50894c1286c2ab0cca3a7524','1',200.00,100.00,1.0,3,NULL,NULL,NULL,0),('e94d970cdedf48f3b83da450df1a611a',83,'2018-08-29 20:04:04','2018-08-29 20:09:04','2018-08-18','1','83f8c46e50894c1286c2ab0cca3a7524','1',400.00,200.00,2.0,3,NULL,NULL,NULL,0),('f7a8a9cab7914336836be2150f48941f',84,'2018-08-30 16:43:33','2018-08-30 16:48:34','2018-08-18','1','83f8c46e50894c1286c2ab0cca3a7524','1',200.00,100.00,1.0,3,NULL,NULL,NULL,0),('2b6a71d1397b4176afd37e6cf9fa9b38',85,'2018-08-30 17:00:12','2018-08-30 17:05:12','2018-08-18','1','1','1',600.00,300.00,3.0,3,NULL,NULL,NULL,0),('2b6a71d1397b4176afd37e6cf9fa9b39',86,'2018-09-04 20:34:42','2018-09-04 20:34:43','2018-09-04','1','1','1',0.00,100.00,1.0,6,1,NULL,NULL,0),('2b6a71d1397b4176afd37e6cf9fa9b40',87,'2018-09-04 20:47:39','2018-09-04 20:47:41','2018-09-04','1','1',NULL,NULL,100.00,1.0,2,NULL,NULL,NULL,0),('0b53ca688b5348099cb655a23ab77a2f',88,'2018-09-05 14:23:15','2018-09-05 14:28:19','2018-08-18','1','1',NULL,NULL,350.00,3.5,3,NULL,NULL,NULL,0),('27bb206c8a944fbea423e43df402da87',89,'2018-09-05 17:28:28','2018-09-05 17:33:28','2018-08-18','1','83f8c46e50894c1286c2ab0cca3a7524','1',200.00,100.00,1.0,3,NULL,NULL,NULL,0),('110b6bc5a4cb426ca2712dcc1ad42403',90,'2018-09-05 17:31:40','2018-09-05 17:36:40','2018-08-18','1','83f8c46e50894c1286c2ab0cca3a7524','1',200.00,100.00,1.0,3,NULL,NULL,NULL,0),('eba540699fe94779ad831b2ef6e256e5',91,'2018-09-05 17:51:50','2018-09-05 17:56:50','2018-08-18','1','83f8c46e50894c1286c2ab0cca3a7524','1',200.00,100.00,1.0,3,NULL,NULL,NULL,0),('2ea45fe3b5b24a4684ad4601df6031e3',92,'2018-09-05 17:57:19','2018-09-05 17:57:19','2018-08-18','1','83f8c46e50894c1286c2ab0cca3a7524','1',200.00,100.00,1.0,2,NULL,NULL,NULL,0),('be54780eebcf40098b9c93492db70315',93,'2018-09-05 17:57:47','2018-09-05 17:57:47','2018-08-18','1','83f8c46e50894c1286c2ab0cca3a7524','1',200.00,100.00,1.0,2,NULL,NULL,NULL,0),('b39cfcf54e134260b3a493571b4ccbfa',94,'2018-09-05 18:54:06','2018-09-05 18:59:07','2018-08-18','1','83f8c46e50894c1286c2ab0cca3a7524','1',200.00,100.00,1.0,3,NULL,NULL,NULL,0),('8cbdd4f5459244d19816ae2715804780',95,'2018-09-05 18:56:04','2018-09-05 19:01:04','2018-08-18','1','83f8c46e50894c1286c2ab0cca3a7524','1',200.00,100.00,1.0,3,NULL,NULL,NULL,0),('aac9a0ddf7284cebb78c1ea0286e8f79',96,'2018-09-05 19:10:26','2018-09-05 19:46:35','2018-08-18','1','83f8c46e50894c1286c2ab0cca3a7524','1',100.00,0.03,1.0,4,1,NULL,NULL,0),('3d24812f648c46189cf0971c3dfe6120',97,'2018-09-05 19:13:01','2018-09-05 19:18:01','2018-08-18','1','83f8c46e50894c1286c2ab0cca3a7524','1',200.00,100.00,1.0,3,NULL,NULL,NULL,0),('ab4e3f0685704bd6aa816b3ec1b9d7b2',98,'2018-09-05 19:22:40','2018-09-05 19:27:40','2018-08-18','1','98816ec72c04473780aa3e329f4dbff3','1',200.00,100.00,1.0,3,1,NULL,NULL,0),('6c2d5000aa9047d4a1efef44590adf30',99,'2018-09-05 19:24:29','2018-09-05 19:24:29','2018-08-18','1','98816ec72c04473780aa3e329f4dbff3','1',200.00,100.00,1.0,2,NULL,NULL,NULL,0),('b548c2460c4d4f78a41972babb192d3a',100,'2018-09-05 19:27:15','2018-09-05 19:27:15','2018-08-18','1','98816ec72c04473780aa3e329f4dbff3','1',200.00,100.00,1.0,2,NULL,NULL,NULL,0),('02baca03a7224d9ca7b685e5b4724b1b',101,'2018-09-05 19:27:33','2018-09-05 19:27:33','2018-08-18','1','98816ec72c04473780aa3e329f4dbff3','1',200.00,100.00,1.0,2,NULL,NULL,NULL,0),('341c906a78e347109fecea7824713416',102,'2018-09-05 19:28:07','2018-09-05 19:28:13','2018-08-18','1','83f8c46e50894c1286c2ab0cca3a7524','1',500.00,250.00,2.5,2,NULL,NULL,NULL,0),('21a3c9cce6b34e4bb92b6b7ae389f664',103,'2018-09-05 19:30:11','2018-09-05 19:35:11','2018-08-18','1','83f8c46e50894c1286c2ab0cca3a7524','1',200.00,100.00,1.0,3,NULL,NULL,NULL,0),('091c0df3a4b74064a69b22a68b3ea805',104,'2018-09-05 19:31:27','2018-09-05 19:36:27','2018-08-18','1','83f8c46e50894c1286c2ab0cca3a7524','1',200.00,100.00,1.0,3,NULL,NULL,NULL,0),('9aa3311308674986a91432c60fabc30d',105,'2018-09-05 19:33:30','2018-09-05 19:38:30','2018-08-18','1','83f8c46e50894c1286c2ab0cca3a7524','1',200.00,100.00,1.0,3,NULL,NULL,NULL,0),('d3542832347e49b5a5c567a27ded33cb',106,'2018-09-05 19:34:16','2018-09-05 19:39:16','2018-08-18','1','83f8c46e50894c1286c2ab0cca3a7524','1',200.00,100.00,1.0,3,NULL,NULL,NULL,0),('aeea9b0155cb412ba7fe9474f786a4e6',107,'2018-09-05 19:38:14','2018-09-05 19:38:14','2018-08-18','1','83f8c46e50894c1286c2ab0cca3a7524','1',200.00,100.00,1.0,2,NULL,NULL,NULL,0),('46d36ddc3f394f18b96c55587d9d3905',108,'2018-09-05 19:48:14','2018-09-05 19:53:14','2018-08-18','1','83f8c46e50894c1286c2ab0cca3a7524','1',0.00,100.00,1.0,3,NULL,NULL,NULL,0),('10a66418e58544d692ac0dbdaa84817e',109,'2018-09-06 15:38:48','2018-09-06 15:43:48','2018-08-18','1','83f8c46e50894c1286c2ab0cca3a7524','1',0.01,0.02,1.0,3,NULL,NULL,NULL,0),('af2db434020048afa366336de02817f9',110,'2018-09-06 15:39:21','2018-09-06 15:44:21','2018-08-18','1','83f8c46e50894c1286c2ab0cca3a7524','1',0.06,0.11,5.5,3,NULL,NULL,NULL,0),('aba4a6247d0d4ffc910f7b1e60f9a67f',111,'2018-09-06 16:22:48','2018-09-06 16:27:49','2018-08-18','1','39bd6f1e95144d7b8842cfa8d4ff0337','1',0.01,0.02,1.0,3,NULL,NULL,NULL,0),('37ed8c4d991f4143b42143603044d430',112,'2018-09-06 18:52:03','2018-09-06 18:57:03','2018-08-18','1','39bd6f1e95144d7b8842cfa8d4ff0337','1',0.01,0.02,1.0,3,NULL,NULL,NULL,0),('5a17fe90d0914f0b958fc2cf855efcb4',113,'2018-09-06 22:15:00','2018-09-06 22:20:00','2018-08-18','1','1','1',0.01,0.02,1.0,3,NULL,NULL,NULL,0),('04a02b529ef042b29f4076d96282bf4b',114,'2018-09-07 09:31:12','2018-09-07 09:36:12','2018-08-18','1','39bd6f1e95144d7b8842cfa8d4ff0337','1',0.01,0.02,1.0,3,NULL,NULL,NULL,0),('f4c8519f75fc4676b8f6552bac37b8c9',115,'2018-09-07 11:06:34','2018-09-07 11:11:34','2018-08-18','1','1','1',0.01,0.02,1.0,3,NULL,NULL,NULL,0),('27e6c872c6e94e79a38d8e4ec72ca6a3',116,'2018-09-07 11:26:19','2018-09-07 11:31:19','2018-08-18','1','1','1',0.01,0.02,1.0,3,NULL,NULL,NULL,0),('13ca56d292b445f793debbc2e3444d8b',117,'2018-09-07 14:36:51','2018-09-07 14:41:51','2018-08-18','1','1','1',0.01,0.02,1.0,3,NULL,NULL,NULL,0),('b3a8e59c8a464686b5ec544394a73958',118,'2018-09-07 14:43:42','2018-09-07 14:48:43','2018-08-18','1','1','1',0.01,0.02,1.0,3,NULL,NULL,NULL,0),('ec64a6aec5bb4dce8614ce40d4f93028',119,'2018-09-07 14:53:02','2018-09-07 14:58:02','2018-08-18','1','1','1',0.01,0.02,1.0,3,NULL,NULL,NULL,0),('b6ca8cd6c33d4ea99864751569d870fe',120,'2018-09-07 14:57:56','2018-09-07 15:02:56','2018-08-18','1','1','1',0.01,0.02,1.0,3,NULL,NULL,NULL,0),('4dabb46b7701468a95ed6a69c38bfd99',121,'2018-09-07 14:59:45','2018-09-07 15:04:45','2018-08-18','1','1','1',0.01,0.02,1.0,3,NULL,NULL,NULL,0),('7d0bae924f494e8283f948cc67052dae',122,'2018-09-07 15:03:02','2018-09-07 15:08:02','2018-08-18','1','1','1',0.01,0.02,1.0,3,NULL,NULL,NULL,0),('dab435b334fb42e6a9d3986b6b6cd3b8',123,'2018-09-07 15:06:04','2018-09-07 15:11:04','2018-08-18','1','1','1',0.01,0.02,1.0,3,NULL,NULL,NULL,0),('f65ca913f14a4de0a66e72f09e6082d6',124,'2018-09-07 15:19:22','2018-09-07 15:24:22','2018-08-18','1','98816ec72c04473780aa3e329f4dbff3','1',0.01,0.02,1.0,3,NULL,NULL,NULL,0),('51bbfaa122ee448299d2b3aeb9932c19',125,'2018-09-07 15:30:38','2018-09-07 15:35:38','2018-08-18','1','98816ec72c04473780aa3e329f4dbff3','1',0.01,0.02,1.0,3,NULL,NULL,NULL,0),('6136beb79d584cd2b2b72512ecc9387a',126,'2018-09-07 15:41:02','2018-09-07 15:46:02','2018-08-18','1','1','1',0.01,0.02,1.0,3,NULL,NULL,NULL,0),('172bdc631bc94bf6983513d67bae50a8',127,'2018-09-10 14:13:42','2018-09-10 14:18:43','2018-08-18','1','1','1',0.01,0.02,1.0,3,NULL,NULL,NULL,0),('fef99d1b9428440abeb04c7d107829bb',128,'2018-09-10 19:11:10','2018-09-10 19:11:10','2018-08-18','1','1','1',0.01,0.02,1.0,0,NULL,NULL,NULL,0),('08a87be54d334977874f3134053bd5f1',129,'2018-09-10 20:52:47','2018-09-10 20:52:47','2018-08-18','1','83f8c46e50894c1286c2ab0cca3a7524','1',0.01,0.02,1.0,0,NULL,NULL,NULL,0),('f8a8c022df1b4ca2b00e432bb8a4e94a',130,'2018-09-10 21:03:53','2018-09-10 21:08:53','2018-08-18','1','83f8c46e50894c1286c2ab0cca3a7524','1',0.01,0.02,1.0,3,NULL,NULL,NULL,0),('ee073c429c764846b4b173c958ff1828',131,'2018-09-11 09:16:52','2018-09-11 09:21:52','2018-08-18','1','83f8c46e50894c1286c2ab0cca3a7524','1',0.01,0.02,1.0,3,NULL,NULL,NULL,0),('8b3b24e74b3e47599d8d0ff1485c56d1',132,'2018-09-11 09:22:23','2018-09-11 09:27:23','2018-08-18','1','1','1',0.01,0.02,1.0,3,NULL,NULL,NULL,0),('642390446bdf4159bf921b4c8fa3fa6a',133,'2018-09-11 09:54:22','2018-09-11 09:59:22','2018-08-18','1','1','1',0.01,0.02,1.0,3,NULL,NULL,NULL,0),('93fefdb3341d4c44b0d9d0f923ce45a9',134,'2018-09-11 09:58:30','2018-09-11 10:03:30','2018-08-18','1','1','1',0.01,0.02,1.0,3,NULL,NULL,NULL,0),('51c9a6f37a5d4246a84e2a32c074d96a',135,'2018-09-11 10:12:56','2018-09-11 10:17:56','2018-08-18','1','1','1',0.01,0.02,1.0,3,NULL,NULL,NULL,0),('dce4e000c1344071b56bfc2db3748287',136,'2018-09-11 11:18:13','2018-09-11 11:23:13','2018-08-18','1','3','1',0.01,0.02,1.0,3,NULL,NULL,NULL,0),('d1baed9a32914931ae0b88c30f69aaa2',137,'2018-09-11 11:20:16','2018-09-11 11:25:16','2018-08-18','1','98816ec72c04473780aa3e329f4dbff3','1',0.01,0.02,1.0,3,NULL,NULL,NULL,0),('60710c5e749041bd947eaf7952ee335e',138,'2018-09-11 11:27:21','2018-09-11 11:32:21','2018-08-18','1','98816ec72c04473780aa3e329f4dbff3','1',0.01,0.02,1.0,3,NULL,NULL,NULL,0),('9d919686ff694d3dbb2e55240047869b',139,'2018-09-11 11:37:56','2018-09-11 11:42:56','2018-08-18','1','98816ec72c04473780aa3e329f4dbff3','1',0.01,0.03,1.0,3,NULL,NULL,NULL,0),('c58af007c9324f2ba2873b6c83beed76',140,'2018-09-11 11:38:18','2018-09-11 11:43:19','2018-08-18','1','98816ec72c04473780aa3e329f4dbff3','1',0.01,0.03,1.0,3,NULL,NULL,NULL,0),('eff8a8722bf34db6ad5f279a57254c73',141,'2018-09-11 14:01:23','2018-09-11 14:06:23','2018-08-18','1','3','1',0.01,0.03,1.0,3,NULL,NULL,NULL,0),('2d820776a6914c188fb867143b59c70a',142,'2018-09-11 14:02:50','2018-09-11 14:07:50','2018-08-18','1','1','1',0.01,0.03,1.0,3,NULL,NULL,NULL,0),('12cf904f5aba41d18fc186dfcc125d6f',143,'2018-09-11 14:07:36','2018-09-11 14:12:36','2018-08-18','1','1','1',0.01,0.03,1.0,3,NULL,NULL,NULL,0),('00ff61589c634a06990d0968d7b5402c',144,'2018-09-11 14:40:59','2018-09-11 14:45:59','2018-08-18','1','98816ec72c04473780aa3e329f4dbff3','1',0.01,0.03,1.0,3,NULL,NULL,NULL,0),('959273ab5501442988b37801a5cb069a',145,'2018-09-11 16:02:11','2018-09-11 16:07:11','2018-08-18','1','3','1',0.01,0.03,1.0,3,NULL,NULL,NULL,0),('68dead41d6f649128744aa74c6d0b85e',146,'2018-09-11 16:03:09','2018-09-11 16:08:09','2018-08-18','1','3','1',0.01,0.03,1.0,3,NULL,NULL,NULL,0),('911b1508daa94f86a074a3041b0d66ec',147,'2018-09-11 16:05:56','2018-09-11 16:10:56','2018-08-18','1','3','1',0.01,0.03,1.0,3,NULL,NULL,NULL,0),('e7f0794af3524c5981d188050935b614',148,'2018-09-11 16:07:24','2018-09-11 16:12:24','2018-08-18','1','3','1',0.01,0.03,1.0,3,NULL,NULL,NULL,0),('f13ab739c6aa4befa81b382f987a82af',149,'2018-09-11 16:09:59','2018-09-11 16:14:59','2018-08-18','1','3','1',0.01,0.03,1.0,3,NULL,NULL,NULL,0),('50b881367de14a238ae72f3577f21773',150,'2018-09-11 20:31:04','2018-09-11 20:36:04','2018-08-18','1','98816ec72c04473780aa3e329f4dbff3','1',0.01,0.03,1.0,3,NULL,NULL,NULL,0),('3efaff52eab1458496ce478f2bc5572b',151,'2018-09-12 10:40:37','2018-09-12 10:45:38','2018-08-18','1','3','1',0.01,0.03,1.0,3,NULL,NULL,NULL,0),('6f7a591109fe4bcc9ca4f5e996369fa0',152,'2018-09-12 11:41:26','2018-09-12 11:46:27','2018-08-18','1','98816ec72c04473780aa3e329f4dbff3','1',0.01,0.03,1.0,3,NULL,NULL,NULL,0),('dab3c78550e1403aac92b0e43a7cea01',153,'2018-09-12 11:41:43','2018-09-12 11:46:43','2018-08-18','1','98816ec72c04473780aa3e329f4dbff3','11',0.01,0.03,1.0,3,NULL,NULL,NULL,0),('b53f2f93e29b4c71b7de7d94d43d9823',154,'2018-09-12 11:42:03','2018-09-12 11:47:03','2018-08-18','1','1','1',0.01,0.03,1.0,3,NULL,NULL,NULL,0),('9538298e5d004191a670b1f6907bf96e',155,'2018-09-12 11:45:18','2018-09-12 11:50:18','2018-08-18','1','1','1',0.01,0.03,1.0,3,NULL,NULL,NULL,0),('6762cfb1cc014bd29ce73e4e239f8cea',156,'2018-09-12 20:13:26','2018-09-12 20:18:26','2018-08-18','1','c141fac9aa9e4da39dd22c21ba8e16a6','1',0.01,0.03,1.0,3,NULL,NULL,NULL,0),('8970f16baab445aeb310d86a8435bd16',157,'2018-09-12 20:14:11','2018-09-12 20:19:11','2018-08-18','1','c141fac9aa9e4da39dd22c21ba8e16a6',NULL,NULL,0.02,1.0,3,1,NULL,NULL,0),('d23917b4fd6449a18e9e5f168f879f53',158,'2018-09-14 10:32:19','2018-09-14 10:37:20','2018-09-19','9fa0487eeae74181955242ee0036d5b7','1','1',500.00,500.02,1.0,3,NULL,NULL,NULL,0),('726beb52493b487d9ad1981179b2cc4a',159,'2018-09-14 10:38:46','2018-09-14 10:43:46','2018-09-19','9fa0487eeae74181955242ee0036d5b7','1','1',500.00,500.02,1.0,3,NULL,NULL,NULL,0),('3e29ca90414848c59f936bf23aaca1de',160,'2018-09-14 10:43:32','2018-09-14 10:48:32','2018-09-19','9fa0487eeae74181955242ee0036d5b7','1','1',200.00,200.02,1.0,3,NULL,NULL,NULL,0),('a3160b436fea4c1b9c2ea6c5faf89caa',161,'2018-09-14 10:45:19','2018-09-14 10:50:19','2018-09-19','9fa0487eeae74181955242ee0036d5b7','1','1',500.00,500.02,1.0,3,NULL,NULL,NULL,0),('be04f5e3a2f64da3a342f557d1d36fdd',162,'2018-09-14 10:55:30','2018-09-14 11:00:30','2018-09-17','9fa0487eeae74181955242ee0036d5b7','1','1',500.00,500.02,1.0,3,NULL,NULL,NULL,0),('7c39a32b75324a3fa00bd3b8fa2a3e19',163,'2018-09-14 17:31:39','2018-09-14 17:31:39','2018-09-17','9fa0487eeae74181955242ee0036d5b7','1','1',500.00,500.02,1.0,0,NULL,NULL,NULL,0),('1b934720417e41ea84ed64c3b99a5a3b',164,'2018-09-15 10:05:11','2018-09-15 10:10:12','2018-09-19','9fa0487eeae74181955242ee0036d5b7','1','1',500.00,500.02,1.0,3,NULL,NULL,NULL,0),('6d9d2472862f444ab9d5b1acef7cea15',165,'2018-09-15 10:05:44','2018-09-15 10:10:44','2018-09-19','9fa0487eeae74181955242ee0036d5b7','1',NULL,NULL,0.02,1.0,3,1,NULL,NULL,0),('9a97308d863e4d59a04255d1e8b87b22',166,'2018-09-15 10:12:37','2018-09-15 10:17:37','2018-09-19','9fa0487eeae74181955242ee0036d5b7','1','1',100.00,100.04,2.0,3,NULL,NULL,NULL,0),('85ab6ae317a0449d9fe766fc48254b54',167,'2018-09-19 10:24:58','2018-09-19 10:29:58','2018-09-19','9fa0487eeae74181955242ee0036d5b7','1','1',1000.00,1000.04,2.0,3,NULL,NULL,NULL,0),('f58342973617429f8c8d375ebcbf941c',168,'2018-09-22 08:54:03','2018-09-22 08:59:03','2018-09-23','9fa0487eeae74181955242ee0036d5b7','5',NULL,NULL,0.02,1.0,3,NULL,NULL,NULL,0),('b44a6a7ee7004c81abfe8c981c84cd03',169,'2018-10-29 17:41:16','2018-10-29 17:46:16','2018-08-18','1','c141fac9aa9e4da39dd22c21ba8e16a6','1',0.04,350.04,3.5,3,NULL,NULL,NULL,0),('531f5c089b73403d89c6a3582bbf8f18',170,'2018-11-02 16:22:07','2018-11-02 16:27:07','2018-08-18','1','1f339d03a0b74dc3b33042294cd07b97',NULL,NULL,0.03,1.5,3,NULL,NULL,NULL,0),('e6aa2cb0b99a40c49071887a07333d19',171,'2018-11-02 16:32:12','2018-11-02 16:37:12','2018-08-18','1','1f339d03a0b74dc3b33042294cd07b97',NULL,NULL,0.02,1.0,3,NULL,NULL,NULL,0),('5683f0ae3dad48d480a9ab0663faf214',172,'2018-11-02 16:33:08','2018-11-02 16:38:08','2018-08-18','1','1f339d03a0b74dc3b33042294cd07b97',NULL,NULL,0.02,1.0,3,NULL,NULL,NULL,0),('59640cb0a4144a02bb8a630b3fe6c523',173,'2018-11-02 16:42:26','2018-11-02 16:47:26','2018-08-18','1','1',NULL,NULL,0.02,1.0,3,NULL,NULL,NULL,0),('a0c8f9c3ab76428e80d4565042c81b4f',174,'2018-11-02 16:42:40','2018-11-02 16:47:40','2018-08-18','1','1f339d03a0b74dc3b33042294cd07b97',NULL,NULL,0.02,1.0,3,NULL,NULL,NULL,0),('aefe77200c2f4ed3b2ac5b2c9fab0eb9',175,'2018-11-02 16:54:18','2018-11-02 16:59:18','2018-08-18','1','1f339d03a0b74dc3b33042294cd07b97',NULL,NULL,0.02,1.0,3,NULL,NULL,NULL,0);

/*Table structure for table `OrderLog` */

DROP TABLE IF EXISTS `OrderLog`;

CREATE TABLE `OrderLog` (
  `ID` char(32) NOT NULL COMMENT '订场日志',
  `CreateTime` datetime NOT NULL COMMENT '创建时间',
  `OrderID` varchar(32) NOT NULL COMMENT '订单ID',
  `Type` int(1) NOT NULL DEFAULT '0' COMMENT '类别(0=系统)',
  `Content` varchar(200) NOT NULL COMMENT '内容',
  PRIMARY KEY (`ID`)
) ENGINE=MyISAM DEFAULT CHARSET=utf8;

/*Data for the table `OrderLog` */

insert  into `OrderLog`(`ID`,`CreateTime`,`OrderID`,`Type`,`Content`) values ('1','2018-08-20 15:53:35','1',0,'1'),('3e5e2b232cf34770a70cf06617aba8c4','2018-08-22 10:05:05','a78048e9c1f447cb9018dd075ff15f77',0,'2018-08-22 10:05:05创建订单,等待支付'),('aee5379ad87549f4bfb073c091eafad8','2018-08-22 10:05:18','a78048e9c1f447cb9018dd075ff15f77',0,'2018-08-22 10:05:18订单支付时间结束，检查订单未支付成功，处理为支付超时'),('957d0b9696d249eea6eac9c4fa5f8828','2018-08-22 10:21:04','af4cdd9b49b44fa58dc1e4cfbf83b40b',0,'创建订单,等待支付'),('71535f9c97d44ec7bbed2a05b6a619b3','2018-08-22 10:21:15','af4cdd9b49b44fa58dc1e4cfbf83b40b',0,'2018-08-22 10:21:15订单支付时间结束，检查订单未支付成功，处理为支付超时'),('4dbf0cbac4ef4f7c999c6ad03df24fec','2018-08-22 10:21:16','cd1bf31a0aca4e50ba55c05b5c089d2c',0,'创建订单,等待支付'),('fd8c5ee37ecb45baa56d36b8d6e864ec','2018-08-22 10:21:26','cd1bf31a0aca4e50ba55c05b5c089d2c',0,'2018-08-22 10:21:26订单支付时间结束，检查订单未支付成功，处理为支付超时'),('af4e004616a84b2298b36333c3d3bfec','2018-08-27 17:15:42','866a8cf8703a41ef9d0cd72438efe83a',0,'创建订单,等待支付'),('375ca6a5f66a418eb7d53e8bec500b09','2018-08-27 17:21:02','866a8cf8703a41ef9d0cd72438efe83a',0,'订单支付时间结束，检查订单未支付成功，处理为支付超时'),('6b9f02874195462b9df4554657138d39','2018-08-27 17:55:05','b2138eb0315447a493d7391858670abc',0,'创建订单,等待支付'),('f2cf7230aa3c4277bd2b1010b2a075e5','2018-08-27 18:00:05','b2138eb0315447a493d7391858670abc',0,'订单支付时间结束，检查订单未支付成功，处理为支付超时'),('5c4e37c59e6e444383f27b8e28e059ef','2018-08-27 18:00:44','844d6fd3cb08438eb6b1b16cebfcf313',0,'创建订单,等待支付'),('04a3ee7ca08e4dc7b9632ef17b1e2aaf','2018-08-27 18:02:17','efbecb135076453a885d686a173eec8d',0,'创建订单,等待支付'),('8d9a901cb48048d29f5e4ef509b10560','2018-08-27 18:03:58','915fc9ebe5504da8b1a306f5efca62ba',0,'创建订单,等待支付'),('4c7aa62e05754807bd3c127f1bed5ee5','2018-08-27 18:05:05','1bcb5126734d4ff7a327cecc68569246',0,'创建订单,等待支付'),('36d1a0dfc3b4439085bfbf27196c4389','2018-08-27 18:05:44','844d6fd3cb08438eb6b1b16cebfcf313',0,'订单支付时间结束，检查订单未支付成功，处理为支付超时'),('dce68ab54cd4425eb1595426a4977657','2018-08-27 18:07:17','efbecb135076453a885d686a173eec8d',0,'订单支付时间结束，检查订单未支付成功，处理为支付超时'),('4be2b340223d4d26bceb5d5cb6d8b42a','2018-08-27 18:08:59','915fc9ebe5504da8b1a306f5efca62ba',0,'订单支付时间结束，检查订单未支付成功，处理为支付超时'),('3402bff88fed43759064f37b6e478301','2018-08-27 18:10:05','1bcb5126734d4ff7a327cecc68569246',0,'订单支付时间结束，检查订单未支付成功，处理为支付超时'),('75e0abb18fce4a6db1548a60f8b2b6f7','2018-08-27 18:37:35','d9e9a80d85f4441e98183bea1bf96349',0,'创建订单,等待支付'),('79b66f4e44814070babc5f5a4b0d2f30','2018-08-27 18:42:35','d9e9a80d85f4441e98183bea1bf96349',0,'订单支付时间结束，检查订单未支付成功，处理为支付超时'),('4cc02625242c46c5815dc282050edd75','2018-08-27 18:51:34','d515a47d2ddb4479b99d3dcb73416968',0,'创建订单,等待支付'),('308121d6e41d49daac7036b25d4287cb','2018-08-27 18:52:30','2363355ebe214382a6bb6a01aac88999',0,'创建订单,等待支付'),('8bd580fa7c814498bc92f79f4c11d468','2018-08-27 18:56:34','d515a47d2ddb4479b99d3dcb73416968',0,'订单支付时间结束，检查订单未支付成功，处理为支付超时'),('3ba59359103e4ee8b929d091d56cdf24','2018-08-27 18:57:30','2363355ebe214382a6bb6a01aac88999',0,'订单支付时间结束，检查订单未支付成功，处理为支付超时'),('bfbb00890a374af79756b58b661fd82c','2018-08-27 19:04:03','3745bffd780146099fc589fdc994229f',0,'创建订单,等待支付'),('e33f299ef79b480989591533b5719d2b','2018-08-27 19:09:03','3745bffd780146099fc589fdc994229f',0,'订单支付时间结束，检查订单未支付成功，处理为支付超时'),('081f3afd503b43f8b4798b538e1f38ba','2018-08-27 19:11:44','6dc5c65bbc8248cea380c4a05abae535',0,'创建订单,等待支付'),('f0320645b21747648d29a7fcf71b447a','2018-08-27 19:14:18','1bc8fd7266e346569f593a64c5cba472',0,'创建订单,等待支付'),('03a2e677fd564208a9b9da1ecf32a2a9','2018-08-27 19:16:44','6dc5c65bbc8248cea380c4a05abae535',0,'订单支付时间结束，检查订单未支付成功，处理为支付超时'),('44d4a92263d64468997d065f5388419b','2018-08-27 19:19:18','1bc8fd7266e346569f593a64c5cba472',0,'订单支付时间结束，检查订单未支付成功，处理为支付超时'),('c066abde4dac484590bb648a7d08113d','2018-08-27 19:20:59','e5aadd0ec95b41b7b21e1827519df236',0,'创建订单,等待支付'),('7d27533bd4f84a2e8c30b9427ddc7bb2','2018-08-27 19:25:59','e5aadd0ec95b41b7b21e1827519df236',0,'订单支付时间结束，检查订单未支付成功，处理为支付超时'),('3455e7b583d54b79a8dd208010e0cf19','2018-08-27 19:36:42','19d0fe8b5d4a4de781119ff685c1917b',0,'创建订单,等待支付'),('4906bac63cf2400d9cd68494cbdcbc8b','2018-08-27 19:38:13','51a22cddf1804120bf85164339e70653',0,'创建订单,等待支付'),('603d854885674e60a45a6372647a67c8','2018-08-27 19:41:42','19d0fe8b5d4a4de781119ff685c1917b',0,'订单支付时间结束，检查订单未支付成功，处理为支付超时'),('e92a7b766d80417f877885a22156a619','2018-08-27 19:43:13','51a22cddf1804120bf85164339e70653',0,'订单支付时间结束，检查订单未支付成功，处理为支付超时'),('a236472aadc542d7afcd5cfd75b272ed','2018-08-27 19:49:19','b42e4febcb594acdbf5c0ed41e20800b',0,'创建订单,等待支付'),('8ac8be9ab1cd454fa7f6d11da7058eb8','2018-08-27 19:51:26','e306a7be5f7c4f01a012667ae0146f90',0,'创建订单,等待支付'),('8c89fd2ce71d49e6812a9df78418be9d','2018-08-27 19:54:19','b42e4febcb594acdbf5c0ed41e20800b',0,'订单支付时间结束，检查订单未支付成功，处理为支付超时'),('60d0cdf016ae45f39f5b78f0cbb256d2','2018-08-27 19:56:26','e306a7be5f7c4f01a012667ae0146f90',0,'订单支付时间结束，检查订单未支付成功，处理为支付超时'),('f4a0465779534a9e805552168f3f9f47','2018-08-28 14:51:26','22d8fe24a18542f3af37b7e086b6b793',0,'创建订单,等待支付'),('a87da252073b432b9a4c7e352ef3d395','2018-08-28 14:56:28','22d8fe24a18542f3af37b7e086b6b793',0,'订单支付时间结束，检查订单未支付成功，处理为支付超时'),('3c0c24e4c9ea47c39811aa1ad11b1f1a','2018-08-28 15:02:27','c1a2b281b0994af48205d0f13c7b900e',0,'创建订单,等待支付'),('41899ad1fded4c3ca5168f08f0478cc7','2018-08-28 15:07:06','de9ca52e51ef49cc8e9d91960aa1ad62',0,'创建订单,等待支付'),('8c2cb8eb539a4057aa0cf04dd2210071','2018-08-28 15:07:27','c1a2b281b0994af48205d0f13c7b900e',0,'订单支付时间结束，检查订单未支付成功，处理为支付超时'),('3f183131b5824459adc888a08de82ea8','2018-08-28 15:12:06','de9ca52e51ef49cc8e9d91960aa1ad62',0,'订单支付时间结束，检查订单未支付成功，处理为支付超时'),('6a627591723b47c9b82dceef880a5b97','2018-08-28 15:16:05','4a40c446e6d54e828690b3dbb3fa97c4',0,'创建订单,等待支付'),('36e393cf2f2d4c4f930babc4c8d3f5cb','2018-08-28 15:18:24','164d95a0bebd4f1790c8f9a9dfcfa360',0,'创建订单,等待支付'),('1f185559a2e64d5fb03718f8d6f61a0e','2018-08-28 15:19:18','3eb09dfa43e14ed4b7f826dd907896d3',0,'创建订单,等待支付'),('6cbd7bcf680d4003a9a1f97e8c8c2bb9','2018-08-28 15:21:05','4a40c446e6d54e828690b3dbb3fa97c4',0,'订单支付时间结束，检查订单未支付成功，处理为支付超时'),('f23304dc166646f6bba74bfe1055dc7d','2018-08-28 15:22:50','2525f8bd40264bdd8b711bdf6c7ce796',0,'创建订单,等待支付'),('d389315c8ae94717856dfd82cc053542','2018-08-28 15:23:15','99824b8336fe4ecababfc74c3d7fbebb',0,'创建订单,等待支付'),('e3507157fe004e8994fb4cabbdb91945','2018-08-28 15:23:25','164d95a0bebd4f1790c8f9a9dfcfa360',0,'订单支付时间结束，检查订单未支付成功，处理为支付超时'),('7fe9dac2068d4168bbfe70aa0fd1a436','2018-08-28 15:24:18','3eb09dfa43e14ed4b7f826dd907896d3',0,'订单支付时间结束，检查订单未支付成功，处理为支付超时'),('71c17ea072bc4bc983923fe9962e9e00','2018-08-28 15:27:48','12e7507c35a24977bd7f55e454bef601',0,'创建订单,等待支付'),('2a63bc3f99ff459780e69ba67d077d65','2018-08-28 15:27:50','2525f8bd40264bdd8b711bdf6c7ce796',0,'订单支付时间结束，检查订单未支付成功，处理为支付超时'),('b93d07f6bd4a4a7582cb00e5d2f70758','2018-08-28 15:28:15','99824b8336fe4ecababfc74c3d7fbebb',0,'订单支付时间结束，检查订单未支付成功，处理为支付超时'),('dc42923fe5bf4deeb1801a3a464b7b57','2018-08-28 16:43:25','4471eb5e5c174397bbfc1529e23384ae',0,'创建订单,等待支付'),('8cf2247f8c29460fb18849e2d5df648e','2018-08-28 16:45:39','ff49888ff18746b8a7d9d8a53840c4c5',0,'创建订单,等待支付'),('fc79c4ff9a1d4575afec05198902dd9d','2018-08-28 16:45:59','43927997787a4736bb57fb1190e5864e',0,'创建订单,等待支付'),('d83570550ede42748f1e06dbb58b3e37','2018-08-28 16:46:47','47c004a543674f14b4030fd8fe3bfa38',0,'创建订单,等待支付'),('9430f4261db9471481ef0e86d036427e','2018-08-28 16:48:25','4471eb5e5c174397bbfc1529e23384ae',0,'订单支付时间结束，检查订单未支付成功，处理为支付超时'),('ad47f99fc542473a8868a27026f6cf8f','2018-08-28 16:50:39','ff49888ff18746b8a7d9d8a53840c4c5',0,'订单支付时间结束，检查订单未支付成功，处理为支付超时'),('8d3b8160c81a48998676bec357022851','2018-08-28 16:50:59','43927997787a4736bb57fb1190e5864e',0,'订单支付时间结束，检查订单未支付成功，处理为支付超时'),('608ee085dbc743a6a9112157db08c4fe','2018-08-28 16:51:47','47c004a543674f14b4030fd8fe3bfa38',0,'订单支付时间结束，检查订单未支付成功，处理为支付超时'),('9dd7b22887934843aaeaf89f0d8d7ff1','2018-08-28 16:58:12','3b230984ad9f450099fca204dce84447',0,'创建订单,等待支付'),('02100f6cf91147ddac43b469c55ee28e','2018-08-28 17:03:12','3b230984ad9f450099fca204dce84447',0,'订单支付时间结束，检查订单未支付成功，处理为支付超时'),('b686b024fe4647209fd37d870e0f4c6e','2018-08-28 17:05:51','3efa689ab4dc418083d61b8070d14a05',0,'创建订单,等待支付'),('e7663a47c6f3415da15f1742c97c87ed','2018-08-28 17:10:51','3efa689ab4dc418083d61b8070d14a05',0,'订单支付时间结束，检查订单未支付成功，处理为支付超时'),('744fd0bf627544339fcbee16c92ebd68','2018-08-28 19:02:25','04fa53c37ef744579bfb6124edfe6266',0,'创建订单,等待支付'),('9b2d5c5ecdd54116badfa1fa26ff7a37','2018-08-28 19:07:26','04fa53c37ef744579bfb6124edfe6266',0,'订单支付时间结束，检查订单未支付成功，处理为支付超时'),('09b8178928684a7c80e548de425237de','2018-08-28 19:11:15','2e66a515ce28400eaee4629bb56fe228',0,'创建订单,等待支付'),('729e12debdf949109bab47230a1044d5','2018-08-28 19:16:15','2e66a515ce28400eaee4629bb56fe228',0,'订单支付时间结束，检查订单未支付成功，处理为支付超时'),('3e39eb7a25724334b093e4b2570d55ee','2018-08-28 19:28:21','33b5a0578d3b4d46b4d1a18514492cf1',0,'创建订单,等待支付'),('85c5ed4120ac415099a04dd549209206','2018-08-28 19:29:04','4475a57382304480a3f8d2716a644db4',0,'创建订单,等待支付'),('67ed891bdd7b4833982194f4fdfa18c9','2018-08-28 19:29:17','43c5c46697a24d43b66ecf382072c277',0,'创建订单,等待支付'),('8f2190973f4141db9d5337a2b3008a8f','2018-08-28 19:33:21','33b5a0578d3b4d46b4d1a18514492cf1',0,'订单支付时间结束，检查订单未支付成功，处理为支付超时'),('2edc0c06bfaf4030a189aa5e8f9328ab','2018-08-28 19:34:04','4475a57382304480a3f8d2716a644db4',0,'订单支付时间结束，检查订单未支付成功，处理为支付超时'),('034b8fc1a5af403e9b43564a1e0b1e37','2018-08-28 19:34:17','43c5c46697a24d43b66ecf382072c277',0,'订单支付时间结束，检查订单未支付成功，处理为支付超时'),('12a5b68222fc4869b917b41efffc7fa5','2018-08-28 20:29:16','cbba54ca3a764816917f9414b46df5c2',0,'创建订单,等待支付'),('4ab9b0ac71a2423097d218104e59d20f','2018-08-28 20:34:16','cbba54ca3a764816917f9414b46df5c2',0,'订单支付时间结束，检查订单未支付成功，处理为支付超时'),('01bfeb79ecd1448ab32bcce43d21b7b1','2018-08-28 21:08:03','b90969de9ad84087865f9c1bc2efe9e0',0,'创建订单,等待支付'),('75730106455c428aa0be0b038446353c','2018-08-28 21:13:03','b90969de9ad84087865f9c1bc2efe9e0',0,'订单支付时间结束，检查订单未支付成功，处理为支付超时'),('d7908ba467f2403e9757440b2e3ce0c8','2018-08-29 09:54:42','2e8d7e2144f84ea0b9771822b7cc44a2',0,'创建订单,等待支付'),('aa84b880f8c747a5a0155434f974f748','2018-08-29 09:59:42','2e8d7e2144f84ea0b9771822b7cc44a2',0,'订单支付时间结束，检查订单未支付成功，处理为支付超时'),('58945e67c364439989fe0e059cc599f8','2018-08-29 10:54:57','d524273471ef4e8c9bc302b208afd8de',0,'创建订单,等待支付'),('2c11a839de5e4759a9a581a49a1e5642','2018-08-29 10:59:57','d524273471ef4e8c9bc302b208afd8de',0,'订单支付时间结束，检查订单未支付成功，处理为支付超时'),('18752a9ff49d4831bf442fa3f1ea884f','2018-08-29 11:01:36','dd6d48bbb8e84277aa14586bd3adf7a5',0,'创建订单,等待支付'),('2623f51570be4b02ae026e07d949c8c0','2018-08-29 11:06:36','dd6d48bbb8e84277aa14586bd3adf7a5',0,'订单支付时间结束，检查订单未支付成功，处理为支付超时'),('78c55e32ae4e424291b9ff58a3bc9b03','2018-08-29 13:58:03','cc5b1e5920474128b5ad2fcabda3b9fd',0,'创建订单,等待支付'),('dcbd55e7db0245709571817373da73fb','2018-08-29 14:03:03','cc5b1e5920474128b5ad2fcabda3b9fd',0,'订单支付时间结束，检查订单未支付成功，处理为支付超时'),('9c412be87616444e85dce6afcbe5cc15','2018-08-29 14:35:04','d5face227b42483fa3d358c509eb1ed7',0,'创建订单,等待支付'),('6eedcda623fb44fbb87bd576b10871a7','2018-08-29 14:38:33','e77a5ac0c6d04535bc49a8d385e8dd9b',0,'创建订单,等待支付'),('4214cfe7837a4c94ad371af24a7e44fb','2018-08-29 14:40:04','d5face227b42483fa3d358c509eb1ed7',0,'订单支付时间结束，检查订单未支付成功，处理为支付超时'),('6df36a1a3f7e4179a7d68ff1a45a0f32','2018-08-29 14:40:13','96d54b887919407689af39deeb07ce77',0,'创建订单,等待支付'),('8f7da83c278342c08d9b3cb025e3e385','2018-08-29 14:43:33','e77a5ac0c6d04535bc49a8d385e8dd9b',0,'订单支付时间结束，检查订单未支付成功，处理为支付超时'),('ad1dd1363b6b4b43b95667a4b0862fed','2018-08-29 14:45:13','96d54b887919407689af39deeb07ce77',0,'订单支付时间结束，检查订单未支付成功，处理为支付超时'),('2d8aab7df0b4480e9c70c2b1e7b8515a','2018-08-29 15:06:02','92207311cb3e4e06bf1c25f87439bfdf',0,'创建订单,等待支付'),('c1de13c78629487080de3d7945ec80e9','2018-08-29 15:11:02','92207311cb3e4e06bf1c25f87439bfdf',0,'订单支付时间结束，检查订单未支付成功，处理为支付超时'),('de683e1fdaa84b09ace98e8643a63fb0','2018-08-29 15:15:55','b01493d14d3544ea94ce8813c44a6dcb',0,'创建订单,等待支付'),('94982b5c4dd44c4b82f4f49811c40921','2018-08-29 15:20:55','b01493d14d3544ea94ce8813c44a6dcb',0,'订单支付时间结束，检查订单未支付成功，处理为支付超时'),('816a85dc580e4d358c08274873557bf5','2018-08-29 15:22:38','5c5e12ae4b4b4febbe747587853382a4',0,'创建订单,等待支付'),('e2d3f33c9a784eb695813088615fb363','2018-08-29 15:27:38','5c5e12ae4b4b4febbe747587853382a4',0,'订单支付时间结束，检查订单未支付成功，处理为支付超时'),('f62fb0d7d1e24878bd223428645c173a','2018-08-29 15:39:14','283793149c7f4f05909924dcfc2fb13a',0,'创建订单,等待支付'),('d369573cde1544b392bf50509eeafd87','2018-08-29 15:44:14','283793149c7f4f05909924dcfc2fb13a',0,'订单支付时间结束，检查订单未支付成功，处理为支付超时'),('dcd1317d11cf4325aebc665b50c8e6ff','2018-08-29 16:06:48','22d8690530404f5f8c2ba5fed5ff70ea',0,'创建订单,等待支付'),('450f6dcca94640cd9451bb4a659ea52f','2018-08-29 16:07:37','084fe227bf5a43f896580404da1fc1a2',0,'创建订单,等待支付'),('85ac5f59719c48709c489531b57fd4b7','2018-08-29 16:11:48','22d8690530404f5f8c2ba5fed5ff70ea',0,'订单支付时间结束，检查订单未支付成功，处理为支付超时'),('8ea105ecf9704a64830c4831959fdf66','2018-08-29 16:12:37','084fe227bf5a43f896580404da1fc1a2',0,'订单支付时间结束，检查订单未支付成功，处理为支付超时'),('e18a3ccca62247c3b31c56f449ec7889','2018-08-29 16:18:53','9ff0d4d314c64b09835fd684900a1fb7',0,'创建订单,等待支付'),('1161d67f15db4b4686f89c910af988be','2018-08-29 16:20:31','e7714d48145d4f4ab2a8169b7f568ada',0,'创建订单,等待支付'),('6bfe61acb066460b8dcf564512dd5e12','2018-08-29 16:25:08','28718db53b0d4360bc30b52d6aed7780',0,'创建订单,等待支付'),('38f17902645e40b5b498c2e9ccc434ae','2018-08-29 16:30:10','28718db53b0d4360bc30b52d6aed7780',0,'订单支付时间结束，检查订单未支付成功，处理为支付超时'),('703cc8b1a73046f6bff9bf4fd17ee698','2018-08-29 16:44:27','5eba918187884a54835b2824c8672130',0,'接收到支付宝通知，订单已支付成功'),('fb23130722834da18a307725a7cbbef1','2018-08-29 16:51:07','ed8bf045c0554b588907116b8273a306',0,'创建订单,等待支付'),('0311e07a91bf494d9d5db602560fc7d2','2018-08-29 16:53:47','d524273471ef4e8c9bc302b208afd8de',0,'接收到支付宝通知，订单已支付成功'),('4856eaf3447e49baa26c06e9666be766','2018-08-29 16:55:14','859a03292df240cb9f50714c4362c18d',0,'创建订单,等待支付'),('a86dd5edb4594b71b9bc9a1598ed1104','2018-08-29 16:56:07','ed8bf045c0554b588907116b8273a306',0,'订单支付时间结束，检查订单未支付成功，处理为支付超时'),('f71ea0be60e54ac1b8eca26340bad559','2018-08-29 16:56:20','6d6f5136e3da42639656fdbcafe39a04',0,'创建订单,等待支付'),('c6184a4a0c894bb3b2ecccd473ecd42a','2018-08-29 16:59:38','dbe4e35b8e3d4866b6e95b2bcdddb8e6',0,'创建订单,等待支付'),('558243931753468696137b91c33e2a8d','2018-08-29 17:00:14','859a03292df240cb9f50714c4362c18d',0,'订单支付时间结束，检查订单未支付成功，处理为支付超时'),('5d018bade2a24009a22e415b1d9a7b3e','2018-08-29 17:01:20','6d6f5136e3da42639656fdbcafe39a04',0,'订单支付时间结束，检查订单未支付成功，处理为支付超时'),('0faa0e5dd5d2406885435fc8a54acd3b','2018-08-29 17:01:31','d524273471ef4e8c9bc302b208afd8de',0,'接收到支付宝通知，订单已支付成功'),('ec2aa9d34c5a4fc680b1db265b529d0d','2018-08-29 17:04:38','dbe4e35b8e3d4866b6e95b2bcdddb8e6',0,'订单支付时间结束，检查订单未支付成功，处理为支付超时'),('4dfafaf853274580a287b17ae3114902','2018-08-29 17:11:15','d524273471ef4e8c9bc302b208afd8de',0,'接收到支付宝通知，订单已支付成功'),('bc847fc979344e9c9bad5dca1bcba90c','2018-08-29 17:12:07','dbe4e35b8e3d4866b6e95b2bcdddb8e6',0,'接收到支付宝通知，订单已支付成功'),('6dc0a2063963496783f2ed742310d78c','2018-08-29 17:14:35','c026c74c6acd4cb6ab1783e3a5fcdcd7',0,'创建订单,等待支付'),('eaf49495c4104388b3ed1a363527bddb','2018-08-29 17:15:07','734aab1d5431496daeea4ba86e87bc24',0,'创建订单,等待支付'),('6b1ae2aca35d49eaa17f8543b6e8203e','2018-08-29 17:16:25','dbe4e35b8e3d4866b6e95b2bcdddb8e6',0,'接收到支付宝通知，订单已支付成功'),('152b12e3f52f4179881dddeefe85fa27','2018-08-29 17:19:21','75ee26251977419b93af9ed49d96a2c5',0,'创建订单,等待支付'),('8a7a80ce1178445490bc4336cb447f23','2018-08-29 17:19:35','c026c74c6acd4cb6ab1783e3a5fcdcd7',0,'订单支付时间结束，检查订单未支付成功，处理为支付超时'),('467a258caf0c47fab84aed49fd5e05d9','2018-08-29 17:20:07','734aab1d5431496daeea4ba86e87bc24',0,'订单支付时间结束，检查订单未支付成功，处理为支付超时'),('5c094b0fad1243feb3dcc2c5a5cf6126','2018-08-29 17:21:01','f33b461f949d4010bc86d488efb563d0',0,'创建订单,等待支付'),('1a7d5adc77ba4e0d9d9b58ab41e9077a','2018-08-29 17:22:52','2b279c76eeb5410bbd378466305fe4f6',0,'创建订单,等待支付'),('7f5a016289ab4aa485734a0e56831cb2','2018-08-29 17:24:10','d9d9c29120c44f6190c7be3ce0dadcde',0,'创建订单,等待支付'),('049b69daa20745538ebec56760a357c6','2018-08-29 17:24:21','75ee26251977419b93af9ed49d96a2c5',0,'订单支付时间结束，检查订单未支付成功，处理为支付超时'),('21c7c97dc2764d77abeeeb842f894c4c','2018-08-29 17:26:01','f33b461f949d4010bc86d488efb563d0',0,'订单支付时间结束，检查订单未支付成功，处理为支付超时'),('4d01917f83474dddb8b17bdc92bf8289','2018-08-29 17:26:44','dbe4e35b8e3d4866b6e95b2bcdddb8e6',0,'接收到支付宝通知，订单已支付成功'),('5fe2c9cec4b1476a933a7a85f76c45d0','2018-08-29 17:27:52','2b279c76eeb5410bbd378466305fe4f6',0,'订单支付时间结束，检查订单未支付成功，处理为支付超时'),('f833f3b1e77f403985482025b1f4a3d5','2018-08-29 17:29:10','d9d9c29120c44f6190c7be3ce0dadcde',0,'订单支付时间结束，检查订单未支付成功，处理为支付超时'),('e4baec59c6ea4a4991536d87f9916198','2018-08-29 17:36:22','dbe4e35b8e3d4866b6e95b2bcdddb8e6',0,'接收到支付宝通知，订单已支付成功'),('aa261583729d458b8d1bfe42c1bef6b7','2018-08-29 17:40:20','d524273471ef4e8c9bc302b208afd8de',0,'接收到支付宝通知，订单已支付成功'),('d2d1dbc71d8a4eb2bfcc5dd4eaf722c3','2018-08-29 18:36:15','d524273471ef4e8c9bc302b208afd8de',0,'接收到支付宝通知，订单已支付成功'),('0738d89cb88e48209bf4bebcff83f213','2018-08-29 18:36:35','dbe4e35b8e3d4866b6e95b2bcdddb8e6',0,'接收到支付宝通知，订单已支付成功'),('6a7ef8951055489aacc9915f158f8f51','2018-08-29 19:02:59','f7528b5639e24abdabf3ce44110885d4',0,'创建订单,等待支付'),('8b833fcbfa9d4a9498f1240f8b717659','2018-08-29 19:07:59','f7528b5639e24abdabf3ce44110885d4',0,'订单支付时间结束，检查订单未支付成功，处理为支付超时'),('d979ad0b8cb44e2282c1bcd2c40f9a52','2018-08-29 20:04:04','e94d970cdedf48f3b83da450df1a611a',0,'创建订单,等待支付'),('5cb684e3ebff40559d592efc09a532f9','2018-08-29 20:09:04','e94d970cdedf48f3b83da450df1a611a',0,'订单支付时间结束，检查订单未支付成功，处理为支付超时'),('d8aaf7c1c178498f8ab4d84e939d9211','2018-08-29 20:19:21','d524273471ef4e8c9bc302b208afd8de',0,'接收到支付宝通知，订单已支付成功'),('7d57cdce3ded4bf1b04ec6b56283bc3c','2018-08-29 20:36:34','dbe4e35b8e3d4866b6e95b2bcdddb8e6',0,'接收到支付宝通知，订单已支付成功'),('2b040b08c1234b94ade8850004f976b0','2018-08-30 02:22:10','d524273471ef4e8c9bc302b208afd8de',0,'接收到支付宝通知，订单已支付成功'),('7d82e823e1fe4c5a9028d0dc9a89d5fa','2018-08-30 02:36:25','dbe4e35b8e3d4866b6e95b2bcdddb8e6',0,'接收到支付宝通知，订单已支付成功'),('9ade4484b41a4548a10b4ad9746202f6','2018-08-30 16:43:33','f7a8a9cab7914336836be2150f48941f',0,'创建订单,等待支付'),('699b1cde843d4433997e58f0ca4796f5','2018-08-30 16:46:38','f7a8a9cab7914336836be2150f48941f',0,'接收到支付宝通知，订单已支付成功'),('9b5c35fd029a4e4db5546e9dd919fef8','2018-08-30 16:48:34','f7a8a9cab7914336836be2150f48941f',0,'订单支付时间结束，检查订单未支付成功，处理为支付超时'),('0bdebe3172fb49119ac05d65b53f6bd3','2018-08-30 17:00:12','2b6a71d1397b4176afd37e6cf9fa9b38',0,'创建订单,等待支付'),('c2b0a784e16b4d1aa34fa79098c01cb5','2018-08-30 17:05:12','2b6a71d1397b4176afd37e6cf9fa9b38',0,'订单支付时间结束，检查订单未支付成功，处理为支付超时'),('10288c31cb7048b8a7c0aa6bdcd10f55','2018-08-30 17:36:16','d524273471ef4e8c9bc302b208afd8de',0,'接收到支付宝通知，订单已支付成功'),('20899ebb78ce40ddbcfaf877bfa59832','2018-08-30 17:36:41','dbe4e35b8e3d4866b6e95b2bcdddb8e6',0,'接收到支付宝通知，订单已支付成功'),('c7ec609f4c1742d0b131ed0dbaa8095b','2018-09-05 14:23:15','0b53ca688b5348099cb655a23ab77a2f',0,'创建订单,等待支付'),('32018732a62349f081b4ca0c019dc28b','2018-09-05 17:28:28','27bb206c8a944fbea423e43df402da87',0,'创建订单,等待支付'),('38d19170b40c4bd78d83df9d7b0d4831','2018-09-05 17:31:40','110b6bc5a4cb426ca2712dcc1ad42403',0,'创建订单,等待支付'),('142c7061df024dd4b8aae11f40f8212c','2018-09-05 17:51:50','eba540699fe94779ad831b2ef6e256e5',0,'创建订单,等待支付'),('514899d150524c689d278c34e78d9d06','2018-09-05 17:57:19','2ea45fe3b5b24a4684ad4601df6031e3',0,'创建订单,等待支付'),('476126f878d644948527bd7025069167','2018-09-05 17:57:47','be54780eebcf40098b9c93492db70315',0,'创建订单,等待支付'),('d16d631cee354108bd6ee127ad352521','2018-09-05 18:54:06','b39cfcf54e134260b3a493571b4ccbfa',0,'创建订单,等待支付'),('7cd3f184837e4708bf7c4370b151bb8a','2018-09-05 18:56:04','8cbdd4f5459244d19816ae2715804780',0,'创建订单,等待支付'),('f8f8f1b4a25d46acbc84a2cce83c808e','2018-09-05 19:10:26','aac9a0ddf7284cebb78c1ea0286e8f79',0,'创建订单,等待支付'),('6469bc8a238d4b728033e61a845eb652','2018-09-05 19:10:34','aac9a0ddf7284cebb78c1ea0286e8f79',0,'接收到微信通知，订单已支付成功'),('57510751b5db43779f238e2aecb480d1','2018-09-05 19:13:01','3d24812f648c46189cf0971c3dfe6120',0,'创建订单,等待支付'),('fbf7b79b65504a82a06803173fc0bddb','2018-09-05 19:22:40','ab4e3f0685704bd6aa816b3ec1b9d7b2',0,'创建订单,等待支付'),('aa23404ee00348779576e9e92e4c9a7e','2018-09-05 19:22:57','ab4e3f0685704bd6aa816b3ec1b9d7b2',0,'接收到微信通知，订单已支付成功'),('dd1dc4f32aa24a938d73be363be752c0','2018-09-05 19:24:29','6c2d5000aa9047d4a1efef44590adf30',0,'创建订单,等待支付'),('cf4273c2bf6c4abeabd0f5ed1dde42f0','2018-09-05 19:27:15','b548c2460c4d4f78a41972babb192d3a',0,'创建订单,等待支付'),('8aeeb97a41f94d7a916097b80aa1f17c','2018-09-05 19:27:33','02baca03a7224d9ca7b685e5b4724b1b',0,'创建订单,等待支付'),('5581922b08094f3c8b9e764187653ac8','2018-09-05 19:28:07','341c906a78e347109fecea7824713416',0,'创建订单,等待支付'),('99329d219dcb4efb828dc148759a1902','2018-09-05 19:30:11','21a3c9cce6b34e4bb92b6b7ae389f664',0,'创建订单,等待支付'),('926490d3f3544be5b1adee4fc006cea2','2018-09-05 19:31:27','091c0df3a4b74064a69b22a68b3ea805',0,'创建订单,等待支付'),('f0b0902c873b4080a400d0bb60a8be4f','2018-09-05 19:33:30','9aa3311308674986a91432c60fabc30d',0,'创建订单,等待支付'),('4bda3e0817e645f3822960ca132e607f','2018-09-05 19:34:16','d3542832347e49b5a5c567a27ded33cb',0,'创建订单,等待支付'),('df93126098ae498491c16b3c5ea91f55','2018-09-05 19:38:14','aeea9b0155cb412ba7fe9474f786a4e6',0,'创建订单,等待支付'),('bbaf65a5b44644c7b8b201cc4aa95854','2018-09-05 19:48:14','46d36ddc3f394f18b96c55587d9d3905',0,'创建订单,等待支付'),('edc32606a9cb4219b1cbdd1f8d85a135','2018-09-06 15:38:48','10a66418e58544d692ac0dbdaa84817e',0,'创建订单,等待支付'),('ca93c5d7b04743d6b0c14beacb87694e','2018-09-06 15:39:21','af2db434020048afa366336de02817f9',0,'创建订单,等待支付'),('eef3d67283c44d8cbaaeaa92c6fdcdb7','2018-09-06 16:22:48','aba4a6247d0d4ffc910f7b1e60f9a67f',0,'创建订单,等待支付'),('7aa6dfb8e4fb4bf7a52a6a5cb8f12b76','2018-09-06 18:52:03','37ed8c4d991f4143b42143603044d430',0,'创建订单,等待支付'),('d0fc4e300ba748d7ac317dfc502e8c2c','2018-09-06 22:15:00','5a17fe90d0914f0b958fc2cf855efcb4',0,'创建订单,等待支付'),('ed84ae6feaf54753ad864652778a7dcb','2018-09-06 22:20:00','5a17fe90d0914f0b958fc2cf855efcb4',0,'订单支付时间结束，检查订单未支付成功，处理为支付超时'),('e8d684222c9e40f7bb729de15c5f9c2a','2018-09-07 09:31:12','04a02b529ef042b29f4076d96282bf4b',0,'创建订单,等待支付'),('7ecceb802a2f44d3881ecf3c03b32616','2018-09-07 09:36:12','04a02b529ef042b29f4076d96282bf4b',0,'订单支付时间结束，检查订单未支付成功，处理为支付超时'),('1a337693f01149d0bcfd97ee2d979675','2018-09-07 11:06:34','f4c8519f75fc4676b8f6552bac37b8c9',0,'创建订单,等待支付'),('e53e64dfedaf45f5b969fd2e74f12514','2018-09-07 11:11:34','f4c8519f75fc4676b8f6552bac37b8c9',0,'订单支付时间结束，检查订单未支付成功，处理为支付超时'),('42e46cfba784472583ab1e7c297a4a98','2018-09-07 11:26:19','27e6c872c6e94e79a38d8e4ec72ca6a3',0,'创建订单,等待支付'),('e1282dc7ceec4cfc814ab28a7a876831','2018-09-07 11:31:19','27e6c872c6e94e79a38d8e4ec72ca6a3',0,'订单支付时间结束，检查订单未支付成功，处理为支付超时'),('3023b027415748f5a4703dae4946aace','2018-09-07 14:36:51','13ca56d292b445f793debbc2e3444d8b',0,'创建订单,等待支付'),('1cbc88613d764581954500507e7b7650','2018-09-07 14:41:51','13ca56d292b445f793debbc2e3444d8b',0,'订单支付时间结束，检查订单未支付成功，处理为支付超时'),('081629e7949f49fbb0616ae97aeeb372','2018-09-07 14:43:42','b3a8e59c8a464686b5ec544394a73958',0,'创建订单,等待支付'),('5f1f6f7aefde46e0af582ac7d15134c6','2018-09-07 14:48:43','b3a8e59c8a464686b5ec544394a73958',0,'订单支付时间结束，检查订单未支付成功，处理为支付超时'),('aa7602082af04043add769caf00c023a','2018-09-07 14:53:02','ec64a6aec5bb4dce8614ce40d4f93028',0,'创建订单,等待支付'),('1c5dc4b6a43d452ba92c57f53cd02e27','2018-09-07 14:57:56','b6ca8cd6c33d4ea99864751569d870fe',0,'创建订单,等待支付'),('14830bf992df4a0f84a094b93eed6190','2018-09-07 14:58:02','ec64a6aec5bb4dce8614ce40d4f93028',0,'订单支付时间结束，检查订单未支付成功，处理为支付超时'),('5b6b98a7e2a84768b82b29b12377739a','2018-09-07 14:59:45','4dabb46b7701468a95ed6a69c38bfd99',0,'创建订单,等待支付'),('89eddebec1204f8f9f767174ab015795','2018-09-07 15:02:56','b6ca8cd6c33d4ea99864751569d870fe',0,'订单支付时间结束，检查订单未支付成功，处理为支付超时'),('f93c29325f0d4bee89abb603db36296e','2018-09-07 15:03:02','7d0bae924f494e8283f948cc67052dae',0,'创建订单,等待支付'),('3b4e04d0d7154c53a6c645a4a2629a27','2018-09-07 15:04:45','4dabb46b7701468a95ed6a69c38bfd99',0,'订单支付时间结束，检查订单未支付成功，处理为支付超时'),('9bc6681a4af94d469e886af615d35ead','2018-09-07 15:06:04','dab435b334fb42e6a9d3986b6b6cd3b8',0,'创建订单,等待支付'),('32d51a089dfd4a3b818acf6dd8101171','2018-09-07 15:08:02','7d0bae924f494e8283f948cc67052dae',0,'订单支付时间结束，检查订单未支付成功，处理为支付超时'),('8ea6482c401b4ba8bfb926bff3e2c683','2018-09-07 15:11:04','dab435b334fb42e6a9d3986b6b6cd3b8',0,'订单支付时间结束，检查订单未支付成功，处理为支付超时'),('dda02b378c5f445b8a90ecbb79ac3253','2018-09-07 15:19:22','f65ca913f14a4de0a66e72f09e6082d6',0,'创建订单,等待支付'),('6cc6f2380a5145a9bd0cdd30d87e31ff','2018-09-07 15:24:22','f65ca913f14a4de0a66e72f09e6082d6',0,'订单支付时间结束，检查订单未支付成功，处理为支付超时'),('15a837694e6242378e2d6a965c1e13c1','2018-09-07 15:30:38','51bbfaa122ee448299d2b3aeb9932c19',0,'创建订单,等待支付'),('e9e94c463b1d49eab2929ae24de3e48c','2018-09-07 15:35:38','51bbfaa122ee448299d2b3aeb9932c19',0,'订单支付时间结束，检查订单未支付成功，处理为支付超时'),('23af7eaea0a24bf1920c837308e2215c','2018-09-07 15:41:02','6136beb79d584cd2b2b72512ecc9387a',0,'创建订单,等待支付'),('5e322ebdda7846c6bc0931f38a66dd64','2018-09-07 15:46:02','6136beb79d584cd2b2b72512ecc9387a',0,'订单支付时间结束，检查订单未支付成功，处理为支付超时'),('06e495b1d222488dae9fd20f7dc65433','2018-09-10 14:13:42','172bdc631bc94bf6983513d67bae50a8',0,'创建订单,等待支付'),('e441036293a7474c9cb0bf152c5e0558','2018-09-10 14:18:44','172bdc631bc94bf6983513d67bae50a8',0,'订单支付时间结束，检查订单未支付成功，处理为支付超时'),('85ef7e36794542e28bc9d4eba25e7635','2018-09-10 19:11:10','fef99d1b9428440abeb04c7d107829bb',0,'创建订单,等待支付'),('7be66f1af00e4f6588ca8baf0fcd9b8f','2018-09-10 20:52:47','08a87be54d334977874f3134053bd5f1',0,'创建订单,等待支付'),('b72864986fdb422080b02fbc1636c3b5','2018-09-10 21:03:53','f8a8c022df1b4ca2b00e432bb8a4e94a',0,'创建订单,等待支付'),('7abb1ab8e1174412a654bcefb4242585','2018-09-10 21:08:53','f8a8c022df1b4ca2b00e432bb8a4e94a',0,'订单支付时间结束，检查订单未支付成功，处理为支付超时'),('0197148ff9e144e7849e295d8f42e95d','2018-09-11 09:16:52','ee073c429c764846b4b173c958ff1828',0,'创建订单,等待支付'),('0f7ca9b549ea4750823ef12c8809a720','2018-09-11 09:21:52','ee073c429c764846b4b173c958ff1828',0,'订单支付时间结束，检查订单未支付成功，处理为支付超时'),('1c1f3dba6c2c46e2b2431af00c3d02f6','2018-09-11 09:22:23','8b3b24e74b3e47599d8d0ff1485c56d1',0,'创建订单,等待支付'),('035232f54c814691822e1d74acceeb99','2018-09-11 09:27:23','8b3b24e74b3e47599d8d0ff1485c56d1',0,'订单支付时间结束，检查订单未支付成功，处理为支付超时'),('a980393f38fb4aee9ca11614bdd53f92','2018-09-11 09:54:22','642390446bdf4159bf921b4c8fa3fa6a',0,'创建订单,等待支付'),('0417dcfd93124c02b39b8babdf65233b','2018-09-11 09:58:30','93fefdb3341d4c44b0d9d0f923ce45a9',0,'创建订单,等待支付'),('4ef1e74d317b48b686ae2ecbf3e7b0fe','2018-09-11 09:59:22','642390446bdf4159bf921b4c8fa3fa6a',0,'订单支付时间结束，检查订单未支付成功，处理为支付超时'),('578d1fa7782d410393d5c0cbfaa79619','2018-09-11 10:03:30','93fefdb3341d4c44b0d9d0f923ce45a9',0,'订单支付时间结束，检查订单未支付成功，处理为支付超时'),('1f205c9999924544ab3ea123e60385b9','2018-09-11 10:12:56','51c9a6f37a5d4246a84e2a32c074d96a',0,'创建订单,等待支付'),('693b46f48a5a487cb0d290b93feadc66','2018-09-11 10:17:56','51c9a6f37a5d4246a84e2a32c074d96a',0,'订单支付时间结束，检查订单未支付成功，处理为支付超时'),('70709b9b9bfe44cb9554d745ff2f8b71','2018-09-11 11:18:13','dce4e000c1344071b56bfc2db3748287',0,'创建订单,等待支付'),('3c21c67e41eb41b3b11fad5190a02ec6','2018-09-11 11:20:16','d1baed9a32914931ae0b88c30f69aaa2',0,'创建订单,等待支付'),('e74152c186ab4ec2ab529138f882f649','2018-09-11 11:23:13','dce4e000c1344071b56bfc2db3748287',0,'订单支付时间结束，检查订单未支付成功，处理为支付超时'),('fa5c24e7fc4f427b908a8f0c31981e2f','2018-09-11 11:25:16','d1baed9a32914931ae0b88c30f69aaa2',0,'订单支付时间结束，检查订单未支付成功，处理为支付超时'),('e23b20eb000540aaa69d9e3c6aaaf848','2018-09-11 11:27:21','60710c5e749041bd947eaf7952ee335e',0,'创建订单,等待支付'),('b617d215cf934be1a95baf62ced58e4f','2018-09-11 11:32:21','60710c5e749041bd947eaf7952ee335e',0,'订单支付时间结束，检查订单未支付成功，处理为支付超时'),('5917f9612c7144f58f95ec7a8d64e9da','2018-09-11 11:37:56','9d919686ff694d3dbb2e55240047869b',0,'创建订单,等待支付'),('b8c63a07e77947d682707ae2dc4a1e25','2018-09-11 11:38:18','c58af007c9324f2ba2873b6c83beed76',0,'创建订单,等待支付'),('aa57ff2a6829472c887e4245074023b2','2018-09-11 11:42:56','9d919686ff694d3dbb2e55240047869b',0,'订单支付时间结束，检查订单未支付成功，处理为支付超时'),('8fe964ba3686408e8321736983efe79d','2018-09-11 11:43:19','c58af007c9324f2ba2873b6c83beed76',0,'订单支付时间结束，检查订单未支付成功，处理为支付超时'),('d584594304b343b58bddb455d8100324','2018-09-11 14:01:23','eff8a8722bf34db6ad5f279a57254c73',0,'创建订单,等待支付'),('cc2e2795577840a490b99a4eae8c5c6a','2018-09-11 14:02:50','2d820776a6914c188fb867143b59c70a',0,'创建订单,等待支付'),('8bc91e6e5f544a17be0429cb3038a1c6','2018-09-11 14:06:23','eff8a8722bf34db6ad5f279a57254c73',0,'订单支付时间结束，检查订单未支付成功，处理为支付超时'),('6a81536b06094405985e992004c41bcc','2018-09-11 14:07:36','12cf904f5aba41d18fc186dfcc125d6f',0,'创建订单,等待支付'),('19530348eb714b5d9bf0742428efd9f3','2018-09-11 14:07:50','2d820776a6914c188fb867143b59c70a',0,'订单支付时间结束，检查订单未支付成功，处理为支付超时'),('0817cc12bc6a44aba983459f9edfbd77','2018-09-11 14:12:36','12cf904f5aba41d18fc186dfcc125d6f',0,'订单支付时间结束，检查订单未支付成功，处理为支付超时'),('915382d4d0774399811ce455352a2f0f','2018-09-11 14:40:59','00ff61589c634a06990d0968d7b5402c',0,'创建订单,等待支付'),('ea472ff84af34b2cafdf297687cf8d2e','2018-09-11 14:45:59','00ff61589c634a06990d0968d7b5402c',0,'订单支付时间结束，检查订单未支付成功，处理为支付超时'),('af8f9edda6ca47e4a6920d9353d7d1a6','2018-09-11 16:02:11','959273ab5501442988b37801a5cb069a',0,'创建订单,等待支付'),('e338c0d6547f4d1abef93ffecce3bd01','2018-09-11 16:03:09','68dead41d6f649128744aa74c6d0b85e',0,'创建订单,等待支付'),('a29aea2540864e3f886c6a5ad523d5af','2018-09-11 16:05:56','911b1508daa94f86a074a3041b0d66ec',0,'创建订单,等待支付'),('b7110219c3384ebf824983267307c5e3','2018-09-11 16:07:11','959273ab5501442988b37801a5cb069a',0,'订单支付时间结束，检查订单未支付成功，处理为支付超时'),('63ee0934fabc48a8b985238440b92a30','2018-09-11 16:07:24','e7f0794af3524c5981d188050935b614',0,'创建订单,等待支付'),('60a8c69e960040d5a392ef99ccce45f6','2018-09-11 16:08:09','68dead41d6f649128744aa74c6d0b85e',0,'订单支付时间结束，检查订单未支付成功，处理为支付超时'),('3c177f0366a94f47b98aa5631cb4ee3c','2018-09-11 16:09:59','f13ab739c6aa4befa81b382f987a82af',0,'创建订单,等待支付'),('e87d056ec8934d78893ce766a4eb4fc6','2018-09-11 16:10:56','911b1508daa94f86a074a3041b0d66ec',0,'订单支付时间结束，检查订单未支付成功，处理为支付超时'),('a1e8de3d33d2498491d6928090adaa89','2018-09-11 16:12:24','e7f0794af3524c5981d188050935b614',0,'订单支付时间结束，检查订单未支付成功，处理为支付超时'),('8bd021999f964e909f5b921ec687ea06','2018-09-11 16:14:59','f13ab739c6aa4befa81b382f987a82af',0,'订单支付时间结束，检查订单未支付成功，处理为支付超时'),('8bf4011b430a4777b4c85fe201d7b2e5','2018-09-11 20:31:04','50b881367de14a238ae72f3577f21773',0,'创建订单,等待支付'),('9bc82357ea25440ea0e5dc2a51ac1f5f','2018-09-11 20:36:04','50b881367de14a238ae72f3577f21773',0,'订单支付时间结束，检查订单未支付成功，处理为支付超时'),('e607002faf344599aa735aa7bc127963','2018-09-12 10:40:37','3efaff52eab1458496ce478f2bc5572b',0,'创建订单,等待支付'),('7ffe273f9d124f5b9453f9fa499a7d57','2018-09-12 10:45:38','3efaff52eab1458496ce478f2bc5572b',0,'订单支付时间结束，检查订单未支付成功，处理为支付超时'),('ad930dd78f0745f08045f3c101e27348','2018-09-12 11:41:26','6f7a591109fe4bcc9ca4f5e996369fa0',0,'创建订单,等待支付'),('7ca4a384823b4005b5c2229e212d3744','2018-09-12 11:41:43','dab3c78550e1403aac92b0e43a7cea01',0,'创建订单,等待支付'),('a050c0e8ee654ebe94e08f45d03caedb','2018-09-12 11:42:03','b53f2f93e29b4c71b7de7d94d43d9823',0,'创建订单,等待支付'),('0d21027fe2654c3987f34bf1b2d4c102','2018-09-12 11:45:18','9538298e5d004191a670b1f6907bf96e',0,'创建订单,等待支付'),('d3586440c4804a29b5c6afc38d1faef6','2018-09-12 11:46:27','6f7a591109fe4bcc9ca4f5e996369fa0',0,'订单支付时间结束，检查订单未支付成功，处理为支付超时'),('bc9c62e4cd8b4a9cae7facfb5c2b3098','2018-09-12 11:46:43','dab3c78550e1403aac92b0e43a7cea01',0,'订单支付时间结束，检查订单未支付成功，处理为支付超时'),('aa3386b90c654e4483b34296c4b7b582','2018-09-12 11:47:03','b53f2f93e29b4c71b7de7d94d43d9823',0,'订单支付时间结束，检查订单未支付成功，处理为支付超时'),('458bd268a0324d88857723a4f9c9112b','2018-09-12 11:50:18','9538298e5d004191a670b1f6907bf96e',0,'订单支付时间结束，检查订单未支付成功，处理为支付超时'),('3ce230185c434b91b00d4ea8990a8e0d','2018-09-12 20:13:26','6762cfb1cc014bd29ce73e4e239f8cea',0,'创建订单,等待支付'),('7c3e2249b57246b5943aa6b66bf0feb9','2018-09-12 20:14:11','8970f16baab445aeb310d86a8435bd16',0,'创建订单,等待支付'),('b261f065035b4bbaa4f5b79e0181a545','2018-09-12 20:14:24','8970f16baab445aeb310d86a8435bd16',0,'接收到微信通知，订单已支付成功'),('ade76339a9134136b07ae76667428b88','2018-09-12 20:18:26','6762cfb1cc014bd29ce73e4e239f8cea',0,'订单支付时间结束，检查订单未支付成功，处理为支付超时'),('d23b5e44ed194c2f9d3530f6c2a065c0','2018-09-12 20:19:11','8970f16baab445aeb310d86a8435bd16',0,'订单支付时间结束，检查订单未支付成功，处理为支付超时'),('8f8c208cc6074f31af525cc4bdb79d5a','2018-09-14 10:32:19','d23917b4fd6449a18e9e5f168f879f53',0,'创建订单,等待支付'),('39e4b089e7c24df0be915c394c7c3966','2018-09-14 10:37:20','d23917b4fd6449a18e9e5f168f879f53',0,'订单支付时间结束，检查订单未支付成功，处理为支付超时'),('0c760931ce43477c84f1670b6590b7a7','2018-09-14 10:38:46','726beb52493b487d9ad1981179b2cc4a',0,'创建订单,等待支付'),('318386626c4c4127a586531273ee9479','2018-09-14 10:43:32','3e29ca90414848c59f936bf23aaca1de',0,'创建订单,等待支付'),('3d817ca5754b4351a30deb7dc0d14a72','2018-09-14 10:43:46','726beb52493b487d9ad1981179b2cc4a',0,'订单支付时间结束，检查订单未支付成功，处理为支付超时'),('83f0f61e108a43d39f3da556df4afdeb','2018-09-14 10:45:19','a3160b436fea4c1b9c2ea6c5faf89caa',0,'创建订单,等待支付'),('160d0da240174e109ab27bd0ce039001','2018-09-14 10:48:32','3e29ca90414848c59f936bf23aaca1de',0,'订单支付时间结束，检查订单未支付成功，处理为支付超时'),('e4ee0634d23045c5a18d21ce2126a0fb','2018-09-14 10:50:19','a3160b436fea4c1b9c2ea6c5faf89caa',0,'订单支付时间结束，检查订单未支付成功，处理为支付超时'),('2fea585ea2b94a2e841d48ae8c82c3ce','2018-09-14 10:55:30','be04f5e3a2f64da3a342f557d1d36fdd',0,'创建订单,等待支付'),('b97f0365d43641819f5490b1e7ccd40b','2018-09-14 11:00:30','be04f5e3a2f64da3a342f557d1d36fdd',0,'订单支付时间结束，检查订单未支付成功，处理为支付超时'),('a6d9f961276142db82e1242e1a9cd661','2018-09-14 17:31:39','7c39a32b75324a3fa00bd3b8fa2a3e19',0,'创建订单,等待支付'),('4ea9274e23604fec8179b3de5796b36a','2018-09-15 10:05:11','1b934720417e41ea84ed64c3b99a5a3b',0,'创建订单,等待支付'),('6c179f2ce9dd4b00a3b04c402978b862','2018-09-15 10:05:44','6d9d2472862f444ab9d5b1acef7cea15',0,'创建订单,等待支付'),('381b20ebbc084c06961aa5a18716a48a','2018-09-15 10:06:00','6d9d2472862f444ab9d5b1acef7cea15',0,'接收到微信通知，订单已支付成功'),('98a1f567799440d196384884105e9d1d','2018-09-15 10:10:12','1b934720417e41ea84ed64c3b99a5a3b',0,'订单支付时间结束，检查订单未支付成功，处理为支付超时'),('37938a5c90314e67a71733bdd450a7b4','2018-09-15 10:10:44','6d9d2472862f444ab9d5b1acef7cea15',0,'订单支付时间结束，检查订单未支付成功，处理为支付超时'),('c01d1c2ab65447af8b63e9b02ca7d400','2018-09-15 10:12:37','9a97308d863e4d59a04255d1e8b87b22',0,'创建订单,等待支付'),('34e964215fc040628cba8a7d487d8a2e','2018-09-15 10:17:37','9a97308d863e4d59a04255d1e8b87b22',0,'订单支付时间结束，检查订单未支付成功，处理为支付超时'),('f69ce2c978294701950dc83dab73e853','2018-09-19 10:24:58','85ab6ae317a0449d9fe766fc48254b54',0,'创建订单,等待支付'),('4a353d7caa9e4111b80f3db4353e3c91','2018-09-19 10:29:58','85ab6ae317a0449d9fe766fc48254b54',0,'订单支付时间结束，检查订单未支付成功，处理为支付超时'),('61374154a49a4bdc98f093655bda272c','2018-09-22 08:54:03','f58342973617429f8c8d375ebcbf941c',0,'创建订单,等待支付'),('f19fe23242ee4132954fd475059b5e03','2018-09-22 08:59:03','f58342973617429f8c8d375ebcbf941c',0,'订单支付时间结束，检查订单未支付成功，处理为支付超时'),('cc630cdb4e064fc29b07fe45012e26a2','2018-10-29 17:41:16','b44a6a7ee7004c81abfe8c981c84cd03',0,'创建订单,等待支付'),('7e615b79b4474c4fb80f65eb43dd62cd','2018-10-29 17:46:16','b44a6a7ee7004c81abfe8c981c84cd03',0,'订单支付时间结束，检查订单未支付成功，处理为支付超时'),('51fb9c7218af46f5be5ff5143b891300','2018-11-02 16:22:07','531f5c089b73403d89c6a3582bbf8f18',0,'创建订单,等待支付'),('242efa63bfe04161bb434c0532736955','2018-11-02 16:27:07','531f5c089b73403d89c6a3582bbf8f18',0,'订单支付时间结束，检查订单未支付成功，处理为支付超时'),('79c77570fdb0421d84802cafe1776498','2018-11-02 16:32:12','e6aa2cb0b99a40c49071887a07333d19',0,'创建订单,等待支付'),('a88dee0cbf184fea869ca09599cf3766','2018-11-02 16:33:08','5683f0ae3dad48d480a9ab0663faf214',0,'创建订单,等待支付'),('aedc5fb33ad6425591ffb637f85a0d1e','2018-11-02 16:37:12','e6aa2cb0b99a40c49071887a07333d19',0,'订单支付时间结束，检查订单未支付成功，处理为支付超时'),('e560b26205bd4a5e94af169d27759194','2018-11-02 16:38:08','5683f0ae3dad48d480a9ab0663faf214',0,'订单支付时间结束，检查订单未支付成功，处理为支付超时'),('87b0294120d34e0b80fd5834935908fb','2018-11-02 16:42:26','59640cb0a4144a02bb8a630b3fe6c523',0,'创建订单,等待支付'),('a800b6f017a64ead9e236a03fd9acbfd','2018-11-02 16:42:40','a0c8f9c3ab76428e80d4565042c81b4f',0,'创建订单,等待支付'),('15634b15c5ea454b95fcbc3c92768493','2018-11-02 16:47:26','59640cb0a4144a02bb8a630b3fe6c523',0,'订单支付时间结束，检查订单未支付成功，处理为支付超时'),('bf5ba8c7870b4b3a84316bc70a07e683','2018-11-02 16:47:40','a0c8f9c3ab76428e80d4565042c81b4f',0,'订单支付时间结束，检查订单未支付成功，处理为支付超时'),('63d1513de3e7497aa16ddfeb6901b746','2018-11-02 16:54:18','aefe77200c2f4ed3b2ac5b2c9fab0eb9',0,'创建订单,等待支付'),('44cb67de92e64773af525b17c1d0d28f','2018-11-02 16:59:18','aefe77200c2f4ed3b2ac5b2c9fab0eb9',0,'订单支付时间结束，检查订单未支付成功，处理为支付超时');

/*Table structure for table `Period` */

DROP TABLE IF EXISTS `Period`;

CREATE TABLE `Period` (
  `ID` char(32) NOT NULL COMMENT '时段',
  `VenueID` varchar(32) NOT NULL COMMENT '场馆ID',
  `FieldID` varchar(32) NOT NULL COMMENT '场地ID',
  PRIMARY KEY (`ID`)
) ENGINE=MyISAM DEFAULT CHARSET=utf8;

/*Data for the table `Period` */

/*Table structure for table `Permission` */

DROP TABLE IF EXISTS `Permission`;

CREATE TABLE `Permission` (
  `ID` varchar(32) NOT NULL COMMENT '权限ID',
  `Title` varchar(100) DEFAULT NULL COMMENT '权限标题',
  `Content` varchar(200) NOT NULL COMMENT '权限内容',
  `Right_type1` int(1) NOT NULL DEFAULT '0' COMMENT '一级权限是否可以访问0=否1=是',
  `Right_type2` int(1) NOT NULL DEFAULT '0' COMMENT '二级权限是否可以访问0=否1=是',
  `Right_type3` int(1) NOT NULL DEFAULT '0' COMMENT '三级权限是否可以访问0=否1=是',
  `Right_type4` int(1) NOT NULL DEFAULT '0' COMMENT '四级权限是否可以访问0=否1=是',
  `Right_type5` int(1) NOT NULL DEFAULT '0' COMMENT '五级权限是否可以访问0=否1=是',
  `Right_type6` int(1) NOT NULL DEFAULT '0' COMMENT '六级权限是否可以访问0=否1=是',
  `Right_type7` int(1) NOT NULL DEFAULT '0' COMMENT '七级权限是否可以访问0=否1=是',
  `Menu_button` int(1) NOT NULL DEFAULT '1' COMMENT '0=一级菜单1=二级菜单2=页面按钮3右键按钮',
  `Menu_title` varchar(100) DEFAULT NULL COMMENT '菜单标题',
  `Menu_Url` varchar(200) DEFAULT NULL COMMENT '菜单Url',
  `Menu_icon` varchar(100) DEFAULT NULL COMMENT '一级菜单图标',
  `Parent_id` varchar(32) DEFAULT NULL COMMENT '父级ID',
  PRIMARY KEY (`ID`)
) ENGINE=MyISAM DEFAULT CHARSET=utf8;

/*Data for the table `Permission` */

insert  into `Permission`(`ID`,`Title`,`Content`,`Right_type1`,`Right_type2`,`Right_type3`,`Right_type4`,`Right_type5`,`Right_type6`,`Right_type7`,`Menu_button`,`Menu_title`,`Menu_Url`,`Menu_icon`,`Parent_id`) values ('1','产品','',1,1,1,1,1,1,1,0,'产品',NULL,'fa fa-thumbs-up fa-fw',NULL),('2','运营','',1,1,1,1,1,1,1,0,'运营',NULL,'fa fa-paper-plane fa-fw',NULL),('3','管理','',1,1,1,1,1,1,1,0,'管理',NULL,'fa fa-users fa-fw',NULL),('4','伙伴','',1,1,1,1,1,1,1,0,'伙伴',NULL,'fa fa-handshake-o fa-fw',NULL),('5','财务','',1,1,1,1,1,1,1,0,'财务',NULL,'fa fa-tasks fa-fw',NULL),('11','约球','',0,0,0,0,0,0,1,1,'约球','/WebBackAPI/admin/inviteBall/listview','selectindex_1','1'),('12','订场','',0,0,0,0,0,0,1,1,'订场','/WebBackAPI/admin/order/listview','selectindex_2','1'),('13','培训','',0,0,0,0,0,0,1,1,'培训','/WebBackAPI/admin/train/listview','selectindex_20','1'),('21','用户','',0,0,0,0,0,0,1,1,'用户','/WebBackAPI/admin/member/listview','selectindex_3','2'),('22','场馆','',0,0,0,0,0,0,1,1,'场馆','/WebBackAPI/admin/venue/listview','selectindex_4','2'),('23','机构','',0,0,0,0,0,0,1,1,'机构','/WebBackAPI/admin/trainTeam/listview','selectindex_21','2'),('31','横幅','',0,0,0,0,0,0,1,1,'横幅','/WebBackAPI/admin/newsBanner/listview','selectindex_6','3'),('32','城市','',0,0,0,0,0,0,1,1,'城市','/WebBackAPI/admin/city/listview','selectindex_7','3'),('33','资讯','',0,0,0,0,0,0,1,1,'资讯','/WebBackAPI/admin/news/listview','selectindex_13','3'),('41','伙伴','',0,0,0,0,0,0,1,1,'伙伴','/WebBackAPI/admin/staff/listview','selectindex_10','4'),('42','ACL','',0,0,0,0,0,0,1,1,'ACL','/WebBackAPI/admin/staff/listview','selectindex_11','4'),('51','对账','',0,0,0,0,0,0,1,1,'对账','/WebBackAPI/admin/amount/listview','selectindex_12','5');

/*Table structure for table `Reserve` */

DROP TABLE IF EXISTS `Reserve`;

CREATE TABLE `Reserve` (
  `ID` char(32) NOT NULL COMMENT '预定(订场)',
  `CreateTime` datetime NOT NULL COMMENT '创建时间',
  `FieldID` varchar(32) NOT NULL COMMENT '场地ID',
  `ReserveTimeFrame` varchar(20) NOT NULL COMMENT '预约时段',
  `ReserveAmount` double(10,2) NOT NULL COMMENT '预约金额',
  `OrderID` varchar(32) NOT NULL COMMENT '所属订单ID',
  PRIMARY KEY (`ID`)
) ENGINE=MyISAM DEFAULT CHARSET=utf8;

/*Data for the table `Reserve` */

insert  into `Reserve`(`ID`,`CreateTime`,`FieldID`,`ReserveTimeFrame`,`ReserveAmount`,`OrderID`) values ('1','2018-08-16 15:08:42','1','19,20',100.00,'1'),('2','2018-08-17 19:07:37','2','20,21',100.00,'1'),('248488b2a06048f695b40a46f61a7975','2018-08-21 20:01:59','1','18,19',100.00,'5eba918187884a54835b2824c8672130'),('3698278e92fb43eb87b5b287966db245','2018-08-29 16:55:14','2','43,44,',100.00,'859a03292df240cb9f50714c4362c18d'),('8f43c852a43d4760b7cb23b07109d37a','2018-08-29 16:51:07','1','38,39,',100.00,'ed8bf045c0554b588907116b8273a306'),('95065fe78e2e4a0d978cc84b3c2af236','2018-08-29 16:25:08','1','32,33,',100.00,'28718db53b0d4360bc30b52d6aed7780'),('5cf0cb7f0439473990f6ac40b3f6065a','2018-08-29 16:20:31','1','43,44,',100.00,'e7714d48145d4f4ab2a8169b7f568ada'),('420dcbac8cb74ad999e20aefb310d615','2018-08-22 09:36:15','1','21,22,',100.00,'cbf86ceec58346e79e6c851a48736989'),('cf3298b4c8404ccfad15f9b216fdc879','2018-08-22 09:36:15','1','33,',50.00,'cbf86ceec58346e79e6c851a48736989'),('b48550f4fc9b4f94bbed762cb8255ea4','2018-08-22 09:36:15','1','35,36,',100.00,'cbf86ceec58346e79e6c851a48736989'),('7b49d4d43ded4a18ac95a8d5a1f539ff','2018-08-22 09:36:15','2','23,24,',100.00,'cbf86ceec58346e79e6c851a48736989'),('949abebf4ee5471db3c2f47943d462f5','2018-08-22 09:36:15','2','35,',50.00,'cbf86ceec58346e79e6c851a48736989'),('aee40e0640ba438ba0b5587ba571ff3c','2018-08-22 09:36:15','2','39,',50.00,'cbf86ceec58346e79e6c851a48736989'),('8561f1fe2b954f98a0d3ee24e98a6d48','2018-08-22 09:37:20','1','21,22,',100.00,'b1f094a911fb44a9af9ed5ec576ab1c2'),('1c8be8f4933d494083a629fe768784b5','2018-08-22 09:37:20','1','33,',50.00,'b1f094a911fb44a9af9ed5ec576ab1c2'),('065834a043f44178934fe25811b3b576','2018-08-22 09:37:20','1','35,36,',100.00,'b1f094a911fb44a9af9ed5ec576ab1c2'),('ac6fddbc9dfd4150b98620ab39341fda','2018-08-22 09:37:20','2','23,24,',100.00,'b1f094a911fb44a9af9ed5ec576ab1c2'),('a3ec517387e6460ca04c5136c913671e','2018-08-22 09:37:20','2','35,',50.00,'b1f094a911fb44a9af9ed5ec576ab1c2'),('32e194474674438f9ff54480ca424e96','2018-08-22 09:37:20','2','39,',50.00,'b1f094a911fb44a9af9ed5ec576ab1c2'),('89ace6a6bb98406b8a236736fe31e0dd','2018-08-22 09:38:18','1','21,22,',100.00,'aca4119a0aea47dfa874cb509b47b0cf'),('b0f8b624ea5841498c66c26ba81a8646','2018-08-22 09:38:18','1','33,',50.00,'aca4119a0aea47dfa874cb509b47b0cf'),('12d1c046b6214427b74de4921a0c42fc','2018-08-22 09:38:18','1','35,36,',100.00,'aca4119a0aea47dfa874cb509b47b0cf'),('0e135f3426d949e197c3dc8abf4fb017','2018-08-22 09:38:18','2','23,24,',100.00,'aca4119a0aea47dfa874cb509b47b0cf'),('b69580933f084dfca325b09e49163475','2018-08-22 09:38:18','2','35,',50.00,'aca4119a0aea47dfa874cb509b47b0cf'),('777e593acc2d4c2f82e59a1f135eb207','2018-08-22 09:38:18','2','39,',50.00,'aca4119a0aea47dfa874cb509b47b0cf'),('8af8f05481f742358732be600d2dd73b','2018-08-22 09:41:05','1','21,22,',100.00,'b951757eb1a84c5e8057a924e8eb6181'),('54f450e0e8f04666bb023ffbd63cd46d','2018-08-22 09:41:05','1','33,',50.00,'b951757eb1a84c5e8057a924e8eb6181'),('1d49c13361044683bf2fb3ba92ef4ef9','2018-08-22 09:41:05','1','35,36,',100.00,'b951757eb1a84c5e8057a924e8eb6181'),('76e8a60163d54ccfae72c22cf052e667','2018-08-22 09:41:05','2','23,24,',100.00,'b951757eb1a84c5e8057a924e8eb6181'),('cc382b751d4e426ca2821a9c176710d5','2018-08-22 09:41:05','2','35,',50.00,'b951757eb1a84c5e8057a924e8eb6181'),('dd908aa22d7f4305af70b8f55d8c5276','2018-08-22 09:41:05','2','39,',50.00,'b951757eb1a84c5e8057a924e8eb6181'),('2a092f10697548c6be8f5cac60aca57c','2018-08-22 09:41:36','1','21,22,',100.00,'45f4be8a027e4e6093c5f3958f393f11'),('a90d1d25cd064e68b317f3318e47abba','2018-08-22 09:41:36','1','33,',50.00,'45f4be8a027e4e6093c5f3958f393f11'),('aff6beb9e13e4b5b966d529e3f12e2df','2018-08-22 09:41:36','1','35,36,',100.00,'45f4be8a027e4e6093c5f3958f393f11'),('56ef1985a6bf400280bfcd734ade387c','2018-08-22 09:41:37','2','23,24,',100.00,'45f4be8a027e4e6093c5f3958f393f11'),('f43ed0ed1de34ebc918d4b35fced32a4','2018-08-22 09:41:37','2','35,',50.00,'45f4be8a027e4e6093c5f3958f393f11'),('e346a8a6f2a9412d9ef115d7bb19ab50','2018-08-22 09:41:37','2','39,',50.00,'45f4be8a027e4e6093c5f3958f393f11'),('f2aa84337a014f71bd1baa7a4dfc2f81','2018-08-22 09:45:33','1','21,22,',100.00,'59d4f2cfab134606945e39b0b15b578a'),('c84b376cd28c4d788b71c912e388acb7','2018-08-22 09:45:33','1','33,',50.00,'59d4f2cfab134606945e39b0b15b578a'),('ae165a7e1a16471ba7ae9fefe7119997','2018-08-22 09:45:33','1','35,36,',100.00,'59d4f2cfab134606945e39b0b15b578a'),('c4c8db7737a34bdd9bfbc45a85a58553','2018-08-22 09:45:33','2','23,24,',100.00,'59d4f2cfab134606945e39b0b15b578a'),('6af250a20ecd4487b94590a5ad375ee3','2018-08-22 09:45:33','2','35,',50.00,'59d4f2cfab134606945e39b0b15b578a'),('821a421d1ad64a4e928944879e935fe7','2018-08-22 09:45:33','2','39,',50.00,'59d4f2cfab134606945e39b0b15b578a'),('d6b11b4df14f4777b990e8d1a1acc64f','2018-08-22 09:47:24','1','21,22,',100.00,'d972f1a3557043b2bf87a6a120fdf743'),('cf01300e0f78412a8b2b69da44cf8307','2018-08-22 09:47:24','1','33,',50.00,'d972f1a3557043b2bf87a6a120fdf743'),('8091f4046e27400ea9da51ead81f69fb','2018-08-22 09:47:25','1','35,',50.00,'d972f1a3557043b2bf87a6a120fdf743'),('73d5f0e21803436d921b64837f788a11','2018-08-22 09:47:25','2','23,24,',100.00,'d972f1a3557043b2bf87a6a120fdf743'),('c6005582ddcc4bf6a3b8d1339b34b9d6','2018-08-22 09:47:25','2','35,',50.00,'d972f1a3557043b2bf87a6a120fdf743'),('1bbcf1c872e44dfe8fc95739eb5fafec','2018-08-22 09:49:37','1','21,22,',100.00,'a07012c3a04a408d85de2c7e89c9e4b8'),('b572ebe7af9b4ab8ae13737c3b4ad290','2018-08-22 09:49:37','1','33,',50.00,'a07012c3a04a408d85de2c7e89c9e4b8'),('ace281b4437945659cba8634223e70ba','2018-08-22 09:49:37','1','35,',50.00,'a07012c3a04a408d85de2c7e89c9e4b8'),('ca728194d47b4a7fa8d0ce747c7e398d','2018-08-22 09:49:37','2','23,24,',100.00,'a07012c3a04a408d85de2c7e89c9e4b8'),('85ddc1c998774152a686ae04002645bc','2018-08-22 09:49:37','2','35,',50.00,'a07012c3a04a408d85de2c7e89c9e4b8'),('a8f6a4d6834b4d469b98dcdf2cf1fa7a','2018-08-22 09:50:49','1','21,22,',100.00,'efb57e33403f45f38fdfa7397e0ab67e'),('1f8263c5c1934381a8523e216645be86','2018-08-22 09:50:49','1','33,',50.00,'efb57e33403f45f38fdfa7397e0ab67e'),('042582ab72e942f5add73262364c016f','2018-08-22 09:50:49','1','35,',50.00,'efb57e33403f45f38fdfa7397e0ab67e'),('88972c200e8941b480b9b2edbbe617b5','2018-08-22 09:50:49','2','23,24,',100.00,'efb57e33403f45f38fdfa7397e0ab67e'),('ff441bc20fc24a43a8eaa9dbad2a0f5b','2018-08-22 09:50:49','2','35,',50.00,'efb57e33403f45f38fdfa7397e0ab67e'),('7625f0c5344944ba9578a230d1f61a2c','2018-08-22 10:03:00','1','21,22,',100.00,'25f1b7bb200c45f5858ffa404be8920d'),('8e49c7cec5ab4717bbb995c5ffac7e3f','2018-08-22 10:03:00','1','33,',50.00,'25f1b7bb200c45f5858ffa404be8920d'),('78a11a2be9e94671b59a6d5bc0c92c86','2018-08-22 10:03:00','1','35,',50.00,'25f1b7bb200c45f5858ffa404be8920d'),('31ae5b6279964d6c9720315d4936cf20','2018-08-22 10:03:00','2','23,24,',100.00,'25f1b7bb200c45f5858ffa404be8920d'),('08dc9ea491b846fa81f74577b0a7d9d8','2018-08-22 10:03:00','2','35,',50.00,'25f1b7bb200c45f5858ffa404be8920d'),('97ebeaf3ed4946bbb11b35e2bbbb5122','2018-08-22 10:05:05','1','21,22,',100.00,'a78048e9c1f447cb9018dd075ff15f77'),('3964b5461747412aae71157578561517','2018-08-22 10:05:05','1','33,',50.00,'a78048e9c1f447cb9018dd075ff15f77'),('2f5ef3aa2b844188956d26e821c02237','2018-08-22 10:05:05','1','35,',50.00,'a78048e9c1f447cb9018dd075ff15f77'),('0147f4a9229c45b28cf3df1cd3fa8389','2018-08-22 10:05:05','2','23,24,',100.00,'a78048e9c1f447cb9018dd075ff15f77'),('cc9e70e037b540bda4a787834957fb3e','2018-08-22 10:05:05','2','35,',50.00,'a78048e9c1f447cb9018dd075ff15f77'),('e0abb862edb44c6498d645f4f8bd4985','2018-08-22 10:21:04','1','21,22,',100.00,'af4cdd9b49b44fa58dc1e4cfbf83b40b'),('080776e04d3f46e29e710de0bcff2603','2018-08-22 10:21:04','1','33,',50.00,'af4cdd9b49b44fa58dc1e4cfbf83b40b'),('413b22f50a8246899e714b3ab2d406a1','2018-08-22 10:21:04','1','35,',50.00,'af4cdd9b49b44fa58dc1e4cfbf83b40b'),('9417c6d3a6fd4ca6a8219bcc833455cb','2018-08-22 10:21:04','2','23,24,',100.00,'af4cdd9b49b44fa58dc1e4cfbf83b40b'),('0ada673086f8404a9c35987fb71f5980','2018-08-22 10:21:04','2','35,',50.00,'af4cdd9b49b44fa58dc1e4cfbf83b40b'),('700165178f9f4292bbfabf4b244451e2','2018-08-22 10:21:16','1','21,22,',100.00,'cd1bf31a0aca4e50ba55c05b5c089d2c'),('2866528df9fe4cf19f1eae16adcf38fd','2018-08-22 10:21:16','1','33,',50.00,'cd1bf31a0aca4e50ba55c05b5c089d2c'),('2fcaa09733034d4087c02bc2435aea0a','2018-08-22 10:21:16','1','35,',50.00,'cd1bf31a0aca4e50ba55c05b5c089d2c'),('9161d030de1c4216b74268c210e19c2c','2018-08-22 10:21:16','2','23,24,',100.00,'cd1bf31a0aca4e50ba55c05b5c089d2c'),('8efe8825dd044e66b11a073bbcf680c3','2018-08-22 10:21:16','2','35,',50.00,'cd1bf31a0aca4e50ba55c05b5c089d2c'),('0b309cab9d5a442baee9746ce8bf173c','2018-08-24 15:32:26','1','21,22,',100.00,'8175d871324149ccb23e59d709de8ea1'),('648cbd349fc54fc2a2c541a150b29d9d','2018-08-24 15:32:26','1','33,',50.00,'8175d871324149ccb23e59d709de8ea1'),('8632fdb84016460fb5a256207745ed43','2018-08-24 15:32:26','1','35,',50.00,'8175d871324149ccb23e59d709de8ea1'),('74ab0476dd5d4fe099a6e817770e897e','2018-08-24 15:32:26','2','23,24,',100.00,'8175d871324149ccb23e59d709de8ea1'),('de93b34de8244acd9c5dde84dede19fa','2018-08-24 15:32:26','2','35,',50.00,'8175d871324149ccb23e59d709de8ea1'),('8a645331544747de99604011fbef675c','2018-08-24 15:32:31','1','21,22,',100.00,'8296c13c63e04e7785ee81fbfd49d53e'),('e196569a0a8f42b4ad122cb9c4fb651f','2018-08-24 15:32:31','1','33,',50.00,'8296c13c63e04e7785ee81fbfd49d53e'),('080a102d593e49f7981cb86540536a8d','2018-08-24 15:32:31','1','35,',50.00,'8296c13c63e04e7785ee81fbfd49d53e'),('5b2c610ab6424550852de6ef743059ab','2018-08-24 15:32:31','2','23,24,',100.00,'8296c13c63e04e7785ee81fbfd49d53e'),('d60684dcd98e4d0aacc9c1ac3b95f369','2018-08-24 15:32:31','2','35,',50.00,'8296c13c63e04e7785ee81fbfd49d53e'),('da3f27f0ff4a4ebeacd49634acb5c4d6','2018-08-24 15:57:54','1','20,',50.00,'575bd74d4d8147c5bb72b6006a5cd770'),('3348b9ce6c674c38a42498041c0ddc6a','2018-08-24 15:57:54','1','24,',50.00,'575bd74d4d8147c5bb72b6006a5cd770'),('b11df443886c49e085a7e7155264f94d','2018-08-24 15:57:54','2','19,',50.00,'575bd74d4d8147c5bb72b6006a5cd770'),('c8c65719df6e470b8141928051ea78e9','2018-08-24 15:57:54','2','22,',50.00,'575bd74d4d8147c5bb72b6006a5cd770'),('fe5747686d69467f985b4487c1f83714','2018-08-24 15:58:27','1','20,',50.00,'17b3bd43f1d04c85a1a085cc71bbb404'),('78ce9dc4c66d46e3bd5a02ee04fc88e4','2018-08-24 15:58:27','1','24,',50.00,'17b3bd43f1d04c85a1a085cc71bbb404'),('0d691963e99d4ca2a0b83a8c20c1c27f','2018-08-24 15:58:27','2','19,',50.00,'17b3bd43f1d04c85a1a085cc71bbb404'),('eb1a0ced4e664c3b8b9845dae3c60474','2018-08-24 15:58:27','2','22,',50.00,'17b3bd43f1d04c85a1a085cc71bbb404'),('7e4c476c09fc428f9babe984efa1369e','2018-08-24 16:19:15','1','20,',50.00,'31f44137869948ecb7e3367d4ece7ae2'),('2e96aae3ba204a49b512a1ab87d8df72','2018-08-24 16:19:15','1','24,',50.00,'31f44137869948ecb7e3367d4ece7ae2'),('5fb43143be754645aeedbd862396c8ab','2018-08-24 16:19:15','2','19,',50.00,'31f44137869948ecb7e3367d4ece7ae2'),('4c84cb2844104b549d1507a402469979','2018-08-24 16:19:15','2','22,',50.00,'31f44137869948ecb7e3367d4ece7ae2'),('16622cc86f0d41cf97a4759706484c18','2018-08-24 16:19:47','1','20,',50.00,'ea9bd722d5cf49c99e0524703563d738'),('24b243138bd04ee39a581d6fe3eef2b5','2018-08-24 16:19:47','1','24,',50.00,'ea9bd722d5cf49c99e0524703563d738'),('65f4e69281324a02b5a142e3f17d1c24','2018-08-24 16:19:47','2','19,',50.00,'ea9bd722d5cf49c99e0524703563d738'),('c605b4dbef6141efb756b114cc33c143','2018-08-24 16:19:47','2','22,',50.00,'ea9bd722d5cf49c99e0524703563d738'),('a04db87399e345b2a29d255181344a1b','2018-08-24 16:19:56','1','20,',50.00,'087aafe15c744e7eb4cb74a542f34a1e'),('a7d82177881f443ca6ab6050a1fe0930','2018-08-24 16:19:56','1','24,',50.00,'087aafe15c744e7eb4cb74a542f34a1e'),('7a39b098c07d41718b8590b5df24118f','2018-08-24 16:19:56','2','19,',50.00,'087aafe15c744e7eb4cb74a542f34a1e'),('7500f5603fb9412690af6480fd9c6f51','2018-08-24 16:19:56','2','22,',50.00,'087aafe15c744e7eb4cb74a542f34a1e'),('b0b381a0837944789d24601e387b02bb','2018-08-24 16:51:00','1','23,24,',100.00,'411a094d19da49709e62aff43fdaa8d3'),('7044225f0d8141b48b27dcd406402f0c','2018-08-24 16:51:00','2','19,20,',100.00,'411a094d19da49709e62aff43fdaa8d3'),('9a51480d325141bea0cab63f21dfba15','2018-08-24 16:51:23','1','21,22,',100.00,'4d36560c0b174c4fb7024fefc8bf8540'),('028ff3da3b164e9780a383b9d5e91abb','2018-08-24 16:51:23','1','33,',50.00,'4d36560c0b174c4fb7024fefc8bf8540'),('a9101b732c7c43158b6da759535afcf0','2018-08-24 16:51:23','1','35,',50.00,'4d36560c0b174c4fb7024fefc8bf8540'),('99561354c71e41c088dc04304a5bafe9','2018-08-24 16:51:23','2','23,24,',100.00,'4d36560c0b174c4fb7024fefc8bf8540'),('2426501b6c484043922e13cb47ab3dd1','2018-08-24 16:51:23','2','35,',50.00,'4d36560c0b174c4fb7024fefc8bf8540'),('cb741418498c4870ac26e19614ebbf60','2018-08-24 16:52:56','1','23,24,',100.00,'248944c36675491a8a4c7749a90ea5b2'),('0b2fa1ade77242728982670e6c8ac0a0','2018-08-24 16:52:56','2','19,20,',100.00,'248944c36675491a8a4c7749a90ea5b2'),('55c08bf0caa4438583391ac61425aa4c','2018-08-24 17:18:43','1','23,24,',100.00,'99d3ebb282c24760b4042f4726af4734'),('f1df67eb394e46488211758f39b9b54d','2018-08-24 17:18:43','2','19,20,',100.00,'99d3ebb282c24760b4042f4726af4734'),('948b7afbd0974111b6f2feeb7cacd6c0','2018-08-24 17:19:56','1','23,24,',100.00,'58a55ed7b3f843859f9c36f7683b5f57'),('499c345e3d604e85b8cf90c524fb15e1','2018-08-24 17:19:56','2','19,20,',100.00,'58a55ed7b3f843859f9c36f7683b5f57'),('54609be5d22745b9b8581026d31e3940','2018-08-24 17:20:55','1','23,24,',100.00,'47fb6d7d09214cc394a00d3d11a045f8'),('6d1c028a1ffe4ed0b759d8a0c7f30c26','2018-08-24 17:20:55','2','19,20,',100.00,'47fb6d7d09214cc394a00d3d11a045f8'),('8ef8519b36374d969c137ec1311e8edf','2018-08-24 17:21:54','1','23,24,',100.00,'73bc2cc266904c86a8923f1e376ce82e'),('540323bc39ff4795bbe259ef17bf94dc','2018-08-24 17:21:54','2','19,20,',100.00,'73bc2cc266904c86a8923f1e376ce82e'),('b5e0ce0f04ea457289ee9feb816f00c6','2018-08-24 17:22:12','1','23,24,',100.00,'7565e0ff4ba1400eadf51fe293eefcae'),('91b5334f26634c8f801fb86f26b75ab3','2018-08-24 17:22:12','2','19,20,',100.00,'7565e0ff4ba1400eadf51fe293eefcae'),('70739051a5f4499e98c10ba98d4cac5c','2018-08-24 17:23:42','1','23,24,',100.00,'c98b26c3c76f409a9356c0c70e75dc74'),('1a05d67af4f84f52889648985e4668a3','2018-08-24 17:23:42','2','19,20,',100.00,'c98b26c3c76f409a9356c0c70e75dc74'),('e2ae28f3d692438b8d7d7f3f0dcc2b2e','2018-08-24 17:24:18','1','23,24,',100.00,'a0041520f8aa4567af7d8be2034b45dd'),('f8635cce82294769ad94546337e6109a','2018-08-24 17:24:18','2','19,20,',100.00,'a0041520f8aa4567af7d8be2034b45dd'),('7c863382c3374a0183d8c4959f680271','2018-08-24 17:25:37','1','23,24,',100.00,'e37423c6ad2f4a0088110131942aa105'),('739137fdff0e46e4904ad9bac7e2a51a','2018-08-24 17:25:37','2','19,20,',100.00,'e37423c6ad2f4a0088110131942aa105'),('ba315d32d44048748c6f14522298a77c','2018-08-24 17:26:21','1','23,24,',100.00,'6cfe7458cdb84bfb9b0f50d60f09ae13'),('990bc65fc0c54470b9c0bf70ce0a7f42','2018-08-24 17:26:21','2','19,20,',100.00,'6cfe7458cdb84bfb9b0f50d60f09ae13'),('c7402bf1634d44d0b3d8a661ac27a1aa','2018-08-24 17:40:42','1','23,24,',100.00,'fabf26a14c3b494d9e4caaef5d900ac9'),('4120319a2aad4df3a865947ec9f286c9','2018-08-24 17:40:42','2','19,20,',100.00,'fabf26a14c3b494d9e4caaef5d900ac9'),('cccd82018bed46e78deb7e2ceb08562d','2018-08-24 17:41:38','1','21,22,',100.00,'8dab862b8aa44a71bfe8346ecaf3ebe2'),('1fe290c211df4b279d24ae59e8e518c9','2018-08-24 17:41:38','1','33,',50.00,'8dab862b8aa44a71bfe8346ecaf3ebe2'),('a9ae4fc8216c48f6990281614eb2d52d','2018-08-24 17:41:38','1','35,',50.00,'8dab862b8aa44a71bfe8346ecaf3ebe2'),('f6d9b629732642acaf6a46fe36b6a8ff','2018-08-24 17:41:38','2','23,24,',100.00,'8dab862b8aa44a71bfe8346ecaf3ebe2'),('35176319a5b74082922907efa30f0562','2018-08-24 17:41:38','2','35,',50.00,'8dab862b8aa44a71bfe8346ecaf3ebe2'),('3732082b09d046019a3aeedde48286d6','2018-08-27 17:02:15','1','21,22,',100.00,'80efae6e34794f9f8a4d7b52362d8a1c'),('8181aa65d0644d7c8afe84853dae96ce','2018-08-27 17:02:15','1','33,',50.00,'80efae6e34794f9f8a4d7b52362d8a1c'),('b3c491ed71374b8db818150865a83f55','2018-08-27 17:02:15','1','35,',50.00,'80efae6e34794f9f8a4d7b52362d8a1c'),('b17cf15ff7244483b6ac91241b111a3b','2018-08-27 17:02:15','2','23,24,',100.00,'80efae6e34794f9f8a4d7b52362d8a1c'),('aff0e629f91844dcb05e4cd93014ff6e','2018-08-27 17:02:15','2','35,',50.00,'80efae6e34794f9f8a4d7b52362d8a1c'),('d978008836d144208549aec2c841d410','2018-08-27 17:02:51','1','21,22,',100.00,'354a895198c5405dbaf2116fa4875abf'),('5a373a4f3fb74b7e98c25988701225d2','2018-08-27 17:02:51','1','33,',50.00,'354a895198c5405dbaf2116fa4875abf'),('839eac72fe0e4a229e0a8f86064c7b20','2018-08-27 17:02:51','1','35,',50.00,'354a895198c5405dbaf2116fa4875abf'),('7757b8d60be745ccb4e866bfae8f3f7e','2018-08-27 17:02:51','2','23,24,',100.00,'354a895198c5405dbaf2116fa4875abf'),('7de2c0796cdc49b4b2adfd1992e32f57','2018-08-27 17:02:51','2','35,',50.00,'354a895198c5405dbaf2116fa4875abf'),('86758c77538b4f01890a0409f231fc5e','2018-08-27 17:04:07','1','21,22,',100.00,'8c91b9639b0c4e0ead09315232654c33'),('517f2388eca8459bbc56fc950f81b55b','2018-08-27 17:04:07','1','33,',50.00,'8c91b9639b0c4e0ead09315232654c33'),('28b04bfd9d5649fd8b80fd0b1a59f393','2018-08-27 17:04:07','1','35,',50.00,'8c91b9639b0c4e0ead09315232654c33'),('9d2f90efe6a748c4a32c571c0efc42c3','2018-08-27 17:04:07','2','23,24,',100.00,'8c91b9639b0c4e0ead09315232654c33'),('7739b8f24a814740bb98bc029d8019f9','2018-08-27 17:04:07','2','35,',50.00,'8c91b9639b0c4e0ead09315232654c33'),('ac212e5978d9499a9d33d77edb2d85b8','2018-08-27 17:07:46','1','21,22,',100.00,'350f6a363ede4c21abe3a531e69bde8a'),('15b940cf34384d9a9794572a15ae97a7','2018-08-27 17:07:46','1','33,',50.00,'350f6a363ede4c21abe3a531e69bde8a'),('53c693aa79274631acc150e3ed54e52a','2018-08-27 17:07:46','1','35,',50.00,'350f6a363ede4c21abe3a531e69bde8a'),('3deaa870213646fd9013303d1bb6ddfc','2018-08-27 17:07:46','2','23,24,',100.00,'350f6a363ede4c21abe3a531e69bde8a'),('c57a2e4ac730487e94713c0e6836bc45','2018-08-27 17:07:46','2','35,',50.00,'350f6a363ede4c21abe3a531e69bde8a'),('2719b30de49548cf95a33163823fd192','2018-08-27 17:11:04','1','21,22,',100.00,'9e1e9fbcb3ba43558977e2b5f0858b85'),('e5023178327446cd8ba390dda9cb596f','2018-08-27 17:11:04','1','33,',50.00,'9e1e9fbcb3ba43558977e2b5f0858b85'),('2668560391094e7a9f792319af4e4cd3','2018-08-27 17:11:04','1','35,',50.00,'9e1e9fbcb3ba43558977e2b5f0858b85'),('c0133c7b7181429bb920f1e086bfa3d6','2018-08-27 17:11:04','2','23,24,',100.00,'9e1e9fbcb3ba43558977e2b5f0858b85'),('ed22679008eb4a5784e5e49d771bb261','2018-08-27 17:11:04','2','35,',50.00,'9e1e9fbcb3ba43558977e2b5f0858b85'),('388b018ae8d14261ad4540f6dd285eef','2018-08-27 17:11:44','1','21,22,',100.00,'317bb7cbcc584046af8869a1772969b3'),('5e3ee254555a49abb428662850635e70','2018-08-27 17:11:44','1','33,',50.00,'317bb7cbcc584046af8869a1772969b3'),('7f01f2dc6cdd4b1382a031a11c686e17','2018-08-27 17:11:44','1','35,',50.00,'317bb7cbcc584046af8869a1772969b3'),('e6de5ae66dd74b16ac7cda9c08afde08','2018-08-27 17:11:44','2','23,24,',100.00,'317bb7cbcc584046af8869a1772969b3'),('04dfe6b94d074a54b02f7d9d07d655b0','2018-08-27 17:11:44','2','35,',50.00,'317bb7cbcc584046af8869a1772969b3'),('269f67e2db4e4f6383054d3c3ce33d15','2018-08-27 17:15:42','1','21,22,',100.00,'866a8cf8703a41ef9d0cd72438efe83a'),('e17587a06f0c4222ae37916ddea28c8b','2018-08-27 17:15:42','1','33,',50.00,'866a8cf8703a41ef9d0cd72438efe83a'),('c521a37a7af24afeb3ee4c1e5446f628','2018-08-27 17:15:42','1','35,',50.00,'866a8cf8703a41ef9d0cd72438efe83a'),('c382f9b2a2524e50bd527e1d80e88341','2018-08-27 17:15:42','2','23,24,',100.00,'866a8cf8703a41ef9d0cd72438efe83a'),('e956bb2d72a44f6cbd15ac6e4f526ffc','2018-08-27 17:15:42','2','35,',50.00,'866a8cf8703a41ef9d0cd72438efe83a'),('b9bd80985e334bee851eee47b3ea4844','2018-08-27 17:55:05','1','21,22,',100.00,'b2138eb0315447a493d7391858670abc'),('cef98fee22ba49d1bd06c2a5d01ba1ff','2018-08-27 17:55:05','1','33,',50.00,'b2138eb0315447a493d7391858670abc'),('a3a7caf80b414d429a87b1fa60f600ab','2018-08-27 17:55:05','1','35,',50.00,'b2138eb0315447a493d7391858670abc'),('ac3212f0dcc24794bde354a0ab87a3c2','2018-08-27 17:55:05','2','23,24,',100.00,'b2138eb0315447a493d7391858670abc'),('88e8955f3bff49689225b38164a300fa','2018-08-27 17:55:05','2','35,',50.00,'b2138eb0315447a493d7391858670abc'),('972165e0038d47b5b565f424165230dd','2018-08-27 18:00:44','1','19,20,',100.00,'844d6fd3cb08438eb6b1b16cebfcf313'),('71fe204ab85c4fe0bbacb9b0e45feda4','2018-08-27 18:02:17','2','23,24,',100.00,'efbecb135076453a885d686a173eec8d'),('19bd975d1dc34439a8b91d3d4cb6051c','2018-08-27 18:03:58','1','34,35,',100.00,'915fc9ebe5504da8b1a306f5efca62ba'),('bf0fe8fb6b87462d9a56837e33f98b23','2018-08-27 18:05:05','1','21,22,',100.00,'1bcb5126734d4ff7a327cecc68569246'),('f29b0faa483f46a18e88f2422ee5544b','2018-08-27 18:37:35','2','19,20,',100.00,'d9e9a80d85f4441e98183bea1bf96349'),('cb727c901ce74a2e92f6772edcbc258e','2018-08-27 18:51:34','1','20,21,',100.00,'d515a47d2ddb4479b99d3dcb73416968'),('b1390e4fee36484ebfa2a7bbbc9feadf','2018-08-27 18:52:30','2','21,22,',100.00,'2363355ebe214382a6bb6a01aac88999'),('35d438bfae9e40e9ad233ace403d9107','2018-08-27 19:04:03','2','21,22,',100.00,'3745bffd780146099fc589fdc994229f'),('bd6317225ace40d9891cb8adb245bf1b','2018-08-27 19:11:44','1','17,18,',100.00,'6dc5c65bbc8248cea380c4a05abae535'),('ab2eb64b085349a7a70e4f8b1f38d2e1','2018-08-27 19:14:18','2','19,20,',100.00,'1bc8fd7266e346569f593a64c5cba472'),('1ea07e9a924b4ed2b16d40e2568b1f9c','2018-08-27 19:20:59','2','34,35,',100.00,'e5aadd0ec95b41b7b21e1827519df236'),('26ff3f83634f4d0f8bef3488cd7dd1df','2018-08-27 19:36:42','2','34,35,',100.00,'19d0fe8b5d4a4de781119ff685c1917b'),('188f44ad754946bab62c376326d1026b','2018-08-27 19:38:13','2','19,20,',100.00,'51a22cddf1804120bf85164339e70653'),('bc10413813134ea7add441d8eb000711','2018-08-27 19:49:19','2','43,44,',100.00,'b42e4febcb594acdbf5c0ed41e20800b'),('2bd54488dd824f55a0351f59f80368c9','2018-08-27 19:51:26','2','18,19,',100.00,'e306a7be5f7c4f01a012667ae0146f90'),('4cc9178f79b84e0e87b911d96d807a27','2018-08-28 14:51:26','2','20,21,',100.00,'22d8fe24a18542f3af37b7e086b6b793'),('bd01b3493bfb415c8a896c904cb6a4c3','2018-08-28 14:55:30','1','23,24,',100.00,'c89bca9be91149d7956be679565c1793'),('a1d5e701996f47119f149de63da61a69','2018-08-28 15:02:27','2','18,19,',100.00,'c1a2b281b0994af48205d0f13c7b900e'),('c49afc7c06e44b2d8cc0db808081a849','2018-08-28 15:07:06','1','19,20,',100.00,'de9ca52e51ef49cc8e9d91960aa1ad62'),('4a9bfe392b264f24aa87a75ee30735b8','2018-08-28 15:16:05','1','20,21,',100.00,'4a40c446e6d54e828690b3dbb3fa97c4'),('3332cc39254d4c59b046d3872d494f61','2018-08-28 15:18:24','1','18,19,',100.00,'164d95a0bebd4f1790c8f9a9dfcfa360'),('8c067690d5cc4731bbf2a730a3acebeb','2018-08-28 15:18:24','1','22,23,',100.00,'164d95a0bebd4f1790c8f9a9dfcfa360'),('1fb29de94e4d4cdbaa50767008011a50','2018-08-28 15:19:18','2','44,45,',100.00,'3eb09dfa43e14ed4b7f826dd907896d3'),('91751940841144a88bef73fa7b99764e','2018-08-28 15:22:50','2','44,45,',100.00,'2525f8bd40264bdd8b711bdf6c7ce796'),('de3111872f0a41d8a170cb1ab57cd9aa','2018-08-28 15:23:15','2','18,19,',100.00,'99824b8336fe4ecababfc74c3d7fbebb'),('5f6292a00ade4a6d96a1cf8c2806ecef','2018-08-28 15:27:48','1','20,21,',100.00,'12e7507c35a24977bd7f55e454bef601'),('1e4abbe64bf343429693c8e9e1616644','2018-08-28 16:43:25','1','17,18,',100.00,'4471eb5e5c174397bbfc1529e23384ae'),('81f6b3bbca2e429a9924cf327392b1e6','2018-08-28 16:43:25','2','20,21,',100.00,'4471eb5e5c174397bbfc1529e23384ae'),('b2ccf6afe32640478763e181bab0a4d9','2018-08-28 16:45:39','1','20,21,',100.00,'ff49888ff18746b8a7d9d8a53840c4c5'),('5aa70b1a4d0246729db3ef3b62aeaaf7','2018-08-28 16:45:59','1','20,21,',100.00,'43927997787a4736bb57fb1190e5864e'),('f961225679094137aad48ba1bda2d24f','2018-08-28 16:46:47','1','19,20,',100.00,'47c004a543674f14b4030fd8fe3bfa38'),('c9a3f8084bcc4b629126265670b18bb5','2018-08-28 16:58:12','1','18,19,',100.00,'3b230984ad9f450099fca204dce84447'),('2ee1f323d13e484da74e0595cdcd3577','2018-08-28 17:05:51','1','24,25,',100.00,'3efa689ab4dc418083d61b8070d14a05'),('3217653525ef4d0586830acca79575d8','2018-08-28 17:05:51','2','22,23,',100.00,'3efa689ab4dc418083d61b8070d14a05'),('a03a6345be5f4271b55b498a3aa9729e','2018-08-28 19:02:25','1','21,22,',100.00,'04fa53c37ef744579bfb6124edfe6266'),('ab21ae9386044d3f912c51b241ad543c','2018-08-28 19:02:25','1','21,22,',100.00,'04fa53c37ef744579bfb6124edfe6266'),('a1d2bdae678e4a4189c5c688e33f47c5','2018-08-28 19:11:15','1','18,19,',100.00,'2e66a515ce28400eaee4629bb56fe228'),('816397572bb74cf8b6f61feea4727e2c','2018-08-28 19:11:15','2','20,21,',100.00,'2e66a515ce28400eaee4629bb56fe228'),('3b37a8447a884295a126cbe1c9ac313d','2018-08-28 19:28:21','2','19,20,',100.00,'33b5a0578d3b4d46b4d1a18514492cf1'),('c5099a8a52504045be6e71fe491d6ad5','2018-08-28 19:28:21','2','19,20,',100.00,'33b5a0578d3b4d46b4d1a18514492cf1'),('064ef04d1a0b49c4871cb433fd796f98','2018-08-28 19:29:04','2','21,22,',100.00,'4475a57382304480a3f8d2716a644db4'),('25584b9a01a34e38b1467396fb2b50d8','2018-08-28 19:29:17','1','18,19,',100.00,'43c5c46697a24d43b66ecf382072c277'),('b26c07c278ca4f56a96ad865e4c2692b','2018-08-28 19:29:17','1','18,19,',100.00,'43c5c46697a24d43b66ecf382072c277'),('4b61e42121c84fc4abd636eac018e6cd','2018-08-28 20:29:16','1','19,20,',100.00,'cbba54ca3a764816917f9414b46df5c2'),('c1569f87ecf547ca9c63f4bc42dcedf3','2018-08-28 20:29:16','2','22,23,',100.00,'cbba54ca3a764816917f9414b46df5c2'),('65d7837d67764cecb60f26b04353598f','2018-08-28 21:08:03','2','19,20,',100.00,'b90969de9ad84087865f9c1bc2efe9e0'),('3e6fbd0fbf0d4b968c8d81eb910d34e7','2018-08-29 09:54:42','1','20,21,',100.00,'2e8d7e2144f84ea0b9771822b7cc44a2'),('e7cb662cfd7745978a6159ebb8245b86','2018-08-29 10:54:57','1','20',100.00,'d524273471ef4e8c9bc302b208afd8de'),('9fd553cc90c047ebb7808880b2de4f2a','2018-08-29 10:54:57','2','22',100.00,'d524273471ef4e8c9bc302b208afd8de'),('254aca3551c54178971c31f191d5346f','2018-08-29 10:54:57','1','24',100.00,'d524273471ef4e8c9bc302b208afd8de'),('330654a4c51449dcbb21a75d42089430','2018-08-29 10:54:57','2','26',100.00,'d524273471ef4e8c9bc302b208afd8de'),('3cda2851f5884e679e697122a75aeac0','2018-08-29 11:01:36','1','18,19,',100.00,'dd6d48bbb8e84277aa14586bd3adf7a5'),('11013b3214d6442aa51a7b893e896a0b','2018-08-29 13:58:03','2','29,30,',100.00,'cc5b1e5920474128b5ad2fcabda3b9fd'),('f5ce545aaf3f42f28608128a5cc1b0d7','2018-08-29 14:35:04','1','21,22,',100.00,'d5face227b42483fa3d358c509eb1ed7'),('aefd0c8f721f4164825a1432f691608d','2018-08-29 14:38:33','2','21,22,',100.00,'e77a5ac0c6d04535bc49a8d385e8dd9b'),('f40a61c64dcf4561a10e1ec1f49f8ef4','2018-08-29 14:40:13','1','18,19,',100.00,'96d54b887919407689af39deeb07ce77'),('dbdf4643b52246e9bcaed5e3336444c3','2018-08-29 14:40:13','1','18,19,',100.00,'96d54b887919407689af39deeb07ce77'),('8496c221081547fa8af845c8881f974e','2018-08-29 15:06:02','2','19,20,',100.00,'92207311cb3e4e06bf1c25f87439bfdf'),('09edf82012584e6389a8fb493beb3d60','2018-08-29 15:15:55','2','20,21,',100.00,'b01493d14d3544ea94ce8813c44a6dcb'),('c05dc6cfc9734057af7a24a439ad6a7a','2018-08-29 15:22:38','1','19,20,',100.00,'5c5e12ae4b4b4febbe747587853382a4'),('82cc552de62d4f01ab18feeb5590ca98','2018-08-29 15:39:14','2','18,19,',100.00,'283793149c7f4f05909924dcfc2fb13a'),('faf8de67872d4bfc8a952fe577d50fc5','2018-08-29 16:06:48','2','19,20,',100.00,'22d8690530404f5f8c2ba5fed5ff70ea'),('bcdc82ea5d824a2b89caa91f3e96c9e3','2018-08-29 16:07:37','2','44,45,',100.00,'084fe227bf5a43f896580404da1fc1a2'),('9ced6f0ddbb64367921021efac02a4e9','2018-08-29 16:18:53','2','18,19,',100.00,'9ff0d4d314c64b09835fd684900a1fb7'),('a58c64cb9ad44240a9ec47f529fd7061','2018-08-29 16:56:20','2','29,30,',100.00,'6d6f5136e3da42639656fdbcafe39a04'),('17f70744c0a24f86ba43c8df409f770e','2018-08-29 16:59:38','1','28,29',100.00,'dbe4e35b8e3d4866b6e95b2bcdddb8e6'),('66e5c5fa60da4c6cb1f717de1849aa5e','2018-08-29 17:14:35','2','22,23,',100.00,'c026c74c6acd4cb6ab1783e3a5fcdcd7'),('e6a78d1bd0e24d39b3edde5e70ce0123','2018-08-29 17:15:07','1','24,25,',100.00,'734aab1d5431496daeea4ba86e87bc24'),('2882ea1babe34f83bfea319d8b75cdcf','2018-08-29 17:19:21','1','44,45,',100.00,'75ee26251977419b93af9ed49d96a2c5'),('02aafaeffcfe4492a05e31d90733728f','2018-08-29 17:21:01','2','19,20,',100.00,'f33b461f949d4010bc86d488efb563d0'),('707a5d20d0d642f38a889f766f71b4cf','2018-08-29 17:22:52','1','31,32,',100.00,'2b279c76eeb5410bbd378466305fe4f6'),('42a2c4a6fa2d43c39671b99e48ed205d','2018-08-29 17:24:10','1','37,38,',100.00,'d9d9c29120c44f6190c7be3ce0dadcde'),('928d34c6d4c64977aff67202010fbc2a','2018-08-29 19:02:59','1','44,45,',100.00,'f7528b5639e24abdabf3ce44110885d4'),('80775a1b75244b7d895b83275975c2e9','2018-08-29 20:04:04','2','18,19,',100.00,'e94d970cdedf48f3b83da450df1a611a'),('8793806a148e4494b6454373f021e44e','2018-08-29 20:04:04','2','18,19,',100.00,'e94d970cdedf48f3b83da450df1a611a'),('c5f2166810b4485496d5c088aac3e08d','2018-08-30 16:43:33','2','20,21,',100.00,'f7a8a9cab7914336836be2150f48941f'),('3f1a1ce3c7fe48c5b240d43ecde075a1','2018-08-30 17:00:12','2','21,22,',100.00,'2b6a71d1397b4176afd37e6cf9fa9b38'),('cabe604f236d453994e46bae038a2996','2018-08-30 17:00:12','2','21,22,',100.00,'2b6a71d1397b4176afd37e6cf9fa9b38'),('b634a69f058149ee952f6ca48c20c017','2018-08-30 17:00:12','2','21,22,',100.00,'2b6a71d1397b4176afd37e6cf9fa9b38'),('a3231ff8519448d79039870aaa0b69ff','2018-08-31 12:44:26','2','32,33,',100.00,'3b8fff360d884797a062db90781c13d4'),('0d64b1a66d51411586ac730d1c4b931c','2018-08-31 12:44:28','2','32,33,',100.00,'7be6b85c297c46978ee0a3c5c7cc3608'),('3e2781e4f32b4574830817e27f3a22b4','2018-08-31 12:44:30','2','32,33,',100.00,'8dea33c3cc564da8a10fa55487e92563'),('79be94ec5f154e57b9efe12790a515f1','2018-08-31 12:45:14','2','32,33,',100.00,'1e3262ed9fad47e9850bee3dd21109da'),('a7fe2656c4764f5fbf97f3c8a4859b33','2018-08-31 12:45:17','2','32,33,',100.00,'4b7756931d274ea6991ed48520acfbfa'),('70424d1511664e51aab46a752a2bc977','2018-08-31 12:45:47','2','31,32,',100.00,'3da2824752784607ba555b9f0cb0b722'),('dfa99c594679432fa4196a17370626d0','2018-08-31 13:55:11','2','34,35,',100.00,'dceb63b8e32849d3aaae5530a09bc06b'),('1fa4636b6228437bba85bdabdaf34541','2018-09-04 13:59:23','2','31,32,',100.00,'6b60585498a84b66b6ee59b9bd995992'),('20379492ae4e43f7a713d774ade095f7','2018-09-04 14:01:33','2','31,32,',100.00,'1e81410a70dc40598dc0cc2e1668c04e'),('b8317b40d10a42bdb92e00ac7212acd5','2018-09-04 14:04:57','2','30,31,',100.00,'9367e75845154202906fbfe10ffd8e1a'),('df5a2a0a61dd48e5ae6649f1f745ee72','2018-09-04 14:04:59','2','30,31,',100.00,'c8b12ce94b944882b4b40215a6bf0193'),('2be42d0242474570b53993ceef0217bd','2018-09-04 14:05:35','1','21,22,',100.00,'6317dfd187ef4ee5aa453ffd0ba95bf1'),('93215552138146fe85b4947f0bd8abac','2018-09-04 14:05:35','1','33,',50.00,'6317dfd187ef4ee5aa453ffd0ba95bf1'),('d0e52ca774f642cca0295a5472fb0aca','2018-09-04 14:05:35','1','35,',50.00,'6317dfd187ef4ee5aa453ffd0ba95bf1'),('b2dc8122369d4746a80b43dbe95e7c04','2018-09-04 14:05:35','2','23,24,',100.00,'6317dfd187ef4ee5aa453ffd0ba95bf1'),('23e375591b684d93a9019e871263ad17','2018-09-04 14:05:35','2','35,',50.00,'6317dfd187ef4ee5aa453ffd0ba95bf1'),('93215552138146fe85b4947f0bd8aba1','2018-09-04 20:39:25','1','17,18,',100.00,'2b6a71d1397b4176afd37e6cf9fa9b39'),('','0000-00-00 00:00:00','1','19,20,',0.00,'2b6a71d1397b4176afd37e6cf9fa9b40'),('1917619e325e4817bda8ce57b88c9363','2018-09-05 13:58:40','2','29,30,',100.00,'72cee38caede4877bdff5a7f20198d7b'),('9690f43e6e8042ba96e79f3e60b92fc5','2018-09-05 13:58:52','2','29,30,',100.00,'f45d8724f43f46ac8b10bdb542340086'),('23eede022a6c4ddbac510148afbff3d4','2018-09-05 14:01:13','1','21,22,',100.00,'30c8777527d240dba4b6516bb20b396d'),('ae3b67f6f21643109a9e5569f42ee351','2018-09-05 14:01:13','1','33,',50.00,'30c8777527d240dba4b6516bb20b396d'),('d95599bf08cb45c1baa35bfd94f07ed5','2018-09-05 14:01:13','1','35,',50.00,'30c8777527d240dba4b6516bb20b396d'),('841874ecfe9743e6a01d68110a743f18','2018-09-05 14:01:13','2','23,24,',100.00,'30c8777527d240dba4b6516bb20b396d'),('3017ecd22a074bedaedd0e53e660ae07','2018-09-05 14:01:13','2','35,',50.00,'30c8777527d240dba4b6516bb20b396d'),('69700f6f3d794444b8288b9d1f8e1c87','2018-09-05 14:08:35','2','45,46,',100.00,'f9a51449fb144d7eb498c5a8f583a538'),('5e7ba924558f4d3c99cf493fcb3212f0','2018-09-05 14:08:37','2','45,46,',100.00,'3c60357ca1e1447390733bdfee5cd3df'),('274aed94ee1741e6b0f85b94b301fe66','2018-09-05 14:08:39','2','45,46,',100.00,'cfbc141e28ee4e68bb09d87107beb8c6'),('790508e1dc774e2f8867fe76a02ffcb0','2018-09-05 14:08:39','2','45,46,',100.00,'57bf322bd1c74d5e91f47f6d3fade7ea'),('47bc36630493472f91fba3e159240507','2018-09-05 14:08:40','2','45,46,',100.00,'c949a871d8eb44b9915660b0717f6cdb'),('7c9afa66c0964a489950c3cac3f730e5','2018-09-05 14:08:43','2','45,46,',100.00,'f9dc6010bc6a4a6eb1d07425c122f914'),('594477b6b0b9497eabd48c73092771f9','2018-09-05 14:09:03','1','21,22,',100.00,'880a48e088204b1e9d9430c638736261'),('09381ec70c50469c88191e49d51ef8e0','2018-09-05 14:09:03','1','33,',50.00,'880a48e088204b1e9d9430c638736261'),('58809a1d003b49c3bd7bb22ad9ec1f59','2018-09-05 14:09:03','1','35,',50.00,'880a48e088204b1e9d9430c638736261'),('292f64b7acc2471f984ccf2df391f2a9','2018-09-05 14:09:03','2','23,24,',100.00,'880a48e088204b1e9d9430c638736261'),('ab882cabe68644209cd077908544840a','2018-09-05 14:09:03','2','35,',50.00,'880a48e088204b1e9d9430c638736261'),('aa3eaa58b1364e3caa49adf98a3c9ab3','2018-09-05 14:10:38','1','21,22,',100.00,'fb69840f05b744f19bcf5ac8d32ee270'),('86f5a1eaf408467ca5c04523955540bf','2018-09-05 14:10:38','1','33,',50.00,'fb69840f05b744f19bcf5ac8d32ee270'),('1aeae2ea54ff47bcb2a635553aa891ea','2018-09-05 14:10:38','1','35,',50.00,'fb69840f05b744f19bcf5ac8d32ee270'),('b05d62ddef784f96bb6f90c52e441dff','2018-09-05 14:10:38','2','23,24,',100.00,'fb69840f05b744f19bcf5ac8d32ee270'),('d5d7ccf2c36c4999b203d3eae3c95d31','2018-09-05 14:10:38','2','35,',50.00,'fb69840f05b744f19bcf5ac8d32ee270'),('bcbfb21d97874357814a79550e235fb5','2018-09-05 14:12:09','1','21,22,',100.00,'5db77be0ee8f4855beac91fab20b560b'),('b67b0087614d448d93578a9c59cc4135','2018-09-05 14:12:09','1','33,',50.00,'5db77be0ee8f4855beac91fab20b560b'),('b0db032e73ef4657bb422ad6580747a2','2018-09-05 14:12:09','1','35,',50.00,'5db77be0ee8f4855beac91fab20b560b'),('19a8cec62f5f408eac5f491a272ab660','2018-09-05 14:12:09','2','23,24,',100.00,'5db77be0ee8f4855beac91fab20b560b'),('c48dd076688746ee860b68892446ee88','2018-09-05 14:12:09','2','35,',50.00,'5db77be0ee8f4855beac91fab20b560b'),('3d90df515e714ae3b58e7f85d9da1e4a','2018-09-05 14:12:47','2','29,30,',100.00,'11670f0d44a34bd58c7397481859eda0'),('d9da7fac4b414f3888856221b21fb994','2018-09-05 14:23:15','1','21,22,',100.00,'0b53ca688b5348099cb655a23ab77a2f'),('f728c914512e43eeac1416aa127be175','2018-09-05 14:23:15','1','33,',50.00,'0b53ca688b5348099cb655a23ab77a2f'),('f05b90c1c1ee4acfbc1d773db75f0cc8','2018-09-05 14:23:15','1','35,',50.00,'0b53ca688b5348099cb655a23ab77a2f'),('675b3a7ec83e468b906d5c63ec7e8f81','2018-09-05 14:23:15','2','23,24,',100.00,'0b53ca688b5348099cb655a23ab77a2f'),('9d042df2ad5d4d2ebf5e38444763d132','2018-09-05 14:23:15','2','35,',50.00,'0b53ca688b5348099cb655a23ab77a2f'),('f0bcf43ffb4b44b5b86aa6b4349467cc','2018-09-05 17:28:28','2','42,43,',100.00,'27bb206c8a944fbea423e43df402da87'),('41c5c3badafc43fa8f19e351a4bfe538','2018-09-05 17:31:40','1','45,46,',100.00,'110b6bc5a4cb426ca2712dcc1ad42403'),('c0810419a87d4eb4a73c5827247cae14','2018-09-05 17:51:50','2','43,44,',100.00,'eba540699fe94779ad831b2ef6e256e5'),('34c11e8298a847e88bc202982a826346','2018-09-05 17:57:19','2','41,42,',100.00,'2ea45fe3b5b24a4684ad4601df6031e3'),('2f373dd7114f41c2b13ce3750b06a4c9','2018-09-05 17:57:47','2','39,40,',100.00,'be54780eebcf40098b9c93492db70315'),('1d425b86c72f42a7a0f6b4c6c1fe0f02','2018-09-05 18:54:06','1','42,43,',100.00,'b39cfcf54e134260b3a493571b4ccbfa'),('21d24e357f1f4996844843188339cbc0','2018-09-05 18:56:04','1','43,44,',100.00,'8cbdd4f5459244d19816ae2715804780'),('bb0cbad182a84f3199b59d9534eec905','2018-09-05 19:10:26','2','43,44,',100.00,'aac9a0ddf7284cebb78c1ea0286e8f79'),('a6d7ca8703ec423e8a440e443b8b324e','2018-09-05 19:13:01','1','39,40,',100.00,'3d24812f648c46189cf0971c3dfe6120'),('b99e50f5ffd246fb8c82b641e67b0159','2018-09-05 19:22:40','1','39,40,',100.00,'ab4e3f0685704bd6aa816b3ec1b9d7b2'),('d7a34781431a4d7c87dd2f989d49a248','2018-09-05 19:24:29','1','42,43,',100.00,'6c2d5000aa9047d4a1efef44590adf30'),('4b8bfb13e3364e7b840353f445138a32','2018-09-05 19:27:15','1','44,45,',100.00,'b548c2460c4d4f78a41972babb192d3a'),('e0636944a34145508e6f441301494b60','2018-09-05 19:27:33','2','44,45,',100.00,'02baca03a7224d9ca7b685e5b4724b1b'),('877b0d6024194b878d7d98acf0031423','2018-09-05 19:28:07','2','43,',50.00,'341c906a78e347109fecea7824713416'),('5464a7e0cf9d473694d0da220b6f198a','2018-09-05 19:28:07','1','41,',50.00,'341c906a78e347109fecea7824713416'),('9cdf9afaa9a14477940a88d2a8ca2933','2018-09-05 19:28:07','2','43,',50.00,'341c906a78e347109fecea7824713416'),('e1b627bf02d14117a2b879d748df8a63','2018-09-05 19:28:07','1','40,41,',100.00,'341c906a78e347109fecea7824713416'),('6fdbebf00fd8471cb755c46da5bdea5f','2018-09-05 19:30:11','1','40,41,',100.00,'21a3c9cce6b34e4bb92b6b7ae389f664'),('388e3d6681524c28aaaf8958f7a49c19','2018-09-05 19:31:27','2','43,',50.00,'091c0df3a4b74064a69b22a68b3ea805'),('a6c09682087941fea76bd2424f202d7f','2018-09-05 19:31:27','2','46,',50.00,'091c0df3a4b74064a69b22a68b3ea805'),('3edbcf1f2e8d4322b2b72a926a9c77fc','2018-09-05 19:33:30','2','43,',50.00,'9aa3311308674986a91432c60fabc30d'),('1a8a2bb19eb94c97bbe3bb62e822e292','2018-09-05 19:33:30','2','46,',50.00,'9aa3311308674986a91432c60fabc30d'),('d2c4c05416e14d918f8ab4ce6e79dda5','2018-09-05 19:34:16','2','43,',50.00,'d3542832347e49b5a5c567a27ded33cb'),('37cd7d90d4374eb7aca61917871125b7','2018-09-05 19:34:16','2','46,',50.00,'d3542832347e49b5a5c567a27ded33cb'),('1b7879db485d4213895c39b2e00c28d4','2018-09-05 19:38:14','2','43,',50.00,'aeea9b0155cb412ba7fe9474f786a4e6'),('1dbb8d01a4c14c23b2efec86f620806d','2018-09-05 19:38:14','2','46,',50.00,'aeea9b0155cb412ba7fe9474f786a4e6'),('bb15fb7eb6204b1db4688cda3e2acda8','2018-09-05 19:48:14','2','44,45,',100.00,'46d36ddc3f394f18b96c55587d9d3905'),('cca23eb72e94446ea70a8534e34eabf4','2018-09-06 15:38:48','2','40,41,',0.02,'10a66418e58544d692ac0dbdaa84817e'),('c3bab3950d60411bb50c4dccba9a60d0','2018-09-06 15:39:21','1','39,40,41,42,43,44,',0.06,'af2db434020048afa366336de02817f9'),('e138ec9f170748d397552fcf008e6b00','2018-09-06 15:39:21','2','38,39,',0.02,'af2db434020048afa366336de02817f9'),('c1c92faff8a64697b559661a43bc4e76','2018-09-06 15:39:21','2','42,43,44,',0.03,'af2db434020048afa366336de02817f9'),('87a80d12a5fc4f2fa87bc6edf704217e','2018-09-06 16:22:48','2','38,39,',0.02,'aba4a6247d0d4ffc910f7b1e60f9a67f'),('0826bed3131a48f7aa7bad18b1fc448e','2018-09-06 18:52:03','2','41,42,',0.02,'37ed8c4d991f4143b42143603044d430'),('e817608ccd5d4886929ce92a9546c72f','2018-09-06 22:15:00','1','45,46,',0.02,'5a17fe90d0914f0b958fc2cf855efcb4'),('0d2db671b69b49a4917676f49681c43b','2018-09-07 09:31:12','1','29,30,',0.02,'04a02b529ef042b29f4076d96282bf4b'),('426609532e684ea2a5e16771f3552870','2018-09-07 11:06:34','1','26,27,',0.02,'f4c8519f75fc4676b8f6552bac37b8c9'),('27a5f65df4ca48e0b69a0beb40a91e9a','2018-09-07 11:26:19','1','26,27,',0.02,'27e6c872c6e94e79a38d8e4ec72ca6a3'),('5b720e9732854fc7bdae7e6f0aa19b2d','2018-09-07 14:36:51','2','30,31,',0.02,'13ca56d292b445f793debbc2e3444d8b'),('75344a3f892948bd8ead15b0474209b4','2018-09-07 14:43:42','2','30,31,',0.02,'b3a8e59c8a464686b5ec544394a73958'),('acd768a5a95148b1874e1e6c9757a435','2018-09-07 14:53:02','1','30,31,',0.02,'ec64a6aec5bb4dce8614ce40d4f93028'),('2c44d67de56348c782c3a570d06345d9','2018-09-07 14:57:56','2','30,31,',0.02,'b6ca8cd6c33d4ea99864751569d870fe'),('a3b1890871264e978e86e8876c70c7c9','2018-09-07 14:59:45','1','30,31,',0.02,'4dabb46b7701468a95ed6a69c38bfd99'),('df8f1989bac2405c9ff8df410d8a8af3','2018-09-07 15:03:02','1','32,33,',0.02,'7d0bae924f494e8283f948cc67052dae'),('ca218f07270b4fd69fdfb8bbe477770b','2018-09-07 15:06:04','2','32,33,',0.02,'dab435b334fb42e6a9d3986b6b6cd3b8'),('22a212d9159c4e4081d0c8db4f3c4b14','2018-09-07 15:19:22','2','44,45,',0.02,'f65ca913f14a4de0a66e72f09e6082d6'),('c8726e81b7db45f787737417c776cf83','2018-09-07 15:30:38','2','41,42,',0.02,'51bbfaa122ee448299d2b3aeb9932c19'),('7b558ef613504384871c3ea175b44d0b','2018-09-07 15:41:02','2','32,33,',0.02,'6136beb79d584cd2b2b72512ecc9387a'),('50e50e5eb7254dfe812dcf7265c1f54c','2018-09-10 14:13:42','2','29,30,',0.02,'172bdc631bc94bf6983513d67bae50a8'),('7b46631b71544124a4c44cb91a47fab0','2018-09-10 19:11:10','2','39,40,41',0.02,'fef99d1b9428440abeb04c7d107829bb'),('800bcb4153084261a024f13e907e3188','2018-09-10 20:52:47','2','44,45,',0.02,'08a87be54d334977874f3134053bd5f1'),('7f1e8605196f4af7929a38102a8a1ad9','2018-09-10 21:03:53','1','44,45,',0.02,'f8a8c022df1b4ca2b00e432bb8a4e94a'),('e6f7fe18e5984ff7af035305edbab02b','2018-09-11 09:16:52','2','42,43,',0.02,'ee073c429c764846b4b173c958ff1828'),('0d55fc26f1094bd680e07e94917c44b4','2018-09-11 09:22:23','2','20,21,',0.02,'8b3b24e74b3e47599d8d0ff1485c56d1'),('4ae8256569bc4d65838ab538908b218f','2018-09-11 09:54:22','2','20,21,',0.02,'642390446bdf4159bf921b4c8fa3fa6a'),('181d66468a104e8e85a292658137d67a','2018-09-11 09:58:30','2','27,28,',0.02,'93fefdb3341d4c44b0d9d0f923ce45a9'),('3d84cc9b1cc846aa9f2359614305fc15','2018-09-11 10:12:56','1','22,23,',0.02,'51c9a6f37a5d4246a84e2a32c074d96a'),('e31a849e530543269d453ab939a5c674','2018-09-11 11:18:13','1','25,26,',0.02,'dce4e000c1344071b56bfc2db3748287'),('09511fce6f8a4626b654df9a13b2c3f7','2018-09-11 11:20:16','2','24,25,',0.02,'d1baed9a32914931ae0b88c30f69aaa2'),('8808d1cb94eb48d5abf91ae2dd003246','2018-09-11 11:27:21','2','24,25,',0.02,'60710c5e749041bd947eaf7952ee335e'),('a40584d455d0442a9d89faecc8c9d6b1','2018-09-11 11:37:56','2','30,31,',0.02,'9d919686ff694d3dbb2e55240047869b'),('26b790928ac64c1e892bec215f5980e1','2018-09-11 11:38:18','2','24,25,',0.02,'c58af007c9324f2ba2873b6c83beed76'),('824cf97cea104025b92faa8bcc3100d2','2018-09-11 14:01:23','2','29,30,',0.02,'eff8a8722bf34db6ad5f279a57254c73'),('15fad97ef0524c89ba85f5c8bcb04c66','2018-09-11 14:02:50','1','30,31,',0.02,'2d820776a6914c188fb867143b59c70a'),('fcc20fa5d68741b1a17d0233ff29e914','2018-09-11 14:07:36','2','30,31,',0.02,'12cf904f5aba41d18fc186dfcc125d6f'),('8eb0532f309d4790b713d8d105bfca55','2018-09-11 14:40:59','2','30,31,',0.02,'00ff61589c634a06990d0968d7b5402c'),('5f3464da8b7949a8a7c3d9064179eebc','2018-09-11 16:02:11','1','33,34,',0.02,'959273ab5501442988b37801a5cb069a'),('d3f8e325a06942d58a8812613c822548','2018-09-11 16:03:09','1','45,46,',0.02,'68dead41d6f649128744aa74c6d0b85e'),('7df4013b97d04b5e9590653fdcb8e9f0','2018-09-11 16:05:56','1','45,46,',0.02,'911b1508daa94f86a074a3041b0d66ec'),('5f66be349c014bcf8692395f7d6ae35a','2018-09-11 16:07:24','1','45,46,',0.02,'e7f0794af3524c5981d188050935b614'),('64102948c9e349c7bff408ea0e304af1','2018-09-11 16:09:59','1','45,46,',0.02,'f13ab739c6aa4befa81b382f987a82af'),('4790e4dc75d649feb53eb48faa6933d0','2018-09-11 20:31:04','2','42,43,',0.02,'50b881367de14a238ae72f3577f21773'),('efab17e9d1004505882d6e34c633b336','2018-09-12 10:40:37','2','31,32,',0.02,'3efaff52eab1458496ce478f2bc5572b'),('440bb39a45174e0e8f530dfbcee82222','2018-09-12 11:41:26','2','36,37,',0.02,'6f7a591109fe4bcc9ca4f5e996369fa0'),('e3226379c7e64f11b807f27f9f817bbd','2018-09-12 11:41:43','2','30,31,',0.02,'dab3c78550e1403aac92b0e43a7cea01'),('84af4b70682c4da9b83a6f53a695c3a1','2018-09-12 11:42:03','2','24,25,',0.02,'b53f2f93e29b4c71b7de7d94d43d9823'),('95925f7b9a194868a2e6114217a3bdd2','2018-09-12 11:45:18','1','32,33,',0.02,'9538298e5d004191a670b1f6907bf96e'),('5bab8b4513f94e96822c6d450c2e885c','2018-09-12 20:13:26','2','41,42,',0.02,'6762cfb1cc014bd29ce73e4e239f8cea'),('e93a3daefd6a4fdc9242e207cb0b644a','2018-09-12 20:14:11','1','45,46,',0.02,'8970f16baab445aeb310d86a8435bd16'),('ff51015e1a6a423c9e30306ed64cd60d','2018-09-14 10:32:19','7','22,23,',0.02,'d23917b4fd6449a18e9e5f168f879f53'),('8b1e3955e3f444479342bffef0614a53','2018-09-14 10:38:46','7','26,27,',0.02,'726beb52493b487d9ad1981179b2cc4a'),('88646a643a9740779efd0c52f0802d95','2018-09-14 10:43:32','7','22,23,',0.02,'3e29ca90414848c59f936bf23aaca1de'),('838d055eb3a14253b8543478e7b6e6c3','2018-09-14 10:45:19','7','30,31,',0.02,'a3160b436fea4c1b9c2ea6c5faf89caa'),('405494e7cb0a470ba48550f8c26a2c9e','2018-09-14 10:55:30','7','22,23,',0.02,'be04f5e3a2f64da3a342f557d1d36fdd'),('1d8f4acab74f4f039fdb40eb68250806','2018-09-14 17:31:39','7','44,45,',0.02,'7c39a32b75324a3fa00bd3b8fa2a3e19'),('b228f591ed23466e911445eb9098c74c','2018-09-15 10:05:11','7','21,22,',0.02,'1b934720417e41ea84ed64c3b99a5a3b'),('f75a9e4509df4021873af62e0232661a','2018-09-15 10:05:44','7','23,24,',0.02,'6d9d2472862f444ab9d5b1acef7cea15'),('f730f2a56b324f5ca0b64fc74d67508d','2018-09-15 10:12:37','7','22,23,24,25,',0.04,'9a97308d863e4d59a04255d1e8b87b22'),('f72b596faa04476eb698a647b80bfc11','2018-09-19 10:24:58','7','25,',0.01,'85ab6ae317a0449d9fe766fc48254b54'),('8ebbc76e18224538ba1bf7f498913dcb','2018-09-19 10:24:58','7','25,',0.01,'85ab6ae317a0449d9fe766fc48254b54'),('eb1aa4b41e9142eeae18c283d33ecfb6','2018-09-19 10:24:58','7','28,29,',0.02,'85ab6ae317a0449d9fe766fc48254b54'),('0860c5c4c3bd4084b6cfe078fed7c99a','2018-09-22 08:54:03','7','18,19,',0.02,'f58342973617429f8c8d375ebcbf941c'),('90391d83318f4653a2ae531f64736368','2018-10-29 17:41:16','1','21,22,',100.00,'b44a6a7ee7004c81abfe8c981c84cd03'),('ea821464cfbe417e8825a0b10cfc4771','2018-10-29 17:41:16','1','33,',50.00,'b44a6a7ee7004c81abfe8c981c84cd03'),('59cd689fdbc14c278bebc4b932426b54','2018-10-29 17:41:16','1','35,',50.00,'b44a6a7ee7004c81abfe8c981c84cd03'),('ec2fcc66fb684d6cbfc4e21bbd068ae1','2018-10-29 17:41:16','2','23,24,',100.00,'b44a6a7ee7004c81abfe8c981c84cd03'),('450e18e7457642809bdc9451aa086c10','2018-10-29 17:41:16','2','35,',50.00,'b44a6a7ee7004c81abfe8c981c84cd03'),('72def36492e9462e915658d82850644e','2018-11-02 16:22:07','1','38,39,40,',0.03,'531f5c089b73403d89c6a3582bbf8f18'),('c821348d0596472e8f1749b6dabf82e5','2018-11-02 16:32:12','1','40,41,',0.02,'e6aa2cb0b99a40c49071887a07333d19'),('38251a70caf240d5b02744c8e6144c9c','2018-11-02 16:33:08','1','45,46,',0.02,'5683f0ae3dad48d480a9ab0663faf214'),('1b26780963e547ff8c4c4b91f76db2e3','2018-11-02 16:42:26','2','42,43,',0.02,'59640cb0a4144a02bb8a630b3fe6c523'),('88608cf081234503b0103a80d38efa6b','2018-11-02 16:42:40','1','46,',0.01,'a0c8f9c3ab76428e80d4565042c81b4f'),('6e143622141c480582879fea843902d7','2018-11-02 16:42:40','1','45,',0.01,'a0c8f9c3ab76428e80d4565042c81b4f'),('8a082985ae724716bf206b7f743342f4','2018-11-02 16:54:18','1','46,',0.01,'aefe77200c2f4ed3b2ac5b2c9fab0eb9'),('9fc751cbf9bd47258b961d172e3c22d9','2018-11-02 16:54:18','1','45,',0.01,'aefe77200c2f4ed3b2ac5b2c9fab0eb9');

/*Table structure for table `Staff` */

DROP TABLE IF EXISTS `Staff`;

CREATE TABLE `Staff` (
  `ID` varchar(32) NOT NULL COMMENT '伙伴->伙伴',
  `Staff_no` int(8) unsigned zerofill NOT NULL AUTO_INCREMENT COMMENT '伙伴编号',
  `Name` varchar(10) DEFAULT NULL COMMENT '姓名',
  `DeptID` char(32) DEFAULT NULL COMMENT '部门ID(暂未启用)',
  `Password` char(32) DEFAULT NULL COMMENT '登录密码',
  `Tel` char(11) DEFAULT NULL COMMENT '电话',
  `Status_flag` enum('正常','冻结','异常') NOT NULL DEFAULT '正常' COMMENT '状态',
  `Position` enum('经理','职员','临时') NOT NULL DEFAULT '临时' COMMENT '岗位',
  `Power` int(1) NOT NULL DEFAULT '1' COMMENT '平台权限(最高级七级)',
  `Sex` enum('男','女','不详') NOT NULL DEFAULT '男' COMMENT '性别',
  `IDCard` varchar(20) DEFAULT NULL COMMENT '身份证号',
  `Address` varchar(50) DEFAULT NULL COMMENT '家庭住址',
  `Referee` varchar(10) DEFAULT NULL COMMENT '推荐人',
  `Nickname` varchar(100) DEFAULT NULL COMMENT '微信昵称',
  `Head_image` varchar(200) DEFAULT NULL COMMENT '用户头像URL',
  `Login_change` datetime DEFAULT NULL COMMENT '登录切换时间',
  `Remark` varchar(20) DEFAULT NULL COMMENT '备注',
  `Openid` varchar(100) DEFAULT NULL COMMENT '微信登录返回的OpenID',
  `Unionid` varchar(100) DEFAULT NULL COMMENT '当且仅当该网站应用已获得该用户的userinfo授权时，才会出现该字段。',
  PRIMARY KEY (`ID`),
  UNIQUE KEY `StaffNo` (`Staff_no`),
  UNIQUE KEY `Opendid_one` (`Openid`)
) ENGINE=InnoDB AUTO_INCREMENT=75596166 DEFAULT CHARSET=utf8 COMMENT='伙伴表';

/*Data for the table `Staff` */

insert  into `Staff`(`ID`,`Staff_no`,`Name`,`DeptID`,`Password`,`Tel`,`Status_flag`,`Position`,`Power`,`Sex`,`IDCard`,`Address`,`Referee`,`Nickname`,`Head_image`,`Login_change`,`Remark`,`Openid`,`Unionid`) values ('1',75596110,'小王','1','1','12345678910','正常','职员',7,'男','','',NULL,'123456','http://thirdwx.qlogo.cn/mmopen/vi_32/hUjrLK0XVkDPCjdY1FicXJfH4ABsEEawMFDOCG3m9VIR04Hla3WYibFSUV3fxdgQL9ae3x8ntEXAnU5AsoiaxLaOA/132','2018-08-02 09:51:22','','oSyCfwP81uvRZT5oUismiAD1sqUo1','omKuewSD7muFIojIEzqwusyK9ZMk1'),('3f0828181b7843e6a676101c3bc8458f',75596158,'宋高俊',NULL,NULL,'15207108157','正常','临时',7,'女',NULL,NULL,NULL,'我小时候可帅了','http://thirdwx.qlogo.cn/mmopen/vi_32/cgX8g7QEOSKarzpcBr2OHSdtr0KQwIDibQhsicmM7Hb2IysdAmMEJqSibNPymVf4nEXfJxvVpl9IjicZwyuJZcXqLQ/132','2018-11-01 10:33:28',NULL,'oYm2z0mbRiR3F570IOPRxXoVmYAE','omKuewSD7muFIojIEzqwusyK9ZMk'),('590a7d69daa0480baa3fd146e32830e7',75596160,'梁家健',NULL,NULL,'13427005671','正常','临时',7,'女',NULL,NULL,NULL,'梁家健','http://thirdwx.qlogo.cn/mmopen/vi_32/Xay588WJ3Kj2DVFxI8CWeZkZvzkYn8Vxvbus0dwwBxibFfqVFnubLricu3gnGxdSicYHAWTEOYAITVSmcQrTQW5Gw/132','2018-10-19 19:09:52',NULL,'oSyCfwJIDc48rUoc1_O8UCLzjP0E','omKueweB2JSy1iBWKSyqi8XO7EHw'),('72f2571706694e3fa0f10f451be7fad1',75596161,'小易信息',NULL,NULL,'14774825971','正常','临时',1,'女',NULL,NULL,NULL,NULL,'http://thirdwx.qlogo.cn/mmopen/vi_32/r8Pib0ia1aiaOQq3HsYzrNA1SPsMXqTqyYic7wUkLadQlRblKWrec2LI9VYEH5rFicOLsiapJnGsEfqNp913OccSnoXw/132','2018-10-20 11:31:17',NULL,'oSyCfwD_LT9_YRSSAUvq7UTuVoSY','omKuewUZHx_GX0z2i0tnSCWYxdSk'),('769e9ced5da14a1f93c8e5dd50b629a1',75596165,'魏建程',NULL,NULL,'13923734655','正常','经理',7,'女',NULL,NULL,NULL,'Json','http://thirdwx.qlogo.cn/mmopen/vi_32/lK8q7AjaWo05BU4iaG4Sk5icte4PgW3cg8KBNl7O0G03YubTzYkEFfc9mXskA8y6T2TvOWfNhB5mSxUJL1FueNJg/132','2018-11-01 11:21:53',NULL,'oYm2z0hGFmH9ANo-4YgXicRDhU2A','omKuewSQFPcbdI8YZcrm9rAOkFs8');

/*Table structure for table `StaffApply` */

DROP TABLE IF EXISTS `StaffApply`;

CREATE TABLE `StaffApply` (
  `ID` varchar(32) NOT NULL COMMENT '伙伴申请表',
  `Staff_no` int(8) unsigned zerofill NOT NULL AUTO_INCREMENT COMMENT '伙伴编号',
  `Name` varchar(10) DEFAULT NULL COMMENT '姓名',
  `Tel` char(11) DEFAULT NULL COMMENT '电话',
  `Sex` enum('男','女','不详') NOT NULL DEFAULT '男' COMMENT '性别',
  `Referee` varchar(10) DEFAULT NULL COMMENT '推荐人',
  `Nickname` varchar(100) DEFAULT NULL COMMENT '微信昵称',
  `Head_image` varchar(200) DEFAULT NULL COMMENT '用户头像URL',
  `Apply_time` datetime DEFAULT NULL COMMENT '申请时间',
  `Remark` varchar(20) DEFAULT NULL COMMENT '备注',
  `Openid` varchar(100) DEFAULT NULL COMMENT '微信登录返回的OpenID',
  `Unionid` varchar(100) DEFAULT NULL COMMENT '当且仅当该网站应用已获得该用户的userinfo授权时，才会出现该字段。',
  `Check_staff` varchar(32) DEFAULT NULL COMMENT '审核人',
  `Check_flag` int(1) NOT NULL DEFAULT '0' COMMENT '审核状态(0=待审1=通过2=无效)',
  `Check_content` varchar(100) DEFAULT NULL COMMENT '审核意见',
  `Check_time` datetime DEFAULT NULL COMMENT '审核时间',
  PRIMARY KEY (`ID`),
  UNIQUE KEY `StaffNo` (`Staff_no`)
) ENGINE=InnoDB AUTO_INCREMENT=9 DEFAULT CHARSET=utf8 COMMENT='伙伴表';

/*Data for the table `StaffApply` */

insert  into `StaffApply`(`ID`,`Staff_no`,`Name`,`Tel`,`Sex`,`Referee`,`Nickname`,`Head_image`,`Apply_time`,`Remark`,`Openid`,`Unionid`,`Check_staff`,`Check_flag`,`Check_content`,`Check_time`) values ('1',00000001,'1','1','男','1','1','1','2018-10-22 15:56:10','1','1','1','1',1,'1234','2018-10-22 16:04:56'),('1742f09e60e24cce920f0abf95145ccf',00000008,'魏建程','13923734655','女',NULL,'Json','http://thirdwx.qlogo.cn/mmopen/vi_32/IR5xyTwib2icjFiaIb5gbyen0V0f3VfpYRY7OmqBamroN2uxFUx1ssZItxGKeggpe06CmpJHmPF2mictgpqNGJGPEA/132','2018-10-29 16:45:26',NULL,'oSyCfwOWluEUu77_jkN6pjSAWMWU','omKuewSQFPcbdI8YZcrm9rAOkFs8','1',1,'1','2018-10-29 17:43:35'),('2607739a9fdb48539d5e18719d08f9d2',00000003,'小宋','15207108156','女',NULL,'我小时候可帅了','http://thirdwx.qlogo.cn/mmopen/vi_32/hUjrLK0XVkDPCjdY1FicXJfH4ABsEEawMFDOCG3m9VIR04Hla3WYibFSUV3fxdgQL9ae3x8ntEXAnU5AsoiaxLaOA/132','2018-10-29 16:18:36',NULL,'oSyCfwP81uvRZT5oUismiAD1sqUo','omKuewSD7muFIojIEzqwusyK9ZMk','769e9ced5da14a1f93c8e5dd50b629a1',2,'无效','2018-10-29 17:48:44'),('4c7ea4a6dc154164b686703c5366b77f',00000002,'魏JSON','13923734655','女',NULL,'Json','http://thirdwx.qlogo.cn/mmopen/vi_32/IR5xyTwib2icjFiaIb5gbyen0V0f3VfpYRY7OmqBamroN2uxFUx1ssZItxGKeggpe06CmpJHmPF2mictgpqNGJGPEA/132','2018-10-26 17:41:59',NULL,'oSyCfwOWluEUu77_jkN6pjSAWMWU','omKuewSQFPcbdI8YZcrm9rAOkFs8','1',1,'1','2018-10-26 17:41:52');

/*Table structure for table `StaffLog` */

DROP TABLE IF EXISTS `StaffLog`;

CREATE TABLE `StaffLog` (
  `ID` char(32) NOT NULL COMMENT '伙伴->日志（伙伴除登录以外的）',
  `StaffID` char(32) NOT NULL COMMENT '伙伴ID',
  `EditStaffID` char(32) NOT NULL COMMENT '编辑人ID',
  `Time` datetime NOT NULL COMMENT '日志时间',
  `Content` varchar(200) NOT NULL COMMENT '内容',
  PRIMARY KEY (`ID`)
) ENGINE=InnoDB DEFAULT CHARSET=utf8 COMMENT='伙伴日志汇总';

/*Data for the table `StaffLog` */

insert  into `StaffLog`(`ID`,`StaffID`,`EditStaffID`,`Time`,`Content`) values ('083f302b8f1b4065826da2fee9f303a1','1','A1111111111111111111111111111111','2018-08-09 18:01:28','岗位从临时修改为职员;'),('2384ffdfbf044cbd86a6b5858d962028','1','A1111111111111111111111111111111','2018-08-09 18:01:29','岗位从职员修改为临时;'),('309ca00e7af44376b3ae614425e1f9d2','1','A1111111111111111111111111111111','2018-08-09 18:01:41','状态从正常修改为异常;'),('3997634365dd4be78d48b99edcb1c42d','1','A1111111111111111111111111111111','2018-08-09 18:01:32','岗位从临时修改为职员;'),('52115f794cb84fa5b35bbb2862148560','1','A1111111111111111111111111111111','2018-08-09 18:01:34',''),('602abf65330542c8b4d45ee5e46f1cc4','1','1','2018-10-20 17:56:11','岗位从经理修改为职员;级别从7级修改为1级;'),('6b6c7873a68a4a92bee83a893188095b','769e9ced5da14a1f93c8e5dd50b629a1','769e9ced5da14a1f93c8e5dd50b629a1','2018-10-29 17:50:14','状态从正常修改为冻结;'),('78baa8711806489b8099b2530ab09788','00000000000000000000000000000000','A1111111111111111111111111111111','2018-08-09 18:07:59','岗位从职员修改为经理;级别从2级修改为1级;'),('7bc2a0fb10af4ea8bc6f9125f31a3573','00000000000000000000000000000000','A1111111111111111111111111111111','2018-08-08 17:34:19','岗位从职员修改为经理;级别从1级修改为2级;'),('83817a6c7a80456fbd813f16be48a91c','3f0828181b7843e6a676101c3bc8458f','1','2018-10-29 17:55:22','状态从正常修改为异常;'),('8e8fbce154214349b0edea148e096cdc','00000000000000000000000000000000','A1111111111111111111111111111111','2018-08-08 17:32:18','状态从正常修改为正常;'),('8fd1b211cd1d4a9d97052b7ea9d39cb6','00000000000000000000000000000000','A1111111111111111111111111111111','2018-08-09 18:07:49','岗位从经理修改为职员;'),('9f0f4d0fa1ec4b70acb3207e5448267c','769e9ced5da14a1f93c8e5dd50b629a1','1','2018-10-29 17:44:52','级别从1级修改为7级;'),('a2eba21f14b5400f8dbbd7fa7105c28b','1','A1111111111111111111111111111111','2018-08-09 18:01:33',''),('a528491458ae462795241e0460af8dc9','769e9ced5da14a1f93c8e5dd50b629a1','1','2018-10-29 17:51:33','状态从冻结修改为正常;'),('b066a47df58942fab3ae8f3bfd6ddfec','1','A1111111111111111111111111111111','2018-08-09 18:01:40','状态从异常修改为正常;'),('b2b168e522444e24b945275f15550876','1','A1111111111111111111111111111111','2018-08-09 18:01:39','状态从正常修改为异常;'),('c879d0c40b5746fb869c9aa5c1b77788','1','A1111111111111111111111111111111','2018-08-09 18:01:41','状态从异常修改为正常;'),('cdac42ef900c44128d6925bf44dcdc4d','1','A1111111111111111111111111111111','2018-08-09 18:01:32',''),('e00acf04c04c4e49a072c76d7805393a','1','A1111111111111111111111111111111','2018-08-09 18:01:43',''),('fb2be93b312b43beba69c524e56c44d4','043b204469774553908e966dea3cfa44','A1111111111111111111111111111111','2018-08-09 18:05:03','岗位从经理修改为职员;');

/*Table structure for table `TrainCoach` */

DROP TABLE IF EXISTS `TrainCoach`;

CREATE TABLE `TrainCoach` (
  `ID` varchar(32) NOT NULL COMMENT 'ID',
  `Create_time` datetime DEFAULT NULL COMMENT '创建时间',
  `Modify_time` datetime DEFAULT NULL COMMENT '修改时间',
  `Member_id` varchar(32) DEFAULT NULL COMMENT '用户ID',
  `Name` varchar(10) NOT NULL COMMENT '姓名',
  `Sex` int(1) NOT NULL DEFAULT '0' COMMENT '性别0=未知1=男2=女',
  `Working_age` int(11) NOT NULL DEFAULT '0' COMMENT '教学年龄',
  `Head_image` varchar(300) DEFAULT NULL COMMENT '头像',
  `Lecture_style` varchar(200) NOT NULL DEFAULT '无' COMMENT '讲课风格',
  `Vitae` varchar(200) NOT NULL DEFAULT '无' COMMENT '个人简介',
  `Education` varchar(200) NOT NULL DEFAULT '无' COMMENT '教育背景',
  `Honor` varchar(200) NOT NULL DEFAULT '无' COMMENT '相关经历',
  PRIMARY KEY (`ID`),
  UNIQUE KEY `Member_id` (`Member_id`)
) ENGINE=MyISAM DEFAULT CHARSET=utf8 COMMENT='教练基础信息表';

/*Data for the table `TrainCoach` */

insert  into `TrainCoach`(`ID`,`Create_time`,`Modify_time`,`Member_id`,`Name`,`Sex`,`Working_age`,`Head_image`,`Lecture_style`,`Vitae`,`Education`,`Honor`) values ('1','2018-09-30 10:04:57','2018-10-08 16:45:04','1','小宋',1,10,'https://ekeae-image.oss-cn-shenzhen.aliyuncs.com/2018/9/11/562548f782ab47839bc061f721d10a01.png','耐心教学','国家二级运动员','无','2018羽毛球冠军'),('2','2018-10-09 20:23:18','2018-11-01 15:37:19','1f339d03a0b74dc3b33042294cd07b97','小梁',1,1,'https://ekeae-image.oss-cn-shenzhen.aliyuncs.com/ball/2018/10/10/9f4f74cd2310418b93a5d17773dbefc9.jpeg','asd\nasd\nas','ads\nad\nas\ndf\nads','aasdf','saf\nsafd\nads'),('3','2018-10-18 11:22:30','2018-10-20 11:19:32','512e6f4e09af45b2ab008a0133880f05','测试2',1,0,'https://ekeae-image.oss-cn-shenzhen.aliyuncs.com/ball/2018/10/10/9f4f74cd2310418b93a5d17773dbefc9.jpeg','','','1','123\n466');

/*Table structure for table `TrainCourse` */

DROP TABLE IF EXISTS `TrainCourse`;

CREATE TABLE `TrainCourse` (
  `ID` varchar(32) NOT NULL COMMENT 'ID',
  `Create_time` datetime DEFAULT NULL COMMENT '创建时间',
  `Modify_time` datetime DEFAULT NULL COMMENT '修改时间',
  `Train_course_no` int(11) unsigned zerofill NOT NULL AUTO_INCREMENT COMMENT '课程编号',
  `Train_team_id` varchar(32) DEFAULT NULL COMMENT '培训机构ID',
  `Train_coach_id` varchar(32) NOT NULL COMMENT '主教ID',
  `Title` varchar(100) DEFAULT NULL COMMENT '标题',
  `Head_image` varchar(1000) DEFAULT NULL COMMENT '图片封面',
  `Amount` decimal(11,2) DEFAULT NULL COMMENT '报名价格',
  `Min_age` int(11) DEFAULT NULL COMMENT '适合年龄最小',
  `Max_age` int(11) DEFAULT NULL COMMENT '适合年龄最大',
  `Suit_base` varchar(32) DEFAULT NULL COMMENT '适合基础',
  `To_teach_number` int(11) NOT NULL DEFAULT '0' COMMENT '上课人数',
  `Class_hour` int(11) NOT NULL DEFAULT '1' COMMENT '课时',
  `To_teach_time` varchar(100) DEFAULT NULL COMMENT '上课时间',
  `Class_trait` varchar(100) DEFAULT NULL COMMENT '课程亮点(用分号间隔)',
  `Pay_make` varchar(100) DEFAULT NULL COMMENT '预约信息',
  `Pay_adjust` varchar(100) DEFAULT NULL COMMENT '调课说明',
  `Pay_refund` varchar(100) DEFAULT NULL COMMENT '退款说明',
  `Pay_trial` varchar(100) DEFAULT NULL COMMENT '试课说明',
  `Train_venue_id` varchar(32) DEFAULT NULL COMMENT '教学场地ID',
  `Ball_type` int(1) NOT NULL DEFAULT '1' COMMENT '类别(1=网球2=足球3=羽毛球)',
  `Apply_people_sum` int(11) NOT NULL DEFAULT '0' COMMENT '报名人数',
  `Apply_flag` int(1) NOT NULL DEFAULT '0' COMMENT '是否允许报名(0=否1=是)',
  PRIMARY KEY (`ID`),
  KEY `Train_course_no` (`Train_course_no`)
) ENGINE=MyISAM AUTO_INCREMENT=21 DEFAULT CHARSET=utf8 COMMENT='培训课程表';

/*Data for the table `TrainCourse` */

insert  into `TrainCourse`(`ID`,`Create_time`,`Modify_time`,`Train_course_no`,`Train_team_id`,`Train_coach_id`,`Title`,`Head_image`,`Amount`,`Min_age`,`Max_age`,`Suit_base`,`To_teach_number`,`Class_hour`,`To_teach_time`,`Class_trait`,`Pay_make`,`Pay_adjust`,`Pay_refund`,`Pay_trial`,`Train_venue_id`,`Ball_type`,`Apply_people_sum`,`Apply_flag`) values ('1','2018-09-30 10:00:53','2018-09-30 10:00:56',00000000001,'1','1','一对一辅导班','https://ekeae-image.oss-cn-shenzhen.aliyuncs.com/ball/2018/10/22/6c72c8d5cc6f4f7bbd4089c4cc0a25c2.jpeg','100.00',6,18,'少年班',10,0,'111','111','1','1','1','1','1',0,0,0),('ee9da7e0c32249468550ff2780f9c817','2018-10-08 16:14:03','2018-10-13 09:47:42',00000000002,'1','1','测试课程2','https://ekeae-image.oss-cn-shenzhen.aliyuncs.com/ball/2018/10/22/6c72c8d5cc6f4f7bbd4089c4cc0a25c2.jpeg','100.00',15,60,'1对1辅导班',10,20,'自报名起每周一、二、三  10:30-16:30','一对一;环境优良','需提前一天预约','请联系培训机构','请联系培训机构','无','1',1,0,0),('a0c006a7074746f7aa861b87c5b50e05','2018-10-13 09:47:56','2018-10-13 09:47:56',00000000003,'1','1','测试课程2','https://ekeae-image.oss-cn-shenzhen.aliyuncs.com/ball/2018/10/22/6c72c8d5cc6f4f7bbd4089c4cc0a25c2.jpeg','100.00',15,60,'1对1辅导班',10,20,'自报名起每周一、二、三  10:30-16:30','一对一;环境优良','需提前一天预约','请联系培训机构','请联系培训机构','无','1',1,0,0),('b9bcbd0dc6b9492188fc69dbed3e205c','2018-10-13 10:34:18','2018-10-13 10:34:18',00000000004,'1','1','测试课程','https://ekeae-image.oss-cn-shenzhen.aliyuncs.com/ball/2018/10/22/6c72c8d5cc6f4f7bbd4089c4cc0a25c2.jpeg','100.00',15,60,'1对1辅导班',10,20,'自报名起每周一、二、三  10:30-16:30','一对一;环境优良','需提前一天预约','请联系培训机构','请联系培训机构','无','1',1,0,0),('1438b1d4957e4f8fbc31fd93f2466f0b','2018-10-13 10:34:22','2018-10-13 10:34:22',00000000005,'1','1','测试课程','https://ekeae-image.oss-cn-shenzhen.aliyuncs.com/ball/2018/10/22/6c72c8d5cc6f4f7bbd4089c4cc0a25c2.jpeg','100.00',15,60,'1对1辅导班',10,20,'自报名起每周一、二、三  10:30-16:30','一对一;环境优良','需提前一天预约','请联系培训机构','请联系培训机构','无','1',1,0,0),('02f91635aaec41868fcb018d028a1d52','2018-10-13 10:34:35','2018-10-13 10:34:35',00000000006,'1','1','测试课程','https://ekeae-image.oss-cn-shenzhen.aliyuncs.com/ball/2018/10/22/6c72c8d5cc6f4f7bbd4089c4cc0a25c2.jpeg','100.00',15,60,'1对1辅导班',10,20,'自报名起每周一、二、三  10:30-16:30','一对一;环境优良','需提前一天预约','请联系培训机构','请联系培训机构','无','1',1,0,0),('009bed25fef341fb9f0266401c1f6e36','2018-10-13 10:49:55','2018-11-01 09:54:50',00000000007,'1','1','测试课程2','url','80.00',15,60,'1对1辅导班',10,20,'自报名起每周一、二、三  10:30-16:30','一对一;环境优良','需提前一天预约','请联系培训机构','请联系培训机构','无','1',1,0,0),('27cd3b2f468e46599afb2a7acfdc6acd','2018-10-17 14:27:54','2018-10-17 14:27:54',00000000008,'1','2','测试','https://ekeae-image.oss-cn-shenzhen.aliyuncs.com/ball/2018/10/17/91c7e22c0ec94cd0b1a4bbac46451a41.jpeg','100.00',20,40,'青少年启蒙',3,10,'自报名起每周一、二、三、五、六 10:30-16:30','','请联系培训机构','请联系培训机构','请联系培训机构','请联系培训机构','2',1,0,1),('ec74edef7159497183e2db2e3461ac78','2018-10-17 14:30:39','2018-10-17 14:30:39',00000000009,'1','2','创建','https://ekeae-image.oss-cn-shenzhen.aliyuncs.com/ball/2018/10/22/6c72c8d5cc6f4f7bbd4089c4cc0a25c2.jpeg','100.00',15,60,'青少年启蒙',4,3,'自报名起每周一、二、三、四、五、六、日 10:30-16:33','','请联系培训机构','请联系培训机构','请联系培训机构','请联系培训机构','1',2,0,1),('6ca44ea715b44c4aa858247a914f478d','2018-10-17 14:32:28','2018-10-17 14:32:28',00000000010,'1','2','阿斯蒂芬','https://ekeae-image.oss-cn-shenzhen.aliyuncs.com/ball/2018/10/17/de655c8e68cd4afb844e2e121609c94a.jpeg','100.00',15,60,'青少年启蒙',1,1,'自报名起每周一、二、三、四、五、六、日 11:30-16:30','','请联系培训机构','请联系培训机构','请联系培训机构','请联系培训机构','2',1,0,1),('e78949fd69ff4e04a9d39b1fa40ffe01','2018-10-17 14:38:45','2018-10-17 14:38:45',00000000011,'1','1','测试课程12341234123412341234','https://ekeae-image.oss-cn-shenzhen.aliyuncs.com/ball/2018/10/22/6c72c8d5cc6f4f7bbd4089c4cc0a25c2.jpeg','100.00',15,60,'1对1辅导班',10,20,'自报名起每周一、二、三  10:30-16:30','一对一;环境优良','需提前一天预约','请联系培训机构','请联系培训机构','无','1',1,0,1),('ee2a2c4e17ea41ddae4bea19ccc26de5','2018-10-17 14:41:12','2018-10-17 14:41:12',00000000012,'1','2','爱的色放','https://ekeae-image.oss-cn-shenzhen.aliyuncs.com/ball/2018/10/17/64ef99617631437e82777c595d3e9403.jpeg','100.00',15,60,'零基础',1,1,'自报名起每周一、二、三  10:30-16:30','asd','请联系培训机构','请联系培训机构','请联系培训机构','请联系培训机构','2',3,0,1),('36e306d0fce148ef821a8029fd215351','2018-10-17 15:31:25','2018-11-01 09:55:41',00000000013,'1','2','aasf','https://ekeae-image.oss-cn-shenzhen.aliyuncs.com/ball/2018/10/17/43995d071647427781e304d7de00ec92.jpeg','100.00',15,60,'青少年启蒙',3,4,'自报名起每周一、二、三、四、五、六、日 11:30-17:30','','请联系培训机构','请联系培训机构','请联系培训机构','请联系培训机构','2',1,0,1),('453400b77c9646ab91427023a3b53f51','2018-10-20 11:08:44','2018-10-20 11:08:44',00000000014,'1','a555b286c827432bb7e5c491401f5ed4','','https://ekeae-image.oss-cn-shenzhen.aliyuncs.com/ball/2018/10/22/6c72c8d5cc6f4f7bbd4089c4cc0a25c2.jpeg',NULL,15,60,'零基础',1,1,'自报名起每周一、二、三  10:30-16:30','','请联系培训机构','请联系培训机构','请联系培训机构','请联系培训机构','6a5bce2d48ff4dae89b495d40cd5d84b',1,0,1),('6318ede3cae24cdd86cf5d4b57be8c00','2018-10-20 11:09:21','2018-10-20 11:09:21',00000000015,'1','a555b286c827432bb7e5c491401f5ed4','123456','https://ekeae-image.oss-cn-shenzhen.aliyuncs.com/ball/2018/10/20/a17fc4434c3a40a7a967a44040d933a9.jpg',NULL,15,60,'零基础',1,1,'自报名起每周一、二、三  10:30-16:30','','请联系培训机构','请联系培训机构','请联系培训机构','请联系培训机构','6a5bce2d48ff4dae89b495d40cd5d84b',1,0,1),('4cd48f88ce7b4acfb1cb1615f342a63d','2018-10-22 20:46:32','2018-10-22 20:46:32',00000000016,'1','2','报名测试','https://ekeae-image.oss-cn-shenzhen.aliyuncs.com/ball/2018/10/22/6c72c8d5cc6f4f7bbd4089c4cc0a25c2.jpeg','100.00',15,60,'零基础',2,2,'自报名起每周一、二、三、四、五、六、日 10:30-16:30','','请联系培训机构','请联系培训机构','请联系培训机构','请联系培训机构','2',1,0,1),('b6dfff8ea1d34ae88564ac80baa5437a','2018-11-01 09:27:58','2018-11-01 10:02:15',00000000017,'1','2','**创建测试','https://ekeae-image.oss-cn-shenzhen.aliyuncs.com/ball/2018/10/10/9f4f74cd2310418b93a5d17773dbefc9.jpeg','1.00',15,60,'青少年提高',3,3,'自报名起每周一、二、三  10:30-16:30','','请联系培训机构','请联系培训机构','请联系培训机构','请联系培训机构','2',1,0,1),('8746d899ee194359b0bca3986b87e44e','2018-11-01 09:31:01','2018-11-01 09:31:01',00000000018,'1','2','1课程创建','https://ekeae-image.oss-cn-shenzhen.aliyuncs.com/ball/2018/10/10/9f4f74cd2310418b93a5d17773dbefc9.jpeg','1.00',15,60,'青少年启蒙',1,1,'自报名起每周一、二、三、四、五、六、日 14:30-16:30','','请联系培训机构','请联系培训机构','请联系培训机构','请联系培训机构','2',1,0,1),('3a0073eed5de49cbb4d29e7b39cfc8bd','2018-11-01 10:03:42','2018-11-01 11:42:40',00000000019,'1','2','课程报名测试','https://ekeae-image.oss-cn-shenzhen.aliyuncs.com/ball/2018/10/10/9f4f74cd2310418b93a5d17773dbefc9.jpeg','0.10',15,60,'零基础',1,5,'自报名起每周一、二、三、四、五、六、日 10:31-16:30','阿斯蒂芬','请联系培训机构','请联系培训机构','请联系培训机构','请联系培训机构','2',1,7,1),('d19925111cdd4faba63f5090948be66d','2018-11-01 11:51:44','2018-11-01 11:51:44',00000000020,'1','2','11.1课程测试1','https://ekeae-image.oss-cn-shenzhen.aliyuncs.com/ball/2018/10/10/9f4f74cd2310418b93a5d17773dbefc9.jpeg','0.10',15,60,'零基础',1,10,'自报名起每周一、二、三、四、五、六、日 10:30-16:30','一对一','请联系培训机构','请联系培训机构','请联系培训机构','请联系培训机构','2',1,3,1);

/*Table structure for table `TrainCourseCollect` */

DROP TABLE IF EXISTS `TrainCourseCollect`;

CREATE TABLE `TrainCourseCollect` (
  `ID` varchar(32) NOT NULL COMMENT 'ID',
  `Create_time` datetime DEFAULT NULL COMMENT '创建时间',
  `Train_course_id` varchar(32) DEFAULT NULL COMMENT '课程ID',
  `Member_id` varchar(32) DEFAULT NULL COMMENT '用户ID',
  PRIMARY KEY (`ID`)
) ENGINE=MyISAM DEFAULT CHARSET=utf8;

/*Data for the table `TrainCourseCollect` */

insert  into `TrainCourseCollect`(`ID`,`Create_time`,`Train_course_id`,`Member_id`) values ('ef5d386549134b8c86ed1d34f3ca4fbb','2018-10-23 20:50:34','1','c141fac9aa9e4da39dd22c21ba8e16a6'),('8c3770d08aed4ea9948a7027b9b9292f','2018-10-25 10:16:07','1','512e6f4e09af45b2ab008a0133880f05'),('8b71798ae3c64eff99118252a2301809','2018-10-24 09:38:49','ee9da7e0c32249468550ff2780f9c817','512e6f4e09af45b2ab008a0133880f05'),('651a3daec3704ef285d8cd528bb43f2b','2018-10-25 10:16:05','1','512e6f4e09af45b2ab008a0133880f05'),('efd7a73601904ff18407a077a7235a49','2018-10-25 14:23:55','6ca44ea715b44c4aa858247a914f478d','1f339d03a0b74dc3b33042294cd07b97'),('ebec1cc2a1d64a84858549fc19a61eea','2018-10-25 14:22:02','6ca44ea715b44c4aa858247a914f478d','1f339d03a0b74dc3b33042294cd07b97'),('954d9fbdea6a43288dba11e7d93d65be','2018-10-26 17:46:10','1','1'),('b2dfc4c817284048846464afe8cd4c59','2018-10-26 17:48:32','1','1'),('fc7585b8d046439892cfc2a4e192d10f','2018-10-26 17:48:33','1','1');

/*Table structure for table `TrainEnter` */

DROP TABLE IF EXISTS `TrainEnter`;

CREATE TABLE `TrainEnter` (
  `ID` varchar(32) NOT NULL COMMENT 'ID',
  `Create_time` datetime DEFAULT NULL COMMENT '创建时间',
  `Member_id` varchar(32) DEFAULT NULL COMMENT '申请人',
  `Title` varchar(100) DEFAULT NULL COMMENT '机构名称',
  `Longitude` double DEFAULT NULL COMMENT '经度',
  `Latitude` double DEFAULT NULL COMMENT '纬度',
  `Address` varchar(100) DEFAULT NULL COMMENT '地址',
  `Check_flag` int(1) NOT NULL DEFAULT '0' COMMENT '审核状态0=待审核1=审核通过2=审核拒绝',
  `Teach_class` varchar(100) DEFAULT NULL COMMENT '开设科目逗号隔开(网球,足球,羽毛球)',
  `Check_time` datetime DEFAULT NULL COMMENT '审核时间',
  `Check_staff` varchar(32) DEFAULT NULL COMMENT '审核人',
  `Main_name` varchar(100) DEFAULT NULL COMMENT '负责人',
  `Main_phone` varchar(100) DEFAULT NULL COMMENT '负责人电话',
  `Teach_sum` varchar(100) DEFAULT NULL COMMENT '教练队伍',
  `Content` varchar(100) DEFAULT NULL COMMENT '审核意见',
  `Head_image` varchar(200) DEFAULT NULL COMMENT '封面图',
  `City_name` varchar(100) DEFAULT NULL COMMENT '城市名',
  PRIMARY KEY (`ID`)
) ENGINE=MyISAM DEFAULT CHARSET=utf8 COMMENT='培训机构入驻申请表';

/*Data for the table `TrainEnter` */

insert  into `TrainEnter`(`ID`,`Create_time`,`Member_id`,`Title`,`Longitude`,`Latitude`,`Address`,`Check_flag`,`Teach_class`,`Check_time`,`Check_staff`,`Main_name`,`Main_phone`,`Teach_sum`,`Content`,`Head_image`,`City_name`) values ('db7d68bfe7714f47a2ca9d67c0600e0b','2018-10-17 16:09:32','512e6f4e09af45b2ab008a0133880f05','测试12341234',1,1,'1',1,'网球,足球,羽毛球','2018-10-18 11:22:30','A1111111111111111111111111111111','1','1','2人','1234',NULL,NULL),('7f524fec19714464bea5a88a0183d128','2018-10-17 20:59:02','1f339d03a0b74dc3b33042294cd07b97','',NULL,NULL,NULL,2,'','2018-10-18 10:01:34',NULL,'','','2人以内','12341234',NULL,NULL),('8dcb40ab1c0c4922a0aab5b2ebd4c401','2018-10-18 10:04:55','1f339d03a0b74dc3b33042294cd07b97','',NULL,NULL,NULL,2,'','2018-10-20 15:58:50','27570460944540e186978a5414bb86ef','','','2人以内','4242342',NULL,NULL),('282cc06c61714fe094647a1a6fd9b335','2018-10-18 10:07:38','1f339d03a0b74dc3b33042294cd07b97','asf',114.06031,22.72174,'广东省深圳市龙华区',0,'足球',NULL,NULL,'asd','NaN','2人以内',NULL,NULL,NULL),('dac90130d0234ebea9793e92a0d58f0c','2018-10-18 10:25:48','1f339d03a0b74dc3b33042294cd07b97','哈哈哈哈',114.04109,22.61846,'广东省深圳市龙华区民治大道222号',0,'足球',NULL,NULL,'星期','13487','2人以内',NULL,NULL,NULL),('44e839c3b66042439272818ef719b286','2018-10-18 10:26:42','1f339d03a0b74dc3b33042294cd07b97','体育用品',114.02924,22.609562,'广东省深圳市龙华区民治街道致远中路28号',0,'足球,羽毛球',NULL,NULL,'您让自己','136497','3~5人',NULL,NULL,NULL),('c5ac499dd3ef4150ae9a2b218b1a7e98','2018-10-18 11:04:13','1f339d03a0b74dc3b33042294cd07b97','asd',114.06031,22.72174,'广东省深圳市龙华区',1,'网球,足球,羽毛球','2018-10-20 16:43:26','1','asdfa','21355632','3~5人','1234',NULL,NULL),('6c6ed395bcdb4c51a7a873aa3667e619','2018-10-20 10:59:32','1f339d03a0b74dc3b33042294cd07b97','去三沙',114.0403,22.618494,'广东省深圳市龙华区民治大道317号',0,'网球,足球,羽毛球',NULL,NULL,'明','123','2人以内',NULL,'https://ekeae-image.oss-cn-shenzhen.aliyuncs.com/ball/2018/10/20/28abfa8aba7d48b0b4b6d20103bc7630.jpg','深圳'),('bf6c6bd7ea5744ea80269246f99252fd','2018-10-20 11:00:51','1f339d03a0b74dc3b33042294cd07b97','里咯',114.04031,22.61804,'广东省深圳市龙华区民治大道317号',1,'足球','2018-10-20 11:45:25','72f2571706694e3fa0f10f451be7fad1','经理','123','2人以内','通过审核','','深圳');

/*Table structure for table `TrainLog` */

DROP TABLE IF EXISTS `TrainLog`;

CREATE TABLE `TrainLog` (
  `ID` char(32) NOT NULL COMMENT '培训',
  `CreateTime` datetime NOT NULL COMMENT '创建时间',
  `TrainID` varchar(32) NOT NULL COMMENT '培训ID',
  `Type` int(1) NOT NULL DEFAULT '0' COMMENT '类别(0=系统1=人工)',
  `Content` varchar(200) NOT NULL COMMENT '内容',
  PRIMARY KEY (`ID`)
) ENGINE=MyISAM DEFAULT CHARSET=utf8;

/*Data for the table `TrainLog` */

insert  into `TrainLog`(`ID`,`CreateTime`,`TrainID`,`Type`,`Content`) values ('1','2018-08-20 11:41:32','1',0,'培训');

/*Table structure for table `TrainOrder` */

DROP TABLE IF EXISTS `TrainOrder`;

CREATE TABLE `TrainOrder` (
  `ID` varchar(32) NOT NULL COMMENT '培训订单',
  `Create_time` datetime DEFAULT NULL COMMENT '创建时间',
  `Modify_time` datetime DEFAULT NULL COMMENT '修改时间',
  `Train_order_no` int(11) unsigned zerofill NOT NULL AUTO_INCREMENT COMMENT '订单号',
  `Train_course_id` varchar(32) NOT NULL COMMENT '课程ID',
  `Phone` varchar(20) DEFAULT NULL COMMENT '手机号码',
  `Content` varchar(100) DEFAULT NULL COMMENT '备注',
  `Member_id` varchar(32) DEFAULT NULL COMMENT '用户ID',
  `Class_hour_sum` int(11) NOT NULL DEFAULT '0' COMMENT '上课总课时',
  `Class_hour` int(11) NOT NULL DEFAULT '0' COMMENT '已上课课时',
  `Amount` decimal(11,2) DEFAULT NULL COMMENT '支付金额',
  `Pay_time` datetime DEFAULT NULL COMMENT '支付时间',
  `Pay_type` int(1) DEFAULT NULL COMMENT '支付状态(0=待支付1=支付成功2=支付取消)',
  `WXBack_content` varchar(2000) DEFAULT NULL COMMENT '微信支付回调参数',
  PRIMARY KEY (`ID`),
  KEY `Train_order_no` (`Train_order_no`)
) ENGINE=MyISAM AUTO_INCREMENT=27 DEFAULT CHARSET=utf8 COMMENT='课程报名订单表';

/*Data for the table `TrainOrder` */

insert  into `TrainOrder`(`ID`,`Create_time`,`Modify_time`,`Train_order_no`,`Train_course_id`,`Phone`,`Content`,`Member_id`,`Class_hour_sum`,`Class_hour`,`Amount`,`Pay_time`,`Pay_type`,`WXBack_content`) values ('1','2018-10-06 11:45:17','2018-10-06 11:45:17',00000000001,'1','13332951076','fgd','1f339d03a0b74dc3b33042294cd07b97',1000,1,'1.00',NULL,0,NULL),('96f6f4aa4e6447d7a25e65874510d11b','2018-10-06 11:51:53','2018-10-06 11:51:53',00000000002,'1','13332951079','dg','1f339d03a0b74dc3b33042294cd07b97',10,2,'1.00',NULL,0,NULL),('ef42b420dc3a47699342dc264992788f','2018-10-06 11:53:45','2018-10-06 11:53:45',00000000003,'1','13332951076','ad','1f339d03a0b74dc3b33042294cd07b97',10,3,'1.00',NULL,0,NULL),('f495016eb2c04503849d33c878fce130','2018-11-01 14:21:49','2018-11-01 14:21:49',00000000015,'d19925111cdd4faba63f5090948be66d','1','','1',10,0,'0.10',NULL,0,NULL),('386b9ef2bd0149d38f84a4b052f4bfd7','2018-11-01 14:21:55','2018-11-01 14:21:55',00000000016,'d19925111cdd4faba63f5090948be66d','1','','1',10,0,'0.10',NULL,1,NULL),('0caead39100a484ea52383d1f660f84d','2018-11-01 14:23:59','2018-11-01 14:23:59',00000000017,'d19925111cdd4faba63f5090948be66d','111','','1',10,0,'0.10',NULL,0,NULL),('a4491b88ac4f4f85a1d1134c5d6763aa','2018-11-01 14:58:31','2018-11-01 14:58:31',00000000018,'1','1324','支付调试','1f339d03a0b74dc3b33042294cd07b97',0,0,'100.00',NULL,0,NULL),('305cba8b21af40b2bf7879cddf2e6b4d','2018-11-01 14:59:27','2018-11-01 14:59:27',00000000019,'1','136456','hshh','1f339d03a0b74dc3b33042294cd07b97',0,0,'100.00',NULL,0,NULL),('5d91e3aa64b8486e9a71416fa61b7e77','2018-11-01 15:02:57','2018-11-01 15:02:57',00000000020,'1','1234','支付调试','1f339d03a0b74dc3b33042294cd07b97',0,0,'100.00',NULL,0,NULL),('ccee3316a1f84a918b88496020f58cde','2018-11-01 15:03:11','2018-11-01 15:03:11',00000000021,'1','1234','支付调试','1f339d03a0b74dc3b33042294cd07b97',0,0,'100.00',NULL,0,NULL),('ef30a2c4b4e840cbafc71f67529b516d','2018-11-01 15:05:24','2018-11-01 15:05:24',00000000022,'1','2134','','1f339d03a0b74dc3b33042294cd07b97',0,0,'100.00',NULL,0,NULL),('b241edf55b554830b662095716eb6a52','2018-11-01 15:06:20','2018-11-01 15:06:20',00000000023,'1','134','1234','1f339d03a0b74dc3b33042294cd07b97',0,0,'100.00',NULL,0,NULL),('2b759b5ae651447ab30af62791c3a1b8','2018-11-01 15:06:25','2018-11-01 15:06:25',00000000024,'1','134','1234','1f339d03a0b74dc3b33042294cd07b97',0,0,'100.00',NULL,0,NULL),('d893a78b2f7446da91b3d6200118b742','2018-11-01 15:08:46','2018-11-01 15:08:46',00000000025,'1','1234','','1f339d03a0b74dc3b33042294cd07b97',0,0,'100.00',NULL,0,NULL),('6d8dddcbbced4babafcc26dbced9741c','2018-11-01 15:11:20','2018-11-01 15:11:20',00000000026,'d19925111cdd4faba63f5090948be66d','1234','','1f339d03a0b74dc3b33042294cd07b97',10,2,'0.10',NULL,1,NULL);

/*Table structure for table `TrainOrderComment` */

DROP TABLE IF EXISTS `TrainOrderComment`;

CREATE TABLE `TrainOrderComment` (
  `ID` varchar(32) NOT NULL COMMENT '培训评价表',
  `Create_time` datetime DEFAULT NULL COMMENT '创建时间',
  `Modify_time` datetime DEFAULT NULL COMMENT '修改时间(作为评价时间)',
  `Train_order_id` varchar(32) NOT NULL COMMENT '订单ID',
  `Train_coach_id` varchar(32) DEFAULT NULL COMMENT '发送人',
  `Member_id` varchar(32) DEFAULT NULL COMMENT '接收人',
  `Class_hour` int(11) NOT NULL COMMENT '当前课时数',
  `State` int(11) NOT NULL DEFAULT '0' COMMENT '评价状态0=待评价1=已评价2=评价超时',
  `Content` varchar(100) NOT NULL DEFAULT '默认好评' COMMENT '评价内容',
  `Comment_select` int(1) NOT NULL DEFAULT '1' COMMENT '评价选择(1=好评2=中评3=差评4=拒绝评价)',
  PRIMARY KEY (`ID`),
  KEY `Train_order_no` (`Train_order_id`)
) ENGINE=MyISAM DEFAULT CHARSET=utf8 COMMENT='培训评价表';

/*Data for the table `TrainOrderComment` */

insert  into `TrainOrderComment`(`ID`,`Create_time`,`Modify_time`,`Train_order_id`,`Train_coach_id`,`Member_id`,`Class_hour`,`State`,`Content`,`Comment_select`) values ('5bc65ddc1ec441e283b05fdb4f8c0838','2018-10-09 15:07:08','2018-10-10 10:09:05','1','1','512e6f4e09af45b2ab008a0133880f05',2,1,'真实好',1),('5bc65ddc1ec441e283b05fdb4f8c0837','2018-10-10 09:15:23','2018-10-10 10:11:22','1','1','512e6f4e09af45b2ab008a0133880f05',1,1,'真实好',1),('aca88a76307342f3883ca6e7acaaff31','2018-11-01 11:58:05','2018-11-01 15:33:42','ef42b420dc3a47699342dc264992788f','2','1f339d03a0b74dc3b33042294cd07b97',4,1,'默认好评',1),('1af3f89438054da39a4867a339b89b71','2018-11-01 14:12:35','2018-11-02 14:13:00','96f6f4aa4e6447d7a25e65874510d11b','2','1f339d03a0b74dc3b33042294cd07b97',3,2,'第3课时默认好评',1),('4722174f4bf54987870d4cd58ea8a119','2018-11-01 14:12:37','2018-11-02 14:13:00','1','2','1f339d03a0b74dc3b33042294cd07b97',2,2,'第2课时默认好评',1),('dbdb72d6c09a4942b46145899a80e4cc','2018-11-01 15:12:13','2018-11-01 15:20:28','6d8dddcbbced4babafcc26dbced9741c','2','1f339d03a0b74dc3b33042294cd07b97',1,1,'默认好评',1),('16ff0f29e71d423c978861a374935ee3','2018-11-01 15:23:59','2018-11-01 15:29:37','6d8dddcbbced4babafcc26dbced9741c','2','1f339d03a0b74dc3b33042294cd07b97',1,1,'默认好评',1),('9cf106de65ac4b61a2537bcd21b44b54','2018-11-01 15:43:11','2018-11-01 15:43:21','6d8dddcbbced4babafcc26dbced9741c','2','1f339d03a0b74dc3b33042294cd07b97',1,1,'课时保质保量，很满意',1),('f65e3ed07ca94d1fa519719af4fe245c','2018-11-01 15:43:42','2018-11-01 15:53:23','6d8dddcbbced4babafcc26dbced9741c','2','1f339d03a0b74dc3b33042294cd07b97',2,1,'asfdadsfadsfasfd',2);

/*Table structure for table `TrainOrderLog` */

DROP TABLE IF EXISTS `TrainOrderLog`;

CREATE TABLE `TrainOrderLog` (
  `ID` char(32) NOT NULL COMMENT '培训',
  `Create_time` datetime NOT NULL COMMENT '创建时间',
  `Train_order_id` varchar(32) NOT NULL COMMENT '培训ID',
  `Type` int(1) NOT NULL DEFAULT '0' COMMENT '类别(0=系统1=人工)',
  `Content` varchar(200) NOT NULL COMMENT '内容',
  PRIMARY KEY (`ID`)
) ENGINE=MyISAM DEFAULT CHARSET=utf8 COMMENT='培训课程报名日志';

/*Data for the table `TrainOrderLog` */

insert  into `TrainOrderLog`(`ID`,`Create_time`,`Train_order_id`,`Type`,`Content`) values ('1','2018-10-30 09:23:52','1',0,'创建订单'),('2','2018-10-30 09:23:53','1',0,'1/12课时费用支付');

/*Table structure for table `TrainTeam` */

DROP TABLE IF EXISTS `TrainTeam`;

CREATE TABLE `TrainTeam` (
  `ID` char(32) NOT NULL COMMENT '培训机构',
  `Train_team_no` int(11) unsigned zerofill NOT NULL AUTO_INCREMENT COMMENT '培训机构编号',
  `Create_time` datetime DEFAULT NULL COMMENT '创建时间',
  `Modify_time` datetime DEFAULT NULL COMMENT '修改时间',
  `Title` varchar(50) NOT NULL COMMENT '名称',
  `Title_flag` int(1) NOT NULL DEFAULT '1' COMMENT '是否可以修改名称(0=否1=是)',
  `Phone` varchar(20) DEFAULT NULL COMMENT '电话',
  `Head_image` varchar(300) NOT NULL DEFAULT 'https://ekeae-image.oss-cn-shenzhen.aliyuncs.com/baseImage/trainCourse.jpg' COMMENT '封面图',
  `Brand_content` varchar(300) NOT NULL DEFAULT '这家培训机构很懒,没有留下任何介绍！' COMMENT '品牌故事',
  `Trait` varchar(300) NOT NULL DEFAULT '新开机构' COMMENT '办学特色(使用;隔开)',
  `Free_classes` int(1) NOT NULL DEFAULT '0' COMMENT '是否有免费课程(0=否1=是)',
  `Free_parking` int(1) NOT NULL DEFAULT '0' COMMENT '是否有免费停车(0=否1=是)',
  `City_id` varchar(32) DEFAULT NULL COMMENT '城市ID',
  `Address` varchar(50) DEFAULT NULL COMMENT '地址',
  `Longitude` double NOT NULL COMMENT '经度',
  `Latitude` double NOT NULL COMMENT '纬度',
  `Venue_number` int(11) NOT NULL DEFAULT '0' COMMENT '开课球馆数量',
  `Teach_class` varchar(500) DEFAULT NULL COMMENT '开设科目逗号隔开(网球,足球,羽毛球)',
  `Level` int(11) DEFAULT NULL COMMENT '评级',
  `Level_time` datetime DEFAULT NULL COMMENT '评级修改时间',
  `Min_amount` double NOT NULL DEFAULT '100' COMMENT '最低价格',
  `Ball_hour1` int(11) NOT NULL DEFAULT '60' COMMENT '网球课时长度',
  `Ball_hour2` int(11) NOT NULL DEFAULT '60' COMMENT '足球课时长度',
  `Ball_hour3` int(11) NOT NULL DEFAULT '60' COMMENT '羽毛球课时长度',
  `Type_flag` int(1) NOT NULL DEFAULT '1' COMMENT '状态0=禁用1=正常',
  PRIMARY KEY (`ID`),
  KEY `Train_team_no` (`Train_team_no`)
) ENGINE=MyISAM AUTO_INCREMENT=10000002 DEFAULT CHARSET=utf8 COMMENT='培训机构表';

/*Data for the table `TrainTeam` */

insert  into `TrainTeam`(`ID`,`Train_team_no`,`Create_time`,`Modify_time`,`Title`,`Title_flag`,`Phone`,`Head_image`,`Brand_content`,`Trait`,`Free_classes`,`Free_parking`,`City_id`,`Address`,`Longitude`,`Latitude`,`Venue_number`,`Teach_class`,`Level`,`Level_time`,`Min_amount`,`Ball_hour1`,`Ball_hour2`,`Ball_hour3`,`Type_flag`) values ('1',00000000001,'2018-09-30 09:23:20','2018-11-01 15:37:10','小梅沙培训中心12341',0,'15220000','https://ekeae-image.oss-cn-shenzhen.aliyuncs.com/baseImage/trainCourse.jpg','介阿斯蒂','一对一私教;一对二私教;青少年寒暑假提高;成人初级班',1,1,'1','地址测试',114.034164,22.6211334,3,'网球,羽毛球,足球',8,'2018-10-12 10:31:23',0.1,60,65,60,1),('4cbdf28feb1542a18ed7e4033f3f9598',00000000002,'2018-10-18 11:22:30','2018-10-18 11:22:30','测试12341234',1,'1','https://ekeae-image.oss-cn-shenzhen.aliyuncs.com/baseImage/trainCourse.jpg','这家培训机构很懒,没有留下任何介绍！','',0,0,'02c05de7c17e4d49b43b4846edb757d1','1',114.06031,22.72474,2,'网球,足球,羽毛球',9,'2018-10-29 20:43:54',100,60,60,60,1),('89f58058bf54485d94fc45a9900bae37',00000000003,'2018-10-19 10:51:52','2018-10-19 10:51:52','羽show羽毛球俱乐部',1,'123','https://ekeae-image.oss-cn-shenzhen.aliyuncs.com/baseImage/trainCourse.jpg','这家培训机构很懒,没有留下任何介绍！','',0,0,'02c05de7c17e4d49b43b4846edb757d1','广东省深圳市龙华区',114.06031,22.72374,0,'网球场',12,'2018-10-19 10:51:52',100,60,60,60,1),('240f668c6c93456d8b573db30ce6984b',00000000004,'2018-10-20 11:45:25','2018-10-20 11:45:25','里咯',1,'123','https://ekeae-image.oss-cn-shenzhen.aliyuncs.com/baseImage/trainCourse.jpg','这家培训机构很懒,没有留下任何介绍！','',0,0,'AAAAAAAAAAAAAAAAAAAAAAAAAAAAAAAA','广东省深圳市龙华区民治大道317号',114.04031,22.61804,0,'足球',12,'2018-10-20 11:45:25',100,60,60,60,1),('606519d90b364cde8667b094e897dcc3',00000000005,'2018-10-20 16:43:27','2018-10-27 10:44:37','asd',1,'21355632','https://ekeae-image.oss-cn-shenzhen.aliyuncs.com/baseImage/trainCourse.jpg','这家培训机构很懒,没有留下任何介绍！  你才懒。','',1,1,'02c05de7c17e4d49b43b4846edb757d1','广东省深圳市龙华区',114.06031,22.71174,3,'羽毛球,网球',12,'2018-10-20 16:43:27',100,80,25,40,1);

/*Table structure for table `TrainTeamCoach` */

DROP TABLE IF EXISTS `TrainTeamCoach`;

CREATE TABLE `TrainTeamCoach` (
  `ID` varchar(32) NOT NULL COMMENT 'ID',
  `Train_team_id` varchar(32) DEFAULT NULL COMMENT '培训机构ID',
  `Train_coach_id` varchar(32) DEFAULT NULL COMMENT '教练ID',
  `Manager` int(1) NOT NULL DEFAULT '0' COMMENT '教练所属机构身份0=普通教练1=创建人2=管理员',
  `Show_flag` int(1) NOT NULL DEFAULT '1' COMMENT '是否允许进入培训机构0=禁用1=正常',
  `Teach_type` int(1) DEFAULT NULL COMMENT '教学身份1=主教2=助教3=内勤',
  PRIMARY KEY (`ID`)
) ENGINE=MyISAM DEFAULT CHARSET=utf8 COMMENT='培训机构拥有教练表';

/*Data for the table `TrainTeamCoach` */

insert  into `TrainTeamCoach`(`ID`,`Train_team_id`,`Train_coach_id`,`Manager`,`Show_flag`,`Teach_type`) values ('1','1','1',2,1,1),('2','1','2',2,1,1),('3','1','3',2,1,1);

/*Table structure for table `TrainTeamCollect` */

DROP TABLE IF EXISTS `TrainTeamCollect`;

CREATE TABLE `TrainTeamCollect` (
  `ID` varchar(32) NOT NULL COMMENT 'ID',
  `Create_time` datetime DEFAULT NULL COMMENT '创建时间',
  `Train_team_id` varchar(32) DEFAULT NULL COMMENT '培训机构ID',
  `Member_id` varchar(32) DEFAULT NULL COMMENT '用户ID',
  PRIMARY KEY (`ID`)
) ENGINE=MyISAM DEFAULT CHARSET=utf8 COMMENT='培训机构收藏表';

/*Data for the table `TrainTeamCollect` */

insert  into `TrainTeamCollect`(`ID`,`Create_time`,`Train_team_id`,`Member_id`) values ('559a8b5837644a739bd45e82690cff3e','2018-10-24 09:33:58','1','512e6f4e09af45b2ab008a0133880f05'),('1b540fb774e24aae9d17cd2c39e93ec2','2018-10-25 10:50:54','89f58058bf54485d94fc45a9900bae37','3'),('09fdd704af4c4e0d993c725ae430e24b','2018-10-25 20:14:25','240f668c6c93456d8b573db30ce6984b','1f339d03a0b74dc3b33042294cd07b97'),('e953c4cecc0648cbb4f49e256f1d2775','2018-10-25 14:20:48','606519d90b364cde8667b094e897dcc3','1f339d03a0b74dc3b33042294cd07b97'),('0b1a974be41347e3a27c85ac4503a9f9','2018-10-27 15:06:47','1','3');

/*Table structure for table `TrainTeamFeedback` */

DROP TABLE IF EXISTS `TrainTeamFeedback`;

CREATE TABLE `TrainTeamFeedback` (
  `ID` varchar(32) NOT NULL COMMENT 'ID',
  `Create_time` datetime DEFAULT NULL COMMENT '创建时间',
  `Content` varchar(100) NOT NULL COMMENT '反馈内容',
  `Train_team_id` varchar(32) DEFAULT NULL COMMENT '培训机构ID',
  `Member_id` varchar(32) DEFAULT NULL COMMENT '用户ID',
  PRIMARY KEY (`ID`)
) ENGINE=MyISAM DEFAULT CHARSET=utf8 COMMENT='培训机构反馈表';

/*Data for the table `TrainTeamFeedback` */

insert  into `TrainTeamFeedback`(`ID`,`Create_time`,`Content`,`Train_team_id`,`Member_id`) values ('04ac8ef0904e4f91beb3380122728c50','2018-10-12 10:58:30','测试','1','512e6f4e09af45b2ab008a0133880f05'),('dc1545abbb7c4fab8c6ce8445928d974','2018-10-12 10:58:34','测试','1','512e6f4e09af45b2ab008a0133880f05'),('9702afc2d6214ca8aa0ef577691d4b5f','2018-10-12 10:58:35','测试','1','512e6f4e09af45b2ab008a0133880f05'),('aed9463b3460443e89f03bffe14df0b2','2018-10-12 10:58:48','测试12341234','1','512e6f4e09af45b2ab008a0133880f05'),('0070a4a400fa48b793debe7a5ef5d231','2018-10-15 09:34:48','','1','1f339d03a0b74dc3b33042294cd07b97'),('7d39ae5debf240aeb4391c9351b296aa','2018-10-15 09:46:14','','1','1f339d03a0b74dc3b33042294cd07b97'),('46c8eb6d6dc646369913c88ccaaf3bd9','2018-10-15 09:47:58','sadfasfd','1','1f339d03a0b74dc3b33042294cd07b97'),('c00eafb4c21041e98a14d38f4b14adad','2018-10-15 09:48:50','asfdasf','1','1f339d03a0b74dc3b33042294cd07b97'),('d8c53f845bc841d48ac1be37026311e6','2018-10-15 11:48:12','测试12341234','1','512e6f4e09af45b2ab008a0133880f05'),('fcf59915496d47c2a0c0109f1ae4431f','2018-10-15 11:49:08','测试12341234','1','512e6f4e09af45b2ab008a0133880f05'),('d5847d0c816d407e9f54f8fcc1d3279c','2018-10-15 11:50:29','测试12341234','1','512e6f4e09af45b2ab008a0133880f05');

/*Table structure for table `TrainTeamImage` */

DROP TABLE IF EXISTS `TrainTeamImage`;

CREATE TABLE `TrainTeamImage` (
  `ID` char(32) NOT NULL COMMENT '培训机构图',
  `Create_time` datetime DEFAULT NULL COMMENT '创建时间',
  `Modify_time` datetime DEFAULT NULL COMMENT '修改时间',
  `Path` varchar(300) DEFAULT NULL COMMENT '图片地址',
  `Train_team_id` varchar(32) DEFAULT NULL COMMENT '培训机构ID',
  PRIMARY KEY (`ID`)
) ENGINE=MyISAM DEFAULT CHARSET=utf8 COMMENT='培训机构图片表';

/*Data for the table `TrainTeamImage` */

insert  into `TrainTeamImage`(`ID`,`Create_time`,`Modify_time`,`Path`,`Train_team_id`) values ('cd2f5d932b844ee6804fda43e750af05','2018-11-01 15:37:10','2018-11-01 15:37:10','https://ekeae-image.oss-cn-shenzhen.aliyuncs.com/baseImage/trainCourse.jpg','1'),('39621ba848eb4ea3b37a7e20ed3d8356','2018-11-01 15:37:10','2018-11-01 15:37:10','https://ekeae-image.oss-cn-shenzhen.aliyuncs.com/baseImage/trainCourse.jpg','1'),('af9bb5a109274d1e91350f78555074a8','2018-11-01 15:37:10','2018-11-01 15:37:10','https://ekeae-image.oss-cn-shenzhen.aliyuncs.com/baseImage/trainCourse.jpg','1'),('13118429ff0a4097a6c0c0f5b7bdc714','2018-10-27 10:44:37','2018-10-27 10:44:37','https://ekeae-image.oss-cn-shenzhen.aliyuncs.com/ball/2018/10/27/014366ebde694c2092d76a9fae745dd5.jpeg','606519d90b364cde8667b094e897dcc3');

/*Table structure for table `TrainTeamLog` */

DROP TABLE IF EXISTS `TrainTeamLog`;

CREATE TABLE `TrainTeamLog` (
  `ID` varchar(32) NOT NULL COMMENT 'ID',
  `Create_time` datetime NOT NULL COMMENT '创建时间',
  `Train_team_id` varchar(32) NOT NULL COMMENT '培训机构ID',
  `Content` varchar(500) DEFAULT NULL COMMENT '备注内容',
  PRIMARY KEY (`ID`)
) ENGINE=MyISAM DEFAULT CHARSET=utf8;

/*Data for the table `TrainTeamLog` */

insert  into `TrainTeamLog`(`ID`,`Create_time`,`Train_team_id`,`Content`) values ('1','2018-10-12 20:57:00','1','1'),('248b73294b9944b58cf151df624aabef','2018-11-01 10:00:13','1','梁家健在客户端修改培训机构数据'),('ef23f039e84e4c109ebfcf416cae4655','2018-11-01 15:37:10','1','梁家健在客户端修改培训机构数据');

/*Table structure for table `TrainTeamPhone` */

DROP TABLE IF EXISTS `TrainTeamPhone`;

CREATE TABLE `TrainTeamPhone` (
  `ID` varchar(32) NOT NULL COMMENT 'ID',
  `Create_time` datetime NOT NULL COMMENT '创建时间',
  `Train_team_id` varchar(32) DEFAULT NULL COMMENT '培训机构ID',
  `Member_id` varchar(32) DEFAULT NULL COMMENT '用户ID',
  PRIMARY KEY (`ID`)
) ENGINE=MyISAM DEFAULT CHARSET=utf8 COMMENT='培训机构拨打电话记录表';

/*Data for the table `TrainTeamPhone` */

insert  into `TrainTeamPhone`(`ID`,`Create_time`,`Train_team_id`,`Member_id`) values ('1','2018-10-15 10:32:46','1','512e6f4e09af45b2ab008a0133880f05'),('1d7372ee9b8d449296f85554fc0a3a98','2018-10-15 11:36:41','1','512e6f4e09af45b2ab008a0133880f05'),('ca09392da3434a8b83d9eeb500c5afd1','2018-10-15 11:36:44','1','512e6f4e09af45b2ab008a0133880f05'),('2d83bb5e38de4e7e89bdafb1cf4309ca','2018-10-15 11:36:45','1','512e6f4e09af45b2ab008a0133880f05'),('84339999da4347e88b377211040ff65d','2018-10-15 11:48:06','1','512e6f4e09af45b2ab008a0133880f05'),('4b6e9439da75422cbea1cd6b8c0b41f5','2018-10-15 16:10:37','1','1f339d03a0b74dc3b33042294cd07b97'),('484b4c608f814c399b49e6b10b711191','2018-10-15 16:10:39','1','1f339d03a0b74dc3b33042294cd07b97'),('dc4867f55e7b44ebb189ca9dfaf8611c','2018-10-15 16:11:25','1','1f339d03a0b74dc3b33042294cd07b97'),('229a99aeadd4422f844ab3951f3390b6','2018-10-15 16:20:13','1','1f339d03a0b74dc3b33042294cd07b97'),('f261a616a522470d82d179156bda198f','2018-10-15 16:20:38','1','1f339d03a0b74dc3b33042294cd07b97'),('b5c19d94873a496d85030f8aebefb368','2018-10-15 16:24:17','1','1f339d03a0b74dc3b33042294cd07b97'),('226229c05f034f4ca2021706df0398fc','2018-10-15 16:24:19','1','1f339d03a0b74dc3b33042294cd07b97'),('e9f79e4993284fed83cc084170bfe8dc','2018-10-15 16:24:22','1','1f339d03a0b74dc3b33042294cd07b97'),('af61e89aabfb47c8bbebc5b1fa5985d5','2018-10-15 19:48:14','1','1f339d03a0b74dc3b33042294cd07b97'),('a248cd3b9dc74fa6833b1f46d3eb679f','2018-10-15 19:49:33','1','1f339d03a0b74dc3b33042294cd07b97'),('e7d3c7254b4746b8844dd9d622ee4fd5','2018-10-23 15:32:22','1','1f339d03a0b74dc3b33042294cd07b97'),('76adffc848cf4a5b882f520338d41082','2018-10-27 11:47:51','1','1f339d03a0b74dc3b33042294cd07b97');

/*Table structure for table `TrainTeamVenue` */

DROP TABLE IF EXISTS `TrainTeamVenue`;

CREATE TABLE `TrainTeamVenue` (
  `ID` char(32) NOT NULL COMMENT 'ID',
  `Train_venue_id` varchar(32) NOT NULL COMMENT '教学场地ID',
  `Train_team_id` varchar(32) NOT NULL COMMENT '培训机构ID',
  PRIMARY KEY (`ID`)
) ENGINE=MyISAM DEFAULT CHARSET=utf8 COMMENT='培训机构使用场地表';

/*Data for the table `TrainTeamVenue` */

insert  into `TrainTeamVenue`(`ID`,`Train_venue_id`,`Train_team_id`) values ('1','2','1'),('ecd68da207af4c4f9cb026e2ff35c1cb','6a5bce2d48ff4dae89b495d40cd5d84b','4cbdf28feb1542a18ed7e4033f3f9598'),('ddb85c6663f049489df19dd0a023bb14','506a052fa64849b18b6b3109f169e5c1','1'),('3901e533a44d4cf4bfa4524d6f5ed995','96d14f996de94a78a168b688330b68aa','1'),('2db18bdaddff4fa9a756f81b00184323','88821159a4624db2b6c24d0824282523','4cbdf28feb1542a18ed7e4033f3f9598'),('1234','1','606519d90b364cde8667b094e897dcc3'),('23','2','606519d90b364cde8667b094e897dcc3'),('89be4d3b519843d394346fa794690f0a','ddc1cb1b552841caa1317ceeedf54e39','606519d90b364cde8667b094e897dcc3');

/*Table structure for table `TrainTrial` */

DROP TABLE IF EXISTS `TrainTrial`;

CREATE TABLE `TrainTrial` (
  `ID` varchar(32) NOT NULL COMMENT 'ID',
  `Create_time` datetime DEFAULT NULL COMMENT '创建时间',
  `Modify_time` datetime DEFAULT NULL COMMENT '修改时间',
  `Train_course_id` varchar(32) NOT NULL COMMENT '课程ID',
  `Phone` varchar(20) DEFAULT NULL COMMENT '手机号码',
  `Content` varchar(100) DEFAULT NULL COMMENT '备注',
  `Member_id` varchar(32) NOT NULL COMMENT '用户ID',
  PRIMARY KEY (`ID`)
) ENGINE=MyISAM DEFAULT CHARSET=utf8 COMMENT='课程报名预约表';

/*Data for the table `TrainTrial` */

insert  into `TrainTrial`(`ID`,`Create_time`,`Modify_time`,`Train_course_id`,`Phone`,`Content`,`Member_id`) values ('cc5bb446a56745aab3d94c9c576341ee','2018-10-22 19:40:30','2018-10-22 19:40:30','1',NULL,NULL,'1f339d03a0b74dc3b33042294cd07b97'),('eac464b72b8f4156ba36516819ede009','2018-10-22 19:41:02','2018-10-22 19:41:02','1',NULL,NULL,'1f339d03a0b74dc3b33042294cd07b97'),('db694cb7295140c1826d48cfb5160fdc','2018-10-22 19:45:53','2018-10-22 19:45:53','1',NULL,NULL,'1f339d03a0b74dc3b33042294cd07b97'),('e8309a9b477f41f39127a6dd33eb9644','2018-10-23 15:36:16','2018-10-23 15:36:16','1',NULL,NULL,'1f339d03a0b74dc3b33042294cd07b97'),('7a413ba33cf641bb928c4f4445c531cf','2018-10-23 15:59:05','2018-10-23 15:59:05','1','1234','1234','1f339d03a0b74dc3b33042294cd07b97'),('679e196357d146688938dc8bb8dac421','2018-10-23 16:01:57','2018-10-23 16:01:57','1','undefined','undefined','1f339d03a0b74dc3b33042294cd07b97'),('720cc7b2e9e647aab790f395b6e0bee3','2018-10-23 16:11:57','2018-10-23 16:11:57','1',NULL,NULL,'1f339d03a0b74dc3b33042294cd07b97'),('7c9d39c3d1d5405ea368b5aaa8fa65a6','2018-10-23 16:38:29','2018-10-23 16:38:29','1','13427005671','哈哈','1f339d03a0b74dc3b33042294cd07b97'),('8b0b459636564f7a895eb88fa3823591','2018-10-23 16:39:15','2018-10-23 16:39:15','a0c006a7074746f7aa861b87c5b50e05','134','adsf','1f339d03a0b74dc3b33042294cd07b97'),('30c744c6e4a747a7843de7c19bdd4c50','2018-11-01 14:57:24','2018-11-01 14:57:24','1','1324','1234','1f339d03a0b74dc3b33042294cd07b97');

/*Table structure for table `TrainVenue` */

DROP TABLE IF EXISTS `TrainVenue`;

CREATE TABLE `TrainVenue` (
  `ID` char(32) NOT NULL COMMENT 'ID',
  `Create_time` datetime DEFAULT NULL COMMENT '创建时间',
  `Modify_time` datetime DEFAULT NULL COMMENT '修改时间',
  `Title` varchar(50) DEFAULT NULL COMMENT '球馆名',
  `Address` varchar(100) DEFAULT NULL COMMENT '详细地址',
  `Head_image` varchar(500) NOT NULL DEFAULT 'https://ekeae-image.oss-cn-shenzhen.aliyuncs.com/baseImage/venue-null.jpg' COMMENT '封面图',
  `longitude` double DEFAULT NULL COMMENT '经度',
  `latitude` double DEFAULT NULL COMMENT '纬度',
  `System_flag` int(1) NOT NULL DEFAULT '1' COMMENT '是否是系统创建(0=否1=是)',
  PRIMARY KEY (`ID`)
) ENGINE=MyISAM DEFAULT CHARSET=utf8;

/*Data for the table `TrainVenue` */

insert  into `TrainVenue`(`ID`,`Create_time`,`Modify_time`,`Title`,`Address`,`Head_image`,`longitude`,`latitude`,`System_flag`) values ('1','2018-09-30 09:30:24','2018-09-30 09:30:25','小梅沙球馆','地址','https://ekeae-image.oss-cn-shenzhen.aliyuncs.com/baseImage/venue-null.jpg',114.034164,22.6211334,1),('2','2018-10-10 14:34:36','2018-10-10 14:34:37','大梅沙球馆','地址','https://ekeae-image.oss-cn-shenzhen.aliyuncs.com/baseImage/venue-null.jpg',NULL,NULL,1),('b0cc801919ad4dcebc19717975bf2525','2018-10-10 14:58:08','2018-10-10 14:58:08','1','1','1',1,1,0),('506a052fa64849b18b6b3109f169e5c1','2018-10-10 14:58:14','2018-10-10 14:58:14','1234','1','1',1,1,0);

/*Table structure for table `Venue` */

DROP TABLE IF EXISTS `Venue`;

CREATE TABLE `Venue` (
  `ID` char(32) NOT NULL COMMENT '场馆',
  `CreateTime` datetime NOT NULL COMMENT '创建时间',
  `ModifyTime` datetime DEFAULT NULL COMMENT '修改时间',
  `VenueNO` int(11) unsigned zerofill NOT NULL AUTO_INCREMENT COMMENT '球场编号',
  `Name` varchar(100) DEFAULT NULL COMMENT '场馆名',
  `Address` varchar(100) DEFAULT NULL COMMENT '地址',
  `CityID` varchar(32) DEFAULT NULL COMMENT '城市',
  `DistrictID` varchar(32) DEFAULT NULL COMMENT '区县',
  `Owner` varchar(50) DEFAULT NULL COMMENT '经营者',
  `Tel` varchar(50) DEFAULT NULL COMMENT '联系电话',
  `BallSum` int(1) DEFAULT NULL COMMENT '场地数量',
  `Image` varchar(300) DEFAULT NULL COMMENT '封面',
  `WarmReminder` varchar(100) DEFAULT NULL COMMENT '温馨提醒',
  `Member_id` varchar(32) DEFAULT NULL COMMENT '回款人',
  `Amount` double(11,2) unsigned NOT NULL DEFAULT '0.00' COMMENT '场馆总收入',
  `Balance` double(11,2) NOT NULL DEFAULT '0.00' COMMENT '剩余可提现金额',
  `FreezeAmount` double(11,2) unsigned NOT NULL DEFAULT '0.00' COMMENT '冻结金额(已预订,但未消费)',
  `OrderVerify` int(1) NOT NULL DEFAULT '1' COMMENT '订场确认(0=人工确认1=自动确认)',
  `Longitude` double DEFAULT NULL COMMENT '经度',
  `Latitude` double DEFAULT NULL COMMENT '纬度',
  `Type` int(11) NOT NULL DEFAULT '1' COMMENT '球场类型(1=网球场2=足球场3=羽毛球馆4=篮球场)',
  `Train_add_flag` int(1) NOT NULL DEFAULT '0' COMMENT '入驻状态0=空1=添加',
  `TrainTeam` varchar(32) DEFAULT NULL COMMENT '培训机构ID',
  `ShowFlag` int(1) NOT NULL DEFAULT '2' COMMENT '状态(1=正常2=屏蔽)',
  `Min_amount` double DEFAULT NULL COMMENT '最低价格培训',
  PRIMARY KEY (`ID`),
  KEY `VenueNO` (`VenueNO`)
) ENGINE=MyISAM AUTO_INCREMENT=10001400 DEFAULT CHARSET=utf8 COMMENT='场馆表';

/*Data for the table `Venue` */

insert  into `Venue`(`ID`,`CreateTime`,`ModifyTime`,`VenueNO`,`Name`,`Address`,`CityID`,`DistrictID`,`Owner`,`Tel`,`BallSum`,`Image`,`WarmReminder`,`Member_id`,`Amount`,`Balance`,`FreezeAmount`,`OrderVerify`,`Longitude`,`Latitude`,`Type`,`Train_add_flag`,`TrainTeam`,`ShowFlag`,`Min_amount`) values ('1','2018-08-16 19:15:18','2018-08-16 19:15:19',00000000001,'民治东边球场1','民治地铁站','AAAAAAAAAAAAAAAAAAAAAAAAAAAAAAAA','0DFEAB30BF5445F89C83899C7AF64733','小宋','15207108153',1,'https://ekeae-image.oss-cn-shenzhen.aliyuncs.com/2018/10/23/ed9ac17bba594d59902976a9dd764776.jpg','天气下雨中，请带好雨伞','123456',0.00,0.00,0.00,1,114.034164,22.6211334,1,1,NULL,1,80),('2','2018-08-17 11:33:19','2018-08-17 11:33:20',00000000002,'民治西边球场','民治地铁站','AAAAAAAAAAAAAAAAAAAAAAAAAAAAAAAA','BBBBBBBBBBBBBBBBBBBBBBBBBBBBBBBB',NULL,'80018000',1,'https://ekeae-image.oss-cn-shenzhen.aliyuncs.com/2018/8/11/timg%20(1).jpg','天气下雨中，请带好雨伞','123456',0.00,0.00,0.00,1,114.034164,22.6211334,1,0,NULL,1,80),('f13ab56dfc5c4b61bda5c8e02c136aec','2018-08-24 10:56:24','2018-08-24 10:56:24',00000000003,'龙华东边球场','龙华地铁站','AAAAAAAAAAAAAAAAAAAAAAAAAAAAAAAA','BBBBBBBBBBBBBBBBBBBBBBBBBBBBBBBB',NULL,'1050456525',2,'https://ekeae-image.oss-cn-shenzhen.aliyuncs.com/2018/8/24/2e57a3ed22ca4d12b47d4b1eb60c695d.png',NULL,'123456',0.00,0.00,0.00,1,114.034164,22.6211334,1,0,NULL,1,NULL),('5a900cbe0db349b984b06df335f15a2c','2018-08-24 10:56:39','2018-08-24 10:56:39',00000000004,'龙华西边球场','龙华地铁站','AAAAAAAAAAAAAAAAAAAAAAAAAAAAAAAA','BBBBBBBBBBBBBBBBBBBBBBBBBBBBBBBB',NULL,'1050456525',2,'https://ekeae-image.oss-cn-shenzhen.aliyuncs.com/2018/8/24/2e57a3ed22ca4d12b47d4b1eb60c695d.png',NULL,'123456',0.00,0.00,0.00,1,114.034164,22.6211334,1,0,NULL,1,NULL),('0907ccbd97e54782b45c4c04089850b7','2018-08-29 17:34:54','2018-08-29 17:34:54',00000000014,'世纪祥和花园网球场','莲花二路世纪祥和花园会所','AAAAAAAAAAAAAAAAAAAAAAAAAAAAAAAA','BBBBBBBBBBBBBBBBBBBBBBBBBBBBBBBB',NULL,'0755-26887799',3,'https://ekeae-image.oss-cn-shenzhen.aliyuncs.com/2018/8/24/2e57a3ed22ca4d12b47d4b1eb60c695d.png',NULL,'123456',0.00,0.00,0.00,1,114.034164,22.6211334,1,0,NULL,1,NULL),('9fa0487eeae74181955242ee0036d5b7','2018-09-06 19:29:29','2018-09-14 08:46:07',00000000016,'','民治地铁站','AAAAAAAAAAAAAAAAAAAAAAAAAAAAAAAA','0DFEAB30BF5445F89C83899C7AF64733',NULL,'88888866666',3,'https://ekeae-image.oss-cn-shenzhen.aliyuncs.com/2018/9/12/69b5ad899e014f6999575aabfd48f8f2.jpeg','天气下雨中，请带好雨伞.大海',NULL,0.00,0.00,0.00,1,114.034164,22.6211334,1,0,NULL,1,NULL);

/*Table structure for table `VenueCheck` */

DROP TABLE IF EXISTS `VenueCheck`;

CREATE TABLE `VenueCheck` (
  `ID` varchar(32) NOT NULL COMMENT 'ID',
  `Create_time` datetime DEFAULT NULL COMMENT '创建时间',
  `Modify_time` datetime DEFAULT NULL COMMENT '修改时间',
  `Title` varchar(200) DEFAULT NULL COMMENT '场馆名',
  `Ball_type` int(1) DEFAULT NULL COMMENT '球场类型(1=网球场2=足球场3=羽毛球馆)',
  `Phone` varchar(20) DEFAULT NULL COMMENT '电话号码',
  `Head_image` varchar(1000) DEFAULT NULL COMMENT '封面图',
  `Content` varchar(200) DEFAULT NULL COMMENT '描述',
  `Lng` double DEFAULT NULL COMMENT '经度',
  `Lat` double DEFAULT NULL COMMENT '纬度',
  `Address` varchar(200) DEFAULT NULL COMMENT '地址',
  `Train_team_id` varchar(32) DEFAULT NULL COMMENT '培训机构ID',
  `Check_flag` int(1) DEFAULT NULL COMMENT '审核状态(0=审核中1=审核通过2=审核不通过)',
  PRIMARY KEY (`ID`)
) ENGINE=MyISAM DEFAULT CHARSET=utf8 COMMENT='场馆审核表';

/*Data for the table `VenueCheck` */

insert  into `VenueCheck`(`ID`,`Create_time`,`Modify_time`,`Title`,`Ball_type`,`Phone`,`Head_image`,`Content`,`Lng`,`Lat`,`Address`,`Train_team_id`,`Check_flag`) values ('e6d4dcef10f041f5a59c7ada1acb0390','2018-10-18 11:37:22','2018-10-19 09:45:33','',3,'null',NULL,'',114.03512,22.621196,'水尾新村内,水尾一区东南55米','4cbdf28feb1542a18ed7e4033f3f9598',1),('8efdb0b680324cd981be8bfdfda1fb71','2018-10-23 14:27:55','2018-10-26 20:35:33','民治西边球场',2,'123',NULL,'测试的球场',114.06031,22.72174,'江头福田村内,岗头陈屋围128号附近27米','606519d90b364cde8667b094e897dcc3',1),('dc50f0b527ea413196f226756118bc69','2018-10-17 11:30:29','2018-10-19 09:46:00','创建测试',2,'123',NULL,'当定',114.06031,22.72174,'松元社区河南新村内','1',1),('ef2735515bc04c0ea0112464dbb1a78c','2018-10-23 10:17:57','2018-10-23 10:17:57','',1,'null',NULL,'',114.04018,22.618567,'东边商务大楼内,眼前线(民治店)北54米','606519d90b364cde8667b094e897dcc3',0),('6d58b2031722426a82dd401b1383545a','2018-10-23 15:09:38','2018-10-23 15:09:38','民治东边球场',3,'1234',NULL,'呵呵',114.06031,22.72174,'小白兔鲜花坊附近33米','606519d90b364cde8667b094e897dcc3',0),('173593b637e94d84bd001f9a202d400c','2018-10-31 17:41:35','2018-10-31 17:41:35','深圳大学海边足球场',2,'11234567890123',NULL,'测试场地',114.06031,22.72174,'富华百货商场东南52米',NULL,0),('c7008f5b123844ceb1b79617adeb1dfe','2018-10-31 17:43:04','2018-10-31 17:43:04','深圳大学网球场',2,'12345671234',NULL,'测试场地',114.06031,22.72174,'小白兔鲜花坊附近33米',NULL,0),('9e49141b42a748b2b7143c3f916108ba','2018-10-31 17:57:15','2018-10-31 17:57:15','深圳大学网球场',2,'2431243',NULL,'创建测试',114.06031,22.72174,'松元厦社区大布新村内,丽琪苑东南75米','1',0);

/*Table structure for table `VenueCoach` */

DROP TABLE IF EXISTS `VenueCoach`;

CREATE TABLE `VenueCoach` (
  `ID` char(32) NOT NULL COMMENT '陪练',
  `Create_time` datetime NOT NULL COMMENT '创建时间',
  `Modify_time` datetime NOT NULL COMMENT '修改时间',
  `Venue_id` varchar(32) NOT NULL COMMENT '场馆ID',
  `Train_coach_id` varchar(32) NOT NULL COMMENT '机构教练ID',
  `Type_flag` int(1) NOT NULL DEFAULT '0' COMMENT '状态0=禁用1=正常',
  `Price` double(11,2) NOT NULL COMMENT '每半小时单价',
  PRIMARY KEY (`ID`)
) ENGINE=MyISAM DEFAULT CHARSET=utf8 COMMENT='陪练表';

/*Data for the table `VenueCoach` */

insert  into `VenueCoach`(`ID`,`Create_time`,`Modify_time`,`Venue_id`,`Train_coach_id`,`Type_flag`,`Price`) values ('2','2018-08-21 15:47:24','2018-08-31 11:12:52','1','2',1,0.01),('3','2018-08-21 15:47:44','2018-08-23 15:39:29','1','3',1,0.01),('1','2018-08-28 15:34:00','2018-08-28 16:53:41','1','1',1,0.01);

/*Table structure for table `VenueDeposit` */

DROP TABLE IF EXISTS `VenueDeposit`;

CREATE TABLE `VenueDeposit` (
  `ID` char(32) NOT NULL COMMENT '场馆押金',
  `CreateTime` datetime NOT NULL COMMENT '创建时间',
  `VenueID` char(32) NOT NULL COMMENT '场馆ID',
  `Amount` int(5) unsigned NOT NULL COMMENT '金额',
  PRIMARY KEY (`ID`)
) ENGINE=MyISAM DEFAULT CHARSET=utf8;

/*Data for the table `VenueDeposit` */

/*Table structure for table `VenueEnter` */

DROP TABLE IF EXISTS `VenueEnter`;

CREATE TABLE `VenueEnter` (
  `ID` varchar(32) NOT NULL COMMENT 'ID',
  `Create_time` datetime DEFAULT NULL COMMENT '创建时间',
  `Member_id` varchar(32) DEFAULT NULL COMMENT '申请人',
  `Title` varchar(100) DEFAULT NULL COMMENT '球场名称',
  `Longitude` double DEFAULT NULL COMMENT '经度',
  `Latitude` double DEFAULT NULL COMMENT '纬度',
  `Address` varchar(100) DEFAULT NULL COMMENT '地址',
  `Check_flag` int(1) NOT NULL DEFAULT '0' COMMENT '审核状态0=待审核1=审核通过2=审核拒绝',
  `Ball_type` int(1) DEFAULT NULL COMMENT '球场类型(1=网球场2=足球场3=羽毛球馆4=篮球场)',
  `Check_time` datetime DEFAULT NULL COMMENT '审核时间',
  `Check_staff` varchar(32) DEFAULT NULL COMMENT '审核人',
  `Main_name` varchar(100) DEFAULT NULL COMMENT '负责人',
  `Main_phone` varchar(100) DEFAULT NULL COMMENT '负责人电话',
  `Ball_sum` varchar(100) DEFAULT NULL COMMENT '球场片数',
  `Content` varchar(100) DEFAULT NULL COMMENT '审核意见',
  `Head_image` varchar(1000) DEFAULT NULL COMMENT '封面图',
  `City_name` varchar(100) DEFAULT NULL COMMENT '城市名',
  `Train_team_name` varchar(100) DEFAULT NULL COMMENT '机构名称',
  `Train_team_id` varchar(32) DEFAULT NULL COMMENT '机构ID',
  `City_id` varchar(32) DEFAULT NULL COMMENT '城市ID',
  `District_id` varchar(32) DEFAULT NULL COMMENT '区县ID',
  PRIMARY KEY (`ID`)
) ENGINE=MyISAM DEFAULT CHARSET=utf8 COMMENT='场馆申请入驻表';

/*Data for the table `VenueEnter` */

insert  into `VenueEnter`(`ID`,`Create_time`,`Member_id`,`Title`,`Longitude`,`Latitude`,`Address`,`Check_flag`,`Ball_type`,`Check_time`,`Check_staff`,`Main_name`,`Main_phone`,`Ball_sum`,`Content`,`Head_image`,`City_name`,`Train_team_name`,`Train_team_id`,`City_id`,`District_id`) values ('dad94d61137e4dbe98e14edb413d91fb','2018-10-17 16:44:34','512e6f4e09af45b2ab008a0133880f05','测试12341234',1,1,'测试地址',1,1,'2018-10-20 11:47:07','72f2571706694e3fa0f10f451be7fad1','小黄','1','2','地址不对，信息不符',NULL,NULL,NULL,NULL,NULL,NULL),('c58a8a40c8034183933dac3160dffd38','2018-10-18 20:07:25','1f339d03a0b74dc3b33042294cd07b97','羽show羽毛球俱乐部',114.06031,22.72174,'广东省深圳市龙华区',1,1,'2018-10-19 10:51:52','A1111111111111111111111111111111','测hi是','123','1','给予通过资格',NULL,NULL,NULL,NULL,NULL,NULL),('18cf33f5fb3341279154eebdb38efb2e','2018-10-18 20:13:46','1f339d03a0b74dc3b33042294cd07b97','深圳大学海边足球场',114.02808,22.606558,'广东省深圳市龙华区致远中路与玉龙路交汇处(深圳北站)',2,1,'2018-10-19 10:48:15','A1111111111111111111111111111111','8饿死','169764','1','不通过',NULL,NULL,NULL,NULL,NULL,NULL),('26c3d5e8826d4df4989f5ecbfe8687e4','2018-10-23 15:22:25','1f339d03a0b74dc3b33042294cd07b97','民治东边球场',114.060902,22.720785,'广东省深圳市龙华区观澜大道587号',0,1,NULL,NULL,'梁家健','12345','1',NULL,NULL,NULL,NULL,NULL,NULL,NULL);

/*Table structure for table `VenueError` */

DROP TABLE IF EXISTS `VenueError`;

CREATE TABLE `VenueError` (
  `ID` varchar(32) NOT NULL COMMENT 'ID',
  `Create_time` datetime DEFAULT NULL COMMENT '创建时间',
  `Member_id` varchar(32) DEFAULT NULL COMMENT '用户ID',
  `Venue_id` varchar(32) DEFAULT NULL COMMENT '场馆ID',
  `Content` varchar(100) DEFAULT NULL COMMENT '报错内容',
  PRIMARY KEY (`ID`)
) ENGINE=MyISAM DEFAULT CHARSET=utf8 COMMENT='场馆纠错表';

/*Data for the table `VenueError` */

insert  into `VenueError`(`ID`,`Create_time`,`Member_id`,`Venue_id`,`Content`) values ('0ea8256bbf0549fd9678278ddc660d10','2018-10-16 11:04:24','c141fac9aa9e4da39dd22c21ba8e16a6','1','测试'),('a61db10f184b402db29a4f35bd3e4156','2018-10-16 11:04:48','c141fac9aa9e4da39dd22c21ba8e16a6','1','测试'),('b0cf482985384add8a23220a90ab1c61','2018-10-16 11:09:50','c141fac9aa9e4da39dd22c21ba8e16a6','1','测试'),('c9e0c9a11ccc45798bf3243450dd10ed','2018-10-16 11:10:05','c141fac9aa9e4da39dd22c21ba8e16a6','1','测试'),('a13db43fbc984e0592c3cd1b1023e2ed','2018-10-16 11:11:07','c141fac9aa9e4da39dd22c21ba8e16a6','1','1'),('9d894da9cfeb4800aae28866b035879e','2018-10-16 11:12:19','c141fac9aa9e4da39dd22c21ba8e16a6','1','测试'),('085a87f9ab7d42c49a626e4a336afe74','2018-10-16 19:42:21','c141fac9aa9e4da39dd22c21ba8e16a6','1','测试'),('669364bf37834a6a83aa87898b7d1071','2018-10-17 17:59:01','1f339d03a0b74dc3b33042294cd07b97','1',''),('9bd340eafd5f499a85bdc7e55af26240','2018-10-17 17:59:24','1f339d03a0b74dc3b33042294cd07b97','1',''),('ea36a0b58e4446f2b2c39b00388c56b7','2018-10-17 18:00:11','1f339d03a0b74dc3b33042294cd07b97','',''),('de352894bfeb4a79be52fceb4e1574ad','2018-10-17 19:05:02','1f339d03a0b74dc3b33042294cd07b97','',''),('aa8e1081a20f44f2892ad376d97614a2','2018-10-17 19:13:46','1f339d03a0b74dc3b33042294cd07b97','',''),('b0575de7f7ea45bdb6e94f07463ec4ac','2018-10-17 19:14:06','1f339d03a0b74dc3b33042294cd07b97','',''),('15a1b495287b40c4ab6400d8d2fe512d','2018-10-20 11:05:14','1f339d03a0b74dc3b33042294cd07b97','',''),('d747725c50fd4ebdab2fffd7e72e3419','2018-10-26 14:26:45','1f339d03a0b74dc3b33042294cd07b97','1','场馆封面缺省或不匹配'),('5fa210694cab4c858d1ddea45f9c06e5','2018-10-26 14:53:00','1f339d03a0b74dc3b33042294cd07b97','1','场馆已关停或不存在'),('ac9c5faa2a4b468eabe573e3ef9942d7','2018-10-26 15:39:18','1f339d03a0b74dc3b33042294cd07b97','1','场馆已关停或不存在'),('a3191ab901074bfa81807ce49b8d1c2d','2018-10-26 16:27:35','3','1','场馆封面缺省或不匹配'),('75edc27bac1f42ada3e8e9fe60e259ea','2018-10-26 16:34:26','1f339d03a0b74dc3b33042294cd07b97','1','场馆封面缺省或不匹配');

/*Table structure for table `VenueLock` */

DROP TABLE IF EXISTS `VenueLock`;

CREATE TABLE `VenueLock` (
  `ID` varchar(32) NOT NULL COMMENT '场地锁定表',
  `CreateTime` datetime NOT NULL COMMENT '创建时间',
  `LockDate` date NOT NULL COMMENT '锁定日期',
  `VenueID` varchar(32) NOT NULL COMMENT '场馆ID',
  `FieldID` varchar(32) NOT NULL COMMENT '场地ID',
  `Content` varchar(200) NOT NULL COMMENT '内容',
  `Setting` int(1) NOT NULL DEFAULT '0' COMMENT '是否设置(0=否1=是)',
  `ManagerID` varchar(32) NOT NULL COMMENT '管理员ID',
  `VenueTimeFrame` varchar(100) NOT NULL COMMENT '锁定时间段',
  PRIMARY KEY (`ID`)
) ENGINE=MyISAM DEFAULT CHARSET=utf8;

/*Data for the table `VenueLock` */

insert  into `VenueLock`(`ID`,`CreateTime`,`LockDate`,`VenueID`,`FieldID`,`Content`,`Setting`,`ManagerID`,`VenueTimeFrame`) values ('47f4e7c424e749f9b94a14201c39882b','2018-09-14 14:05:37','2018-09-17','9fa0487eeae74181955242ee0036d5b7','7','测试',1,'53fdcb8584204735a93cfbb08e262e8f','29,30'),('40c67321165349a5a64827fc0e7f5598','2018-09-14 11:31:03','2018-09-18','9fa0487eeae74181955242ee0036d5b7','7','教学',1,'53fdcb8584204735a93cfbb08e262e8f','33,34'),('990b74beb00248fa9624704e6e24449b','2018-09-14 10:57:53','2018-09-04','9fa0487eeae74181955242ee0036d5b7','7','教学',1,'53fdcb8584204735a93cfbb08e262e8f','22,23'),('8f5b3b990df540c9b144f068da424b96','2018-09-08 09:25:56','2018-09-04','9fa0487eeae74181955242ee0036d5b7','7','大海',1,'53fdcb8584204735a93cfbb08e262e8f','23,24'),('ec7651d31cf646cf9dacf7d03de336de','2018-09-13 09:12:53','2018-09-04','9fa0487eeae74181955242ee0036d5b7','7','教学',1,'53fdcb8584204735a93cfbb08e262e8f','25,26'),('8579aa01ba5a49cb8e4445c4c5088d0c','2018-09-14 10:57:22','2018-09-04','9fa0487eeae74181955242ee0036d5b7','7','教学',1,'53fdcb8584204735a93cfbb08e262e8f','24,25'),('1cf90e9097bb406db07e76939d658bc8','2018-09-06 20:11:55','2018-09-06','9fa0487eeae74181955242ee0036d5b7','7','大海',1,'53fdcb8584204735a93cfbb08e262e8f','41,42'),('4b7848dbfb7a43cb96eefb76f3d71465','2018-09-06 20:04:38','2018-09-06','9fa0487eeae74181955242ee0036d5b7','7','大海',1,'53fdcb8584204735a93cfbb08e262e8f','41,42'),('5ade0997158d461992e9717d8b39077f','2018-09-06 08:55:42','2018-09-06','1','1','因为要举行比赛',1,'1','31,32'),('e21a7f03fbe34440a5d31b42138398f2','2018-09-05 20:03:22','2018-09-05','1','1','123456',1,'1','41,42'),('20150cc00cd14bfd94ad6010360a9ef8','2018-09-04 21:02:01','2018-09-04','1','1','123456',0,'1','45,46'),('12341234123412341234123412341234','2018-09-04 20:51:25','2018-09-04','1','1','因为要举行比赛',1,'1','21,22,'),('97032cd744d342c5bfad846966e28f6d','2018-09-14 11:31:55','2018-09-18','9fa0487eeae74181955242ee0036d5b7','7','教学',1,'53fdcb8584204735a93cfbb08e262e8f','28,29'),('a9a2b60341344e6693d750510553499d','2018-09-14 11:40:35','2018-09-18','9fa0487eeae74181955242ee0036d5b7','7','教学',1,'53fdcb8584204735a93cfbb08e262e8f','32,33'),('7cd77703b15d46b1b8fce4cdc13c2804','2018-09-14 13:56:04','2018-09-19','9fa0487eeae74181955242ee0036d5b7','7','教学',1,'53fdcb8584204735a93cfbb08e262e8f','45,46'),('9322e711f4c549b5af0867af429cb508','2018-09-14 14:03:09','2018-09-17','9fa0487eeae74181955242ee0036d5b7','7','教学123',1,'53fdcb8584204735a93cfbb08e262e8f','32,33'),('6c4d4d68b0b34547a308d624e311b5f0','2018-09-15 10:19:56','2018-09-19','9fa0487eeae74181955242ee0036d5b7','7','教学123',1,'53fdcb8584204735a93cfbb08e262e8f','23,24'),('35cc99ede93c49eeb6913fffc4bb105c','2018-09-15 10:20:19','2018-09-19','9fa0487eeae74181955242ee0036d5b7','7','教学',1,'53fdcb8584204735a93cfbb08e262e8f','26,27'),('1839d7f881fa41c498f58de832dab4d1','2018-09-22 09:00:03','2018-09-23','9fa0487eeae74181955242ee0036d5b7','7','教学123',1,'53fdcb8584204735a93cfbb08e262e8f','19,20');

/*Table structure for table `VenueLog` */

DROP TABLE IF EXISTS `VenueLog`;

CREATE TABLE `VenueLog` (
  `ID` char(32) NOT NULL COMMENT '场馆日志',
  `CreateTime` datetime DEFAULT NULL COMMENT '创建时间',
  `ManagerID` varchar(32) DEFAULT NULL COMMENT '管理员ID',
  `VenueID` char(32) DEFAULT NULL COMMENT '场馆ID',
  `Content` varchar(200) DEFAULT NULL COMMENT '内容',
  PRIMARY KEY (`ID`)
) ENGINE=MyISAM DEFAULT CHARSET=utf8;

/*Data for the table `VenueLog` */

insert  into `VenueLog`(`ID`,`CreateTime`,`ManagerID`,`VenueID`,`Content`) values ('1','2018-08-20 14:59:40','1','1','1'),('4b10a3ad90244f0f9654e27f20a4bcb4','2018-10-26 20:36:50',NULL,'1','梁在后台修改场馆数据'),('6833ac2306834e34b8f7a760b739c5d4','2018-11-01 10:54:03',NULL,'9fa0487eeae74181955242ee0036d5b7','梁在后台修改场馆数据'),('3a49d6d5a8b44690a379b31b1531b3f9','2018-11-01 17:13:14',NULL,'1','小王在后台修改场馆数据'),('c73110c8a4d04d0487c01a9f82650ce3','2018-11-01 17:13:39',NULL,'1','小王在后台修改场馆数据'),('d9569c864bc34cf6b2c53c36280a53da','2018-11-01 20:45:47',NULL,'1','小王在后台修改场馆数据'),('c03ea63cee6f4200b636a67af2861faa','2018-11-01 20:45:49',NULL,'1','小王在后台修改场馆数据'),('39181e8713b248ea856dd90dbed3c66b','2018-11-01 20:45:51',NULL,'1','小王在后台修改场馆数据');

/*Table structure for table `VenueStatis` */

DROP TABLE IF EXISTS `VenueStatis`;

CREATE TABLE `VenueStatis` (
  `ID` char(32) NOT NULL COMMENT '场馆使用情况统计(排名用)',
  `CreateTime` datetime NOT NULL COMMENT '创建时间',
  `StatisDate` date NOT NULL COMMENT '统计日期',
  `VenueID` char(32) NOT NULL COMMENT '场馆ID',
  `Score` double(11,2) NOT NULL DEFAULT '0.00' COMMENT '使用比例',
  `Amount` double(11,2) NOT NULL DEFAULT '0.00' COMMENT '营业额',
  `Template` varchar(50) NOT NULL COMMENT '使用模板名称',
  PRIMARY KEY (`ID`)
) ENGINE=MyISAM DEFAULT CHARSET=utf8;

/*Data for the table `VenueStatis` */

insert  into `VenueStatis`(`ID`,`CreateTime`,`StatisDate`,`VenueID`,`Score`,`Amount`,`Template`) values ('3','2018-09-07 10:52:52','2018-09-05','9fa0487eeae74181955242ee0036d5b7',90.00,10.00,'模板1'),('4','2018-09-04 10:52:58','2018-09-04','9fa0487eeae74181955242ee0036d5b7',60.00,1000.00,'模板1'),('8488f64895154354818f7a0ea16c5e9b','2018-10-31 20:04:42','2018-11-28','1',0.00,0.00,'模板2'),('0ee26d4e4f7443d1a07b5e7506174c16','2018-10-31 20:04:26','2018-11-12','1',0.00,0.00,'测试1'),('4d7a96ad152a4c2b8794f2109bbc67ff','2018-10-31 17:20:33','2018-11-05','1',0.00,0.00,'测试1'),('80cd5f8d467f40dfb78c628bf92a5908','2018-10-31 17:20:35','2018-11-06','1',0.00,0.00,'测试1'),('6651704099ea48abb6c2d24222269a82','2018-10-31 20:04:31','2018-11-19','1',0.00,0.00,'测试1'),('5e7711649e5344ffbe7d76d6b7e5152e','2018-10-31 20:04:35','2018-11-20','1',0.00,0.00,'球场1'),('500d956c996c424da80210aeebe7309a','2018-10-31 20:04:37','2018-11-21','1',0.00,0.00,'模板2'),('a5348ec6a6934add93a6756d35fdf1a4','2018-10-31 20:04:39','2018-11-22','1',0.00,0.00,'模板2'),('3f97a7d6043c4f788ecaa49930fc4cba','2018-10-31 20:04:40','2018-11-26','1',0.00,0.00,'模板2'),('7c593a89acaf4f2a8c5c6b51939c81a6','2018-10-31 20:04:41','2018-11-27','1',0.00,0.00,'模板2'),('a854c5889afd4b638ad4e7667129bd17','2018-09-12 12:53:21','2018-07-20','9fa0487eeae74181955242ee0036d5b7',0.00,0.00,'假日aaa'),('7ee7527dba21441f940ac3849ca9cd9e','2018-09-12 12:55:19','2018-09-28','9fa0487eeae74181955242ee0036d5b7',0.00,0.00,'假日aaa'),('d368c8da465b479f8e6949d0dfaeae27','2018-09-12 12:55:52','2018-07-26','9fa0487eeae74181955242ee0036d5b7',0.00,0.00,'假日aaa'),('9e3d6c2f96874df28211ef61bcf7e1fc','2018-09-12 12:57:07','2018-09-21','9fa0487eeae74181955242ee0036d5b7',0.00,0.00,'测试3'),('a7096536dd7249cf893a5364e90cde6b','2018-09-12 12:57:53','2018-09-27','9fa0487eeae74181955242ee0036d5b7',0.00,0.00,'测试1'),('b41ac0da6f2f4db09c6b8931539e5c9a','2018-09-12 12:59:14','2018-10-12','9fa0487eeae74181955242ee0036d5b7',0.00,0.00,'测试1'),('dde748f6c20f46859077f7160a24bac1','2018-09-12 13:01:45','2018-07-27','9fa0487eeae74181955242ee0036d5b7',0.00,0.00,'测试1'),('2fc7a7fb342d4f1998c30a1c08429ba1','2018-09-12 13:09:34','2018-09-22','9fa0487eeae74181955242ee0036d5b7',0.00,0.00,'模板2'),('07aa40ebfa114de8acbf01ed36b7f1c1','2018-09-12 13:19:11','2018-09-06','9fa0487eeae74181955242ee0036d5b7',0.00,0.00,'假日aaa'),('fc9506dca348434aa478863fa8675cf2','2018-09-12 14:08:44','2018-09-12','9fa0487eeae74181955242ee0036d5b7',0.00,0.00,'假日aaa'),('e58baf67849147719f9da31ef03de606','2018-10-31 20:04:50','2018-11-29','1',0.00,0.00,'模板2'),('4907a39b9e5e4578b2a1829388340032','2018-09-12 14:09:13','2018-09-20','9fa0487eeae74181955242ee0036d5b7',0.00,0.00,'假日aaa'),('ec597c7f28f1444fb55cc1d665ecadf8','2018-09-12 14:09:24','2018-09-27','9fa0487eeae74181955242ee0036d5b7',0.00,0.00,'假日aaa'),('a1ccd45f2ff240d0928d9f97b1e3e337','2018-09-12 14:09:52','2018-09-18','9fa0487eeae74181955242ee0036d5b7',0.00,0.00,'假日aaa'),('bdfec9f62b5443aeb3943722b8af773e','2018-09-12 14:09:57','2018-09-18','9fa0487eeae74181955242ee0036d5b7',0.00,0.00,'假日aaa'),('4c630ea9fb87483fa0fdaa023ba456df','2018-09-12 14:10:00','2018-09-18','9fa0487eeae74181955242ee0036d5b7',0.00,0.00,'假日aaa'),('fd8b09935af34fe4b6a06dbd089ce3f4','2018-10-31 20:04:25','2018-11-14','1',0.00,0.00,'测试1'),('e94f5bbd81ea48948b285a4b82df848e','2018-10-31 17:20:42','2018-11-10','1',0.00,0.00,'测试2'),('d114c1b297454ceaa2e9e50f3c493d34','2018-10-31 17:20:41','2018-11-09','1',0.00,0.00,'测试1'),('e054834ce1a8452ebfe6bf5664c2ed90','2018-09-12 14:23:07','2018-09-20','9fa0487eeae74181955242ee0036d5b7',0.00,0.00,'假日aaa'),('77f4c778482f4a7791beaa883c80e170','2018-09-12 14:28:58','2018-08-16','9fa0487eeae74181955242ee0036d5b7',0.00,0.00,'测试1'),('2463884a362a4c2c99f56cd757d1d8c1','2018-10-31 20:04:29','2018-11-18','1',0.00,0.00,'模板2'),('ba9bddffc3b64f4db3231d0e05e99e6b','2018-10-31 17:20:37','2018-11-07','1',0.00,0.00,'测试1'),('112b58d17d8e4c69b927396b1fd0acfd','2018-09-12 19:08:39','2018-09-20','9fa0487eeae74181955242ee0036d5b7',0.00,0.00,'模板2'),('a528705883cb40c699d39174d3f73c0d','2018-10-31 17:20:24','2018-11-15','1',0.00,0.00,'球场1'),('26647174ede441ce996b6abb316232f8','2018-10-31 17:20:26','2018-11-01','1',0.00,0.00,'测试1'),('bcd047ee9858495cb04d660757067945','2018-10-31 17:20:30','2018-11-03','1',0.00,0.00,'测试1'),('1aea5a8466774967b36d48338896733e','2018-09-12 19:28:00','2018-09-14','9fa0487eeae74181955242ee0036d5b7',0.00,0.00,'模板2'),('d08ebf0fc09e41d582a987df5aca0fad','2018-09-12 19:30:34','2018-09-29','9fa0487eeae74181955242ee0036d5b7',0.00,0.00,'假日'),('33d0487af3684d06b0e5160f56adb86b','2018-09-12 19:30:50','2018-09-30','9fa0487eeae74181955242ee0036d5b7',0.00,0.00,'模板2'),('d3f1ec4bb1cc42f7952e975df2930b6c','2018-09-12 19:31:48','2018-09-16','9fa0487eeae74181955242ee0036d5b7',0.00,0.00,'模板2'),('8bf95ea38dfa455fa5a63e792a40b179','2018-09-14 09:26:58','2018-09-17','9fa0487eeae74181955242ee0036d5b7',0.00,0.00,'模板2'),('a03338d7806b43eabde73cb78d8cc858','2018-09-14 09:27:46','2018-09-19','9fa0487eeae74181955242ee0036d5b7',0.00,0.00,'假日'),('dee53d564a524646be8386c00c855566','2018-09-15 10:29:24','2018-09-26','9fa0487eeae74181955242ee0036d5b7',0.00,0.00,'假日'),('e9e5f94471ef4fbb80199ae9bc24e7a4','2018-09-15 10:29:39','2018-09-23','9fa0487eeae74181955242ee0036d5b7',0.00,0.00,'模板2'),('8d23e7e4df624a8382a0ce7989e590e8','2018-09-21 19:08:19','2018-09-25','9fa0487eeae74181955242ee0036d5b7',0.00,0.00,'测试2'),('7d6517eb76d14636a0b9b11941a5b388','2018-10-16 17:50:16','2018-09-13','1',0.00,0.00,'球场1'),('afb0c7679d53484799c176b3a109d3e0','2018-10-31 20:04:28','2018-11-11','1',0.00,0.00,'模板2'),('43666d585d2a42ccb9fc7793ca0a715b','2018-10-31 10:12:46','2018-09-21','1',0.00,0.00,'测试1'),('f02155bb454e42d7b14ea30e683944c7','2018-10-31 17:20:38','2018-11-08','1',0.00,0.00,'测试1'),('e22952fbfef247428a9816876d875be0','2018-10-31 10:15:14','2018-09-20','1',0.00,0.00,'测试1'),('0d436f06330f431c95aeaca993873c0a','2018-10-31 17:20:52','2018-11-01','1',0.00,0.00,'测试34'),('95d43b22d4914d8b8c4dcdf6ae2040c9','2018-10-31 10:20:12','2018-09-19','1',0.00,0.00,'测试1'),('6aade55f3c1a42b9aa1c2482fce2cac3','2018-10-31 17:21:03','2018-11-16','1',0.00,0.00,'球场1'),('bf4db30554a74cf2939fd335b61a3d23','2018-10-31 10:20:17','2018-09-26','1',0.00,0.00,'测试2'),('3d9183d43c0c4532abac973631ecdf85','2018-10-31 10:20:19','2018-09-27','1',0.00,0.00,'测试2'),('3a6d9c80f2ee4ac99f902e31e46697af','2018-10-31 10:20:21','2018-09-28','1',0.00,0.00,'测试2'),('3dbf39fffb1f429e9d3ee91ce5c87357','2018-10-31 10:20:23','2018-09-24','1',0.00,0.00,'测试2'),('ccd9a8a2e42f43d696693b0e3927dbe9','2018-10-31 10:22:24','2018-09-23','1',0.00,0.00,'测试1'),('b0b4641107134a39bccc9463f623e240','2018-10-31 17:21:10','2018-11-17','1',0.00,0.00,'球场1'),('0480c9e339444adea29fc0f0aa2a16fd','2018-10-31 10:22:27','2018-09-25','1',0.00,0.00,'测试1'),('bc5d2f7c6ece401a89d67cc36ae1a41e','2018-10-31 10:23:47','2018-09-22','1',0.00,0.00,'测试2'),('76676f3e638b47a0912fc47ab3bc661a','2018-10-31 10:23:49','2018-09-29','1',0.00,0.00,'测试34'),('f3cca31459494604892b7aeb54ed1b9d','2018-10-31 10:23:58','2018-09-30','1',0.00,0.00,'球场1'),('3f33b677b95c4fa6aa64bf4b71ee0db1','2018-10-31 17:20:28','2018-11-02','1',0.00,0.00,'模板2'),('43b2c2c55f1c4e1099edbb7ac94e973b','2018-10-31 17:20:32','2018-11-04','1',0.00,0.00,'模板2'),('e2e4ce8b950043c699c8c7a45af8959a','2018-10-31 10:25:01','2018-09-18','1',0.00,0.00,'模板2'),('0d5c945076c24e7497c224440b44a3b8','2018-10-31 10:25:08','2018-09-11','1',0.00,0.00,'测试2'),('d64d4bc9978b41789f9c4c8d44e1fcc7','2018-10-31 10:25:10','2018-09-10','1',0.00,0.00,'测试34'),('7896d1fae538438a9e03fb5f07c2236e','2018-10-31 10:25:12','2018-09-15','1',0.00,0.00,'测试34'),('5036363861d04030a1d032b0c29f5b9d','2018-10-31 10:25:14','2018-09-09','1',0.00,0.00,'测试34'),('d625db6ec5b84e44b651dbb5a658d064','2018-10-31 10:25:15','2018-09-08','1',0.00,0.00,'测试2'),('d82e7600cdd84ce68b0e5c3417510ca5','2018-10-31 20:04:51','2018-11-25','1',0.00,0.00,'模板2'),('5a250e83056f4048b62e8ff8a73da29c','2018-10-31 20:04:52','2018-11-24','1',0.00,0.00,'模板2'),('6920614252994e979691c75dedb6b26a','2018-10-31 20:04:54','2018-11-30','1',0.00,0.00,'测试2'),('bdc3c5760e7d4bf6ac8fe7a5cbbcaed1','2018-10-31 10:25:23','2018-09-03','1',0.00,0.00,'测试2'),('a4e7e90aaa7a499b8748f476b674e3b6','2018-10-31 10:25:25','2018-09-02','1',0.00,0.00,'测试2'),('506a796138684a0c9115fd3c181a3c3e','2018-10-31 17:21:16','2018-11-23','1',0.00,0.00,'球场1'),('6722379912cb4dbdaf2657628811c9e2','2018-10-31 17:34:42','2018-09-01','1',0.00,0.00,'球场1'),('64672d02e6cd406b9e4cc0fccb578c44','2018-10-31 10:28:37','2018-10-01','1',0.00,0.00,'模板2'),('44c9a8e8514e4a2f8b42237ad3169ed8','2018-10-31 10:28:38','2018-10-02','1',0.00,0.00,'模板2'),('391cc14a01a0409d958eb9dec91f8252','2018-10-31 10:28:40','2018-10-03','1',0.00,0.00,'模板2'),('dfdfa716e6754c7a9b2ab09bdf523892','2018-10-31 10:28:46','2018-10-01','1',0.00,0.00,'测试1'),('75729cad27ad42b09ba09bba8d661dcd','2018-10-31 10:29:16','2018-09-07','1',0.00,0.00,'测试2'),('e465e0fe6b9244debcb06327a3359699','2018-10-31 10:29:25','2018-10-01','1',0.00,0.00,'测试34'),('3da9937d92ad4414a6aafceed9df71da','2018-10-31 10:29:57','2018-10-04','1',0.00,0.00,'测试34'),('4d5ac270974e48cf8f76b55c5b58df5c','2018-10-31 10:30:03','2018-08-01','1',0.00,0.00,'测试34'),('941e3f90e60945e4aab3318b2ab946ee','2018-10-31 10:30:11','2018-10-01','1',0.00,0.00,'测试34'),('5a668ddec5784a30a64fe7ca69a727af','2018-10-31 10:31:57','2018-10-01','1',0.00,0.00,'测试2'),('d66aa720d7b54d53b052f165245a6741','2018-10-31 17:01:56','2018-10-05','1',0.00,0.00,'模板2'),('34d58b9795804eec819cc330d0e71160','2018-10-31 17:01:57','2018-10-06','1',0.00,0.00,'测试1'),('37bea101ecfd42aea03d2c9d7f7acca6','2018-10-31 17:02:15','2018-10-01','1',0.00,0.00,'测试1'),('42878500960641f0a2f921c9d4cba363','2018-10-31 17:18:30','2018-11-13','1',0.00,0.00,'球场1');

/*Table structure for table `VenueTemplate` */

DROP TABLE IF EXISTS `VenueTemplate`;

CREATE TABLE `VenueTemplate` (
  `ID` char(32) NOT NULL COMMENT '模板和场馆主键关联的数据为系统默认模板',
  `CreateTime` datetime NOT NULL COMMENT '创建时间',
  `ModifyTime` datetime NOT NULL COMMENT '修改时间',
  `VenueID` varchar(32) NOT NULL COMMENT '场馆ID',
  `Name` varchar(10) NOT NULL COMMENT '模板名',
  `Price` varchar(500) NOT NULL COMMENT '时段价格字符串(逗号隔开,不可预订为-1已预约为0)',
  `DefaultFlag` int(1) NOT NULL DEFAULT '0' COMMENT '是否为默认模板(0=否1=是)',
  PRIMARY KEY (`ID`)
) ENGINE=MyISAM DEFAULT CHARSET=utf8;

/*Data for the table `VenueTemplate` */

insert  into `VenueTemplate`(`ID`,`CreateTime`,`ModifyTime`,`VenueID`,`Name`,`Price`,`DefaultFlag`) values ('1','2018-08-24 15:31:13','2018-11-02 10:10:57','1','创建','-1,-1,-1,-1,-1,-1,-1,-1,-1,-1,-1,-1,-1,-1,-1,-1,0.01,0.01,0.01,0.01,0.01,0.01,0.01,0.01,0.01,0.01,0.01,0.01,0.01,0.01,0.01,0.01,0.01,0.01,0.01,0.01,0.01,0.01,0.01,0.01,0.01,0.01,0.01,0.01,0.01,0.01,-1,-1',1),('2fbc0fc0ff93472f812f4fb0cc7cc35d','2018-11-02 11:09:06','2018-11-02 11:09:06','1','占位符2','-1,-1,-1,-1,-1,-1,-1,-1,-1,-1,-1,-1,-1,-1,-1,-1,-1,-1,-1,-1,-1,-1,-1,-1,-1,-1,-1,-1,-1,-1,-1,-1,-1,-1,-1,-1,-1,-1,-1,-1,-1,-1,-1,-1,-1,-1,-1,-1',0),('2','2018-08-24 15:31:18','2018-08-24 15:31:20','2','测试222','-1,-1,-1,-1,-1,-1,-1,-1,-1,-1,-1,-1,-1,-1,-1,-1,-1,-1,-1,-1,-1,-1,-1,-1,-1,-1,-1,-1,-1,-1,-1,-1,-1,-1,-1,-1,-1,-1,-1,-1,-1,-1,-1,-1,-1,-1,-1,-1,',0),('3','2018-09-04 20:31:09','2018-11-02 11:00:47','1','123','-1,-1,-1,-1,-1,-1,-1,-1,-1,-1,-1,-1,-1,-1,-1,-1,0.01,0.01,0.01,0.01,0.01,0.01,0.01,0.01,0.01,0.01,0.01,0.01,0.01,0.01,0.01,0.01,0.01,0.01,0.01,0.01,0.01,0.01,0.01,0.01,0.01,0.01,0.01,0.01,0.01,0.01,-1,-1',0),('945c2076feb548e981b6dad05aacba17','2018-09-15 17:09:04','2018-09-22 09:05:14','9fa0487eeae74181955242ee0036d5b7','测试2','-1,-1,-1,-1,-1,-1,-1,-1,-1,-1,-1,-1,-1,-1,-1,-1,0.01,0.01,0.01,0.01,0.01,0.01,0.01,0.01,0.01,0.01,0.01,0.01,0.01,0.01,0.01,0.01,0.01,0.01,0.01,0.01,0.01,0.01,0.01,0.01,0.01,0.01,0.01,0.01,0.01,0.01,-1,-1',0),('bd5739234dbf40c5b89b6145fe120b04','2018-09-15 17:10:12','2018-09-15 17:10:12','9fa0487eeae74181955242ee0036d5b7','测试3','-1,-1,-1,-1,-1,-1,-1,-1,-1,-1,-1,-1,-1,-1,-1,-1,0.01,0.01,0.01,0.01,0.01,0.01,0.01,0.01,0.01,0.01,0.01,0.01,0.01,0.01,0.01,0.01,0.01,0.01,0.01,0.01,0.01,0.01,0.01,0.01,0.01,0.01,0.01,0.01,0.01,0.01,-1,-1',0),('1a8276be52344512993217ed95f3f7e4','2018-09-12 00:00:00','2018-09-15 15:15:00','9fa0487eeae74181955242ee0036d5b7','模板2','1,1,1,1,1,1,1,1,1,1,1,1,1,1,1,1,1,1,1,1,1,1,1,1,1,1,1,1,1,1,1,1,1,1,1,1,1,1,1,1,1,1,1,1,1,1,1,1',0),('27702d1eb7ab44a482b697b5d60044f5','2018-09-08 00:00:00','2018-09-14 18:12:48','9fa0487eeae74181955242ee0036d5b7','假日','-1,-1,-1,-1,-1,-1,-1,-1,-1,-1,-1,-1,-1,-1,-1,-1,0.01,0.01,0.01,0.01,0.01,0.01,0.01,0.01,0.01,0.01,0.01,0.01,0.01,0.01,0.01,0.01,0.01,0.01,0.01,0.01,0.01,0.01,0.01,0.01,0.01,0.01,0.01,0.01,0.01,0.01,-1,-1',0),('8deddea12d1e4880808e94d0b9153186','2018-09-15 17:01:49','2018-09-15 17:01:49','9fa0487eeae74181955242ee0036d5b7','测试','-1,-1,-1,-1,-1,-1,-1,-1,-1,-1,-1,-1,-1,-1,-1,-1,0.01,0.01,0.01,0.01,0.01,0.01,0.01,0.01,0.01,0.01,0.01,0.01,0.01,0.01,0.01,0.01,0.01,0.01,0.01,0.01,0.01,0.01,0.01,0.01,0.01,0.01,0.01,0.01,0.01,0.01,-1,-1',1),('9fa0487eeae74181955242ee0036d5b7','2018-10-16 17:53:29','2018-10-16 17:53:29','9fa0487eeae74181955242ee0036d5b7','测试1','-1,-1,-1,-1,-1,-1,-1,-1,-1,-1,-1,-1,-1,-1,-1,-1,0.01,0.01,0.01,0.01,0.01,0.01,0.01,0.01,0.01,0.01,0.01,0.01,0.01,0.01,0.01,0.01,0.01,0.01,0.01,0.01,0.01,0.01,0.01,0.01,0.01,0.01,0.01,0.01,0.01,0.01,-1,-1',0),('0907ccbd97e54782b45c4c04089850b7','2018-10-16 17:53:41','2018-10-16 17:53:41','0907ccbd97e54782b45c4c04089850b7','测试2','-1,-1,-1,-1,-1,-1,-1,-1,-1,-1,-1,-1,-1,-1,-1,-1,0.01,0.01,0.01,0.01,0.01,0.01,0.01,0.01,0.01,0.01,0.01,0.01,0.01,0.01,0.01,0.01,0.01,0.01,0.01,0.01,0.01,0.01,0.01,0.01,0.01,0.01,0.01,0.01,0.01,0.01,-1,-1',0),('5a900cbe0db349b984b06df335f15a2c','2018-10-16 17:53:45','2018-10-16 17:53:45','5a900cbe0db349b984b06df335f15a2c','测试34','-1,-1,-1,-1,-1,-1,-1,-1,-1,-1,-1,-1,-1,-1,-1,-1,-1,-1,-1,-1,-1,-1,-1,-1,-1,-1,-1,-1,-1,-1,-1,-1,-1,-1,-1,-1,-1,-1,-1,-1,-1,-1,-1,-1,-1,-1,-1,-1,',0),('f13ab56dfc5c4b61bda5c8e02c136aec','2018-11-02 10:22:41','2018-11-02 10:22:41','f13ab56dfc5c4b61bda5c8e02c136aec','新增1','-1,-1,-1,-1,-1,-1,-1,-1,-1,-1,-1,-1,-1,-1,-1,-1,-1,-1,-1,-1,-1,-1,-1,-1,-1,-1,-1,-1,-1,-1,-1,-1,-1,-1,-1,-1,-1,-1,-1,-1,-1,-1,-1,-1,-1,-1,-1,-1,',0),('8ad438cf2bfe4e81816bc18c9d732a15','2018-11-02 11:08:57','2018-11-02 11:08:57','1','占位符1','-1,-1,-1,-1,-1,-1,-1,-1,-1,-1,-1,-1,-1,-1,-1,-1,-1,-1,-1,-1,-1,-1,-1,-1,-1,-1,-1,-1,-1,-1,-1,-1,-1,-1,-1,-1,-1,-1,-1,-1,-1,-1,-1,-1,-1,-1,-1,-1',0),('52c0753c319b4a848314b298057c770f','2018-11-02 12:04:48','2018-11-02 12:04:48','1','红','-1,-1,-1,-1,-1,-1,-1,-1,-1,-1,-1,-1,-1,-1,-1,-1,-1,-1,-1,-1,-1,-1,-1,-1,-1,-1,-1,-1,-1,-1,-1,-1,-1,-1,-1,-1,-1,-1,-1,-1,-1,-1,-1,-1,-1,-1,-1,-1',0),('f38ac113109347baa4873da1b45f9ac6','2018-11-02 12:04:48','2018-11-02 12:04:48','1','红','-1,-1,-1,-1,-1,-1,-1,-1,-1,-1,-1,-1,-1,-1,-1,-1,-1,-1,-1,-1,-1,-1,-1,-1,-1,-1,-1,-1,-1,-1,-1,-1,-1,-1,-1,-1,-1,-1,-1,-1,-1,-1,-1,-1,-1,-1,-1,-1',0),('192f3bf90d94498ebff3bcb2b95a5185','2018-11-02 12:04:48','2018-11-02 12:04:48','1','红','-1,-1,-1,-1,-1,-1,-1,-1,-1,-1,-1,-1,-1,-1,-1,-1,-1,-1,-1,-1,-1,-1,-1,-1,-1,-1,-1,-1,-1,-1,-1,-1,-1,-1,-1,-1,-1,-1,-1,-1,-1,-1,-1,-1,-1,-1,-1,-1',0);

/*Table structure for table `WXBill` */

DROP TABLE IF EXISTS `WXBill`;

CREATE TABLE `WXBill` (
  `ID` varchar(32) NOT NULL COMMENT '微信支付',
  `CreateTime` datetime NOT NULL COMMENT '创建时间',
  `DealTime` datetime DEFAULT NULL COMMENT '交易时间',
  `WX_appid` varchar(50) DEFAULT NULL COMMENT '公众账号ID',
  `WX_mchid` varchar(50) DEFAULT NULL COMMENT '商户号',
  `Son_mchid` varchar(50) DEFAULT NULL COMMENT '子商户号',
  `Device_info` varchar(50) DEFAULT NULL COMMENT '设备号',
  `WX_orderid` varchar(50) DEFAULT NULL COMMENT '微信订单号',
  `Store_orderid` varchar(50) DEFAULT NULL COMMENT '商户订单号',
  `Openid` varchar(50) DEFAULT NULL COMMENT '用户标识',
  PRIMARY KEY (`ID`)
) ENGINE=MyISAM DEFAULT CHARSET=utf8 COMMENT='微信对账表';

/*Data for the table `WXBill` */

/*Table structure for table `WXCompanyPayment` */

DROP TABLE IF EXISTS `WXCompanyPayment`;

CREATE TABLE `WXCompanyPayment` (
  `ID` char(32) NOT NULL COMMENT 'ID',
  `Create_time` datetime NOT NULL COMMENT '创建时间',
  `Order_id` varchar(32) NOT NULL COMMENT '商户订单号',
  `Openid` varchar(50) NOT NULL COMMENT 'openid',
  `User_name` varchar(10) DEFAULT NULL COMMENT '用户姓名',
  `amount` double(11,2) NOT NULL COMMENT '付款金额',
  `Desc` varchar(100) NOT NULL COMMENT '付款描述',
  `Pay_type` int(1) NOT NULL COMMENT '支付状态(1=支付成功2=支付失败)',
  `Pay_msg` varchar(200) DEFAULT NULL COMMENT '支付信息',
  `Return_xml` varchar(2000) NOT NULL COMMENT '微信返回参数',
  PRIMARY KEY (`ID`)
) ENGINE=MyISAM DEFAULT CHARSET=utf8 COMMENT='微信企业支付流水';

/*Data for the table `WXCompanyPayment` */

insert  into `WXCompanyPayment`(`ID`,`Create_time`,`Order_id`,`Openid`,`User_name`,`amount`,`Desc`,`Pay_type`,`Pay_msg`,`Return_xml`) values ('1234123','2018-09-11 17:58:11','','','',0.00,'',0,NULL,'');

/*Table structure for table `WXFundflow` */

DROP TABLE IF EXISTS `WXFundflow`;

CREATE TABLE `WXFundflow` (
  `ID` char(32) NOT NULL COMMENT 'ID',
  PRIMARY KEY (`ID`)
) ENGINE=MyISAM DEFAULT CHARSET=utf8 COMMENT='微信资金对账表';

/*Data for the table `WXFundflow` */

/*Table structure for table `WXOrder` */

DROP TABLE IF EXISTS `WXOrder`;

CREATE TABLE `WXOrder` (
  `ID` char(32) NOT NULL COMMENT 'ID',
  `Create_time` datetime NOT NULL COMMENT '创建时间',
  `Deal_time` datetime NOT NULL COMMENT '交易时间',
  `WXOrder_id` varchar(50) NOT NULL COMMENT '微信支付单号',
  `Store_order_id` varchar(50) NOT NULL COMMENT '商户订单号',
  `Deal_scene` varchar(100) DEFAULT NULL COMMENT '交易场景',
  `Deal_type` varchar(100) DEFAULT NULL COMMENT '交易状态',
  `Deal_amount` double(11,2) DEFAULT NULL COMMENT '交易金额',
  PRIMARY KEY (`ID`)
) ENGINE=MyISAM DEFAULT CHARSET=utf8 COMMENT='微信交易订单表';

/*Data for the table `WXOrder` */

/*Table structure for table `WXRefund` */

DROP TABLE IF EXISTS `WXRefund`;

CREATE TABLE `WXRefund` (
  `ID` char(32) NOT NULL COMMENT 'ID',
  `Create_time` datetime NOT NULL COMMENT '创建时间',
  `Refund_apply_date` datetime DEFAULT NULL COMMENT '退款申请时间',
  `WXRefund_id` varchar(50) NOT NULL COMMENT '微信退款单号',
  `Store_refund_id` varchar(50) NOT NULL COMMENT '商户退款单号',
  `Refund_type` varchar(50) DEFAULT NULL COMMENT '退款状态',
  `Refund_succeed_date` datetime DEFAULT NULL COMMENT '退款成功时间',
  `Refund_amount` double(11,2) DEFAULT NULL COMMENT '退款金额(元)',
  `Cash_refund_amount` double(11,2) DEFAULT NULL COMMENT '现金券退款金额(元)',
  `WXOrder_id` varchar(50) DEFAULT NULL COMMENT '微信支付单号',
  `Store_order_id` varchar(50) DEFAULT NULL COMMENT '商户订单号',
  `Store_id` varchar(50) DEFAULT NULL COMMENT '商户号',
  `Store_son_id` varchar(50) DEFAULT NULL COMMENT '子商户号',
  `Deal_amount` double(11,2) DEFAULT NULL COMMENT '交易金额(元)',
  `Appid` varchar(50) DEFAULT NULL COMMENT 'appid',
  `Order_user` varchar(50) DEFAULT NULL COMMENT '下单用户',
  `Refund_account` varchar(50) DEFAULT NULL COMMENT '退款入账账户',
  `Refund_way` varchar(50) DEFAULT NULL COMMENT '退款方式',
  PRIMARY KEY (`ID`)
) ENGINE=MyISAM DEFAULT CHARSET=utf8 COMMENT='微信退款交易表';

/*Data for the table `WXRefund` */

/*!40101 SET SQL_MODE=@OLD_SQL_MODE */;
/*!40014 SET FOREIGN_KEY_CHECKS=@OLD_FOREIGN_KEY_CHECKS */;
/*!40014 SET UNIQUE_CHECKS=@OLD_UNIQUE_CHECKS */;
/*!40111 SET SQL_NOTES=@OLD_SQL_NOTES */;
