/*
SQLyog Ultimate v12.09 (64 bit)
MySQL - 5.1.73-log : Database - Ball
*********************************************************************
*/

/*!40101 SET NAMES utf8 */;

/*!40101 SET SQL_MODE=''*/;

/*!40014 SET @OLD_UNIQUE_CHECKS=@@UNIQUE_CHECKS, UNIQUE_CHECKS=0 */;
/*!40014 SET @OLD_FOREIGN_KEY_CHECKS=@@FOREIGN_KEY_CHECKS, FOREIGN_KEY_CHECKS=0 */;
/*!40101 SET @OLD_SQL_MODE=@@SQL_MODE, SQL_MODE='NO_AUTO_VALUE_ON_ZERO' */;
/*!40111 SET @OLD_SQL_NOTES=@@SQL_NOTES, SQL_NOTES=0 */;
CREATE DATABASE /*!32312 IF NOT EXISTS*/`Ball` /*!40100 DEFAULT CHARACTER SET utf8 */;

USE `Ball`;

/*Table structure for table `Amount` */

DROP TABLE IF EXISTS `Amount`;

CREATE TABLE `Amount` (
  `ID` char(32) NOT NULL COMMENT '提现',
  `AmountNO` int(11) unsigned NOT NULL AUTO_INCREMENT COMMENT '编号',
  `CreateTime` datetime NOT NULL COMMENT '创建时间',
  `ModifyTime` datetime NOT NULL COMMENT '修改时间',
  `VenueID` char(32) NOT NULL COMMENT '场馆ID',
  `Amount` int(6) NOT NULL COMMENT '金额',
  `ManagerID` char(32) NOT NULL COMMENT '管理员ID',
  `EstimatedTime` datetime NOT NULL COMMENT '预计到账时间',
  `Status` int(1) NOT NULL COMMENT '提现状态(0=申请中1=提现成功2=提现失败)',
  PRIMARY KEY (`ID`),
  KEY `AmountNO` (`AmountNO`)
) ENGINE=MyISAM AUTO_INCREMENT=2 DEFAULT CHARSET=utf8;

/*Data for the table `Amount` */

insert  into `Amount`(`ID`,`AmountNO`,`CreateTime`,`ModifyTime`,`VenueID`,`Amount`,`ManagerID`,`EstimatedTime`,`Status`) values ('1',1,'2018-08-20 10:39:03','2018-08-20 10:39:04','1',3080,'1','2018-08-22 10:39:14',2);

/*Table structure for table `AmountLog` */

DROP TABLE IF EXISTS `AmountLog`;

CREATE TABLE `AmountLog` (
  `ID` varchar(32) NOT NULL COMMENT '提现日志表',
  `CreateTime` datetime NOT NULL COMMENT '创建时间',
  `AmountID` varchar(32) NOT NULL COMMENT '提现ID',
  `StaffID` varchar(32) NOT NULL COMMENT '管理员ID',
  `Type` int(1) DEFAULT NULL COMMENT '类别',
  `Content` varchar(200) DEFAULT NULL COMMENT '内容',
  PRIMARY KEY (`ID`)
) ENGINE=MyISAM DEFAULT CHARSET=utf8;

/*Data for the table `AmountLog` */

insert  into `AmountLog`(`ID`,`CreateTime`,`AmountID`,`StaffID`,`Type`,`Content`) values ('1','2018-08-31 17:52:39','1','1',NULL,'发起提现发起提现发起提现发起提现发起提现发起提现发起提现发起提现发起提现发起提现发起提现发起提现发起提现发起提现发起提现发起提现发起提现发起提现发起提现发起提现发起提现发起提现发起提现发起提现发起提现发起提现发起提现发起提现发起提现发起提现发起提现发起提现发起提现发起提现发起提现发起提现发起提现发起提现发起提现发起提现发起提现发起提现发起提现发起提现发起提现发起提现发起提现发起提现发起提现发起提现'),('2','2018-08-31 17:52:37','1','1',NULL,'发起提现');

/*Table structure for table `Area` */

DROP TABLE IF EXISTS `Area`;

CREATE TABLE `Area` (
  `ID` char(32) NOT NULL COMMENT '系统->片区',
  `AreaNo` int(11) unsigned zerofill NOT NULL AUTO_INCREMENT COMMENT '片区编号',
  `Area` varchar(30) NOT NULL COMMENT '片区名',
  `DistrictID` char(32) NOT NULL COMMENT '所属区县ID',
  `CityID` char(32) NOT NULL COMMENT '所属城市ID',
  PRIMARY KEY (`ID`),
  KEY `AreaNo` (`AreaNo`)
) ENGINE=InnoDB AUTO_INCREMENT=285 DEFAULT CHARSET=utf8 COMMENT='片区表';

/*Data for the table `Area` */

insert  into `Area`(`ID`,`AreaNo`,`Area`,`DistrictID`,`CityID`) values ('0205221041108D45EBD4424247AB5E2C',00000000130,'共和村','BBBBBBBBBBBBBBBBBBBBBBBBBBBBBBBB','AAAAAAAAAAAAAAAAAAAAAAAAAAAAAAAA'),('0205221041108D45EBD4424247AB5E2D',00000000021,'龙华中学','BBBBBBBBBBBBBBBBBBBBBBBBBBBBBBBB','AAAAAAAAAAAAAAAAAAAAAAAAAAAAAAAA'),('020522104128D5159EEAD34F36DF37B3',00000000002,'工业路','BBBBBBBBBBBBBBBBBBBBBBBBBBBBBBBB','AAAAAAAAAAAAAAAAAAAAAAAAAAAAAAAA'),('020522104202D9BA8EE30F22450DA165',00000000004,'清泉路','BBBBBBBBBBBBBBBBBBBBBBBBBBBBBBBB','AAAAAAAAAAAAAAAAAAAAAAAAAAAAAAAA'),('0205221043510515AB9D1719B2E18BEB',00000000011,'电信大厦','BBBBBBBBBBBBBBBBBBBBBBBBBBBBBBBB','AAAAAAAAAAAAAAAAAAAAAAAAAAAAAAAA'),('02052210451128E814570C1D555GFB6K',00000000077,'龙泉酒店','BBBBBBBBBBBBBBBBBBBBBBBBBBBBBBBB','AAAAAAAAAAAAAAAAAAAAAAAAAAAAAAAA'),('020528202943A5BEB1FF9D004C704DAE',00000000004,'元芳','BBBBBBBBBBBBBBBBBBBBBBBBBBBBBBBB','AAAAAAAAAAAAAAAAAAAAAAAAAAAAAAAA'),('CCCCCCCCCCCCCCCCCCCCCCCCCCCCCCC1',00000000079,'龙华','BBBBBBBBBBBBBBBBBBBBBBBBBBBBBBBB','AAAAAAAAAAAAAAAAAAAAAAAAAAAAAAAA'),('CCCCCCCCCCCCCCCCCCCCCCCCCCCCCCCC',00000000129,'清湖','BBBBBBBBBBBBBBBBBBBBBBBBBBBBBBBB','AAAAAAAAAAAAAAAAAAAAAAAAAAAAAAAA');

/*Table structure for table `City` */

DROP TABLE IF EXISTS `City`;

CREATE TABLE `City` (
  `ID` char(32) NOT NULL COMMENT '系统->城市',
  `CityNo` int(11) unsigned zerofill NOT NULL AUTO_INCREMENT COMMENT '城市编号',
  `City` varchar(30) NOT NULL COMMENT '城市名',
  PRIMARY KEY (`ID`),
  UNIQUE KEY `唯一` (`City`),
  KEY `CityNo` (`CityNo`)
) ENGINE=InnoDB AUTO_INCREMENT=756 DEFAULT CHARSET=utf8 COMMENT='城市表';

/*Data for the table `City` */

insert  into `City`(`ID`,`CityNo`,`City`) values ('530D123324834F288B20BC885E4E1190',00000000028,'成都'),('AAAAAAAAAAAAAAAAAAAAAAAAAAAAAAAA',00000000755,'深圳'),('D9D7A94326214718676CBF3F8C281103',00000000010,'北京'),('D9D7A94326214718676CBF3F8C281141',00000000020,'广州');

/*Table structure for table `Coach` */

DROP TABLE IF EXISTS `Coach`;

CREATE TABLE `Coach` (
  `ID` char(32) NOT NULL COMMENT '教练',
  `CreateTime` datetime NOT NULL COMMENT '创建时间',
  `ModifyTime` datetime NOT NULL COMMENT '修改时间',
  `VenueID` varchar(32) NOT NULL COMMENT '场馆ID',
  `Name` varchar(10) NOT NULL COMMENT '姓名',
  `Image` varchar(200) DEFAULT NULL COMMENT '教练图片',
  `Price` int(6) NOT NULL COMMENT '每小时单价',
  `Introduce` varchar(300) DEFAULT NULL COMMENT '教练介绍',
  PRIMARY KEY (`ID`)
) ENGINE=MyISAM DEFAULT CHARSET=utf8;

/*Data for the table `Coach` */

insert  into `Coach`(`ID`,`CreateTime`,`ModifyTime`,`VenueID`,`Name`,`Image`,`Price`,`Introduce`) values ('2','2018-08-21 15:47:24','2018-08-31 11:12:52','1','小宋2','https://ekeae-image.oss-cn-shenzhen.aliyuncs.com/2018/8/11/001FegoGgy6MhKRIHIVfd&690.jpg',150,'经验丰富dddd'),('3','2018-08-21 15:47:44','2018-08-23 15:39:29','1','小宋3','https://ekeae-image.oss-cn-shenzhen.aliyuncs.com/2018/8/11/001FegoGgy6MhKRIHIVfd&690.jpg',111,'经验丰富'),('2bffeb46cd704bf98cc1d48c09616294','2018-08-22 16:26:33','2018-08-22 16:26:33','1','宋','https://ekeae-image.oss-cn-shenzhen.aliyuncs.com/2018/8/11/001FegoGgy6MhKRIHIVfd&690.jpg',200,'宋'),('245edd3324774e5da38fc5f3db20ad73','2018-08-22 16:28:44','2018-08-22 16:28:44','1','宋123456','https://ekeae-image.oss-cn-shenzhen.aliyuncs.com/2018/8/11/001FegoGgy6MhKRIHIVfd&690.jpg',200,'宋'),('3df96d81d07b4a20bca3fb20ca1c6bb9','2018-08-29 11:32:27','2018-08-29 11:32:27','1','大海','https://ekeae-image.oss-cn-shenzhen.aliyuncs.com/2018/8/29/7f05901e6edc4f49abb8e9525dad8f37.jpeg',300,'官方噶不好'),('13b803ce3ec3411cbf2e376c660ae277','2018-08-23 15:35:38','2018-08-23 15:35:38','1','驱蚊器','https://ekeae-image.oss-cn-shenzhen.aliyuncs.com/2018/8/23/4ff4b59e53574a91aec0bb810e85369d.png',320,'啊打算'),('71a030e0e2f14df4a61f845655a7096d','2018-08-23 15:36:28','2018-08-31 11:13:05','1','驱蚊器请','https://ekeae-image.oss-cn-shenzhen.aliyuncs.com/2018/8/23/d365145025b54231baadc6ebe2a10432.jpeg',232,'大苏打'),('1','2018-08-28 15:34:00','2018-08-28 16:53:41','1','宋6','https://ekeae-image.oss-cn-shenzhen.aliyuncs.com/2018/8/11/001FegoGgy6MhKRIHIVfd&690.jpg',200,'宋');

/*Table structure for table `Combine` */

DROP TABLE IF EXISTS `Combine`;

CREATE TABLE `Combine` (
  `ID` char(32) NOT NULL COMMENT '散拼',
  `CombineNO` int(11) unsigned NOT NULL AUTO_INCREMENT COMMENT '编号',
  `CreateTime` datetime NOT NULL COMMENT '创建时间',
  `ModifyTime` datetime DEFAULT NULL COMMENT '修改时间',
  `VenueID` varchar(32) NOT NULL COMMENT '场馆ID',
  `FieldID` varchar(32) NOT NULL COMMENT '场地ID',
  `Title` varchar(20) NOT NULL COMMENT '活动标题',
  `ManagerID` varchar(32) NOT NULL COMMENT '管理员ID',
  `Require` varchar(20) NOT NULL COMMENT '要求（如3.0以上）',
  `CombineDate` date NOT NULL COMMENT '散拼日期',
  `CombineTimeFrame` varchar(100) NOT NULL COMMENT '散拼时段',
  `Boy` int(2) NOT NULL COMMENT '人数上限',
  `Describe` varchar(200) DEFAULT NULL COMMENT '活动描述',
  `AmountSum` double(11,2) NOT NULL COMMENT '每人费用',
  `AmountId` varchar(32) DEFAULT NULL COMMENT '提现ID',
  `AmountType` int(1) NOT NULL DEFAULT '0' COMMENT '提现状态(0=未提现1=正在提现2=已提现)',
  PRIMARY KEY (`ID`),
  KEY `CombineNO` (`CombineNO`)
) ENGINE=MyISAM AUTO_INCREMENT=2 DEFAULT CHARSET=utf8;

/*Data for the table `Combine` */

insert  into `Combine`(`ID`,`CombineNO`,`CreateTime`,`ModifyTime`,`VenueID`,`FieldID`,`Title`,`ManagerID`,`Require`,`CombineDate`,`CombineTimeFrame`,`Boy`,`Describe`,`AmountSum`,`AmountId`,`AmountType`) values ('1',1,'2018-08-20 10:10:28','2018-08-20 10:10:30','1','1','小宋发起测试散拼','1','要求3.0以上','2018-08-18','20,21,22,23,24',5,'要求5人即可开始活动',100.00,'1',1);

/*Table structure for table `CombineJoin` */

DROP TABLE IF EXISTS `CombineJoin`;

CREATE TABLE `CombineJoin` (
  `ID` char(32) NOT NULL COMMENT '散拼加入',
  `CreateTimeTime` datetime NOT NULL COMMENT '创建时间',
  `CombineID` varchar(32) NOT NULL COMMENT '散拼活动ID',
  `MemberID` varchar(32) NOT NULL COMMENT '会员ID',
  `Price` double(11,2) NOT NULL COMMENT '支付金额',
  `Type` int(1) NOT NULL DEFAULT '0' COMMENT '订单状态(0=待支付1=支付成功2=支付取消3=支付超时4=已退款)',
  `PayType` int(1) DEFAULT NULL COMMENT '支付方式0=支付宝1=微信支付',
  `PayRemark` varchar(1000) DEFAULT NULL COMMENT '支付结果内容(仅供效验)',
  PRIMARY KEY (`ID`)
) ENGINE=MyISAM DEFAULT CHARSET=utf8;

/*Data for the table `CombineJoin` */

insert  into `CombineJoin`(`ID`,`CreateTimeTime`,`CombineID`,`MemberID`,`Price`,`Type`,`PayType`,`PayRemark`) values ('1','2018-08-20 10:34:14','1','1',10.00,1,1,NULL),('2','2018-08-20 10:34:18','1','2',20.00,1,1,NULL);

/*Table structure for table `CombineLog` */

DROP TABLE IF EXISTS `CombineLog`;

CREATE TABLE `CombineLog` (
  `ID` char(32) NOT NULL COMMENT '散拼日志',
  `CreateTime` datetime NOT NULL COMMENT '创建时间',
  `CombineID` varchar(32) NOT NULL COMMENT '散拼记录ID',
  `Type` int(1) NOT NULL DEFAULT '0' COMMENT '类别(0=系统1=人工)',
  `Content` varchar(200) NOT NULL COMMENT '内容',
  PRIMARY KEY (`ID`)
) ENGINE=MyISAM DEFAULT CHARSET=utf8;

/*Data for the table `CombineLog` */

insert  into `CombineLog`(`ID`,`CreateTime`,`CombineID`,`Type`,`Content`) values ('1','2018-08-20 16:20:22','1',0,'1');

/*Table structure for table `Daily` */

DROP TABLE IF EXISTS `Daily`;

CREATE TABLE `Daily` (
  `ID` char(32) NOT NULL COMMENT '日报(统计报表)',
  `VenueID` char(32) NOT NULL COMMENT '场馆ID',
  `Daily` date NOT NULL COMMENT '日期',
  `Combine` int(6) NOT NULL COMMENT '散拼加入',
  `Train` int(6) NOT NULL COMMENT '培训',
  `Reserve` int(6) NOT NULL COMMENT '订场',
  PRIMARY KEY (`ID`)
) ENGINE=MyISAM DEFAULT CHARSET=utf8;

/*Data for the table `Daily` */

/*Table structure for table `District` */

DROP TABLE IF EXISTS `District`;

CREATE TABLE `District` (
  `ID` char(32) NOT NULL COMMENT '系统->区县',
  `DistrictNo` int(11) unsigned zerofill NOT NULL AUTO_INCREMENT COMMENT '区县编号',
  `District` varchar(30) NOT NULL COMMENT '区县名',
  `CityID` char(32) NOT NULL COMMENT '所属城市ID',
  PRIMARY KEY (`ID`),
  UNIQUE KEY `DistrictNo` (`DistrictNo`)
) ENGINE=MyISAM AUTO_INCREMENT=61 DEFAULT CHARSET=utf8 COMMENT='区县(百度地图自带，拟作废)';

/*Data for the table `District` */

insert  into `District`(`ID`,`DistrictNo`,`District`,`CityID`) values ('0DFEAB30BF5445F89C83899C7AF64733',00000000024,'下梅林','AAAAAAAAAAAAAAAAAAAAAAAAAAAAAAAA'),('11b82d3fc02646d38105c607d35e245c',00000000051,'123412341234123412314','530D123324834F288B20BC885E4E1190'),('2DA511B95AB24C25AC5C5F5B4E407057',00000000023,'民治','AAAAAAAAAAAAAAAAAAAAAAAAAAAAAAAA'),('35cf6521c9be4fe590393452751205f0',00000000057,'123412341234123412314','530D123324834F288B20BC885E4E1190'),('3d7bd5a2ea7f45f1b24d7826d542ad49',00000000058,'123412341234123412314','530D123324834F288B20BC885E4E1190'),('3d9296f12a1a4cc591b0f59d7d5d43da',00000000042,'123412','530D123324834F288B20BC885E4E1190'),('642BE98A16E1427F80208C84C54FE610',00000000019,'翠竹','AAAAAAAAAAAAAAAAAAAAAAAAAAAAAAAA'),('A1100000000000000000000000000000',00000000004,'竹子林','AAAAAAAAAAAAAAAAAAAAAAAAAAAAAAAA'),('A1200000000000000000000000000000',00000000005,'西乡','AAAAAAAAAAAAAAAAAAAAAAAAAAAAAAAA'),('A1500000000000000000000000000000',00000000001,'白石洲','AAAAAAAAAAAAAAAAAAAAAAAAAAAAAAAA'),('A1600000000000000000000000000000',00000000002,'坂田','AAAAAAAAAAAAAAAAAAAAAAAAAAAAAAAA'),('A1700000000000000000000000000000',00000000006,'香蜜湖','AAAAAAAAAAAAAAAAAAAAAAAAAAAAAAAA'),('b8f488138ed44f1e8c048ecc525f3839',00000000030,'4523452345234523452345wdtwertw','530D123324834F288B20BC885E4E1190'),('BBBBBBBBBBBBBBBBBBBBBBBBBBBBBBBB',00000000003,'龙华区','AAAAAAAAAAAAAAAAAAAAAAAAAAAAAAAA'),('c54b6e701dc041aba739cf196cf63176',00000000026,'12341234','530D123324834F288B20BC885E4E1190'),('CBB62DED6A46460D8FB44498B961B947',00000000022,'福田','AAAAAAAAAAAAAAAAAAAAAAAAAAAAAAAA'),('cf002e7d62714b519d45525dae9c561a',00000000037,'1234','530D123324834F288B20BC885E4E1190'),('dabe173303d34e34affbc393c3880d07',00000000046,'123412341234123412314','530D123324834F288B20BC885E4E1190'),('dc8a96fcc8244c688666c46416f53cbb',00000000055,'123412341234123412314','530D123324834F288B20BC885E4E1190'),('e17e45e776214b7b89a97c9b636a4e3f',00000000028,'4523452345234523452345wdtwertw','530D123324834F288B20BC885E4E1190'),('F099320D37EB4C5983434662D805ACCF',00000000018,'梧桐山','AAAAAAAAAAAAAAAAAAAAAAAAAAAAAAAA'),('fae5ab563e6249da8edc995e7210ee08',00000000041,'测试1','530D123324834F288B20BC885E4E1190'),('fc170a96c2514301861ee14594f15ded',00000000027,'去qwer去玩儿群翁','530D123324834F288B20BC885E4E1190'),('fce61148cc314575a0cfc06bc54cbf8a',00000000060,'2345','530D123324834F288B20BC885E4E1190');

/*Table structure for table `Field` */

DROP TABLE IF EXISTS `Field`;

CREATE TABLE `Field` (
  `ID` char(32) NOT NULL COMMENT '场地',
  `CreateTime` datetime NOT NULL COMMENT '创建时间',
  `modifyTime` datetime NOT NULL COMMENT '修改时间',
  `VenueID` varchar(32) NOT NULL COMMENT '场馆ID',
  `Name` varchar(50) NOT NULL COMMENT '场地名',
  PRIMARY KEY (`ID`)
) ENGINE=MyISAM DEFAULT CHARSET=utf8;

/*Data for the table `Field` */

insert  into `Field`(`ID`,`CreateTime`,`modifyTime`,`VenueID`,`Name`) values ('1','2018-08-17 12:00:44','2018-08-17 12:00:57','1','东边1'),('2','2018-08-17 12:00:45','2018-08-17 12:00:59','1','东边2'),('3','2018-08-17 12:00:48','2018-08-17 12:01:01','1','东边3'),('4','2018-08-17 12:00:50','2018-08-17 12:01:03','2','西边1'),('5','2018-08-17 12:00:51','2018-08-17 12:01:05','2','西边2'),('6','2018-08-17 12:00:53','2018-08-17 12:01:06','2','西边3');

/*Table structure for table `FieldTemplate` */

DROP TABLE IF EXISTS `FieldTemplate`;

CREATE TABLE `FieldTemplate` (
  `ID` varchar(32) CHARACTER SET latin1 NOT NULL COMMENT '场地使用模板',
  `CreateTime` datetime NOT NULL COMMENT '创建时间',
  `FieldTime` date NOT NULL COMMENT '场地日期',
  `VenueID` varchar(32) CHARACTER SET latin1 NOT NULL COMMENT '场馆ID',
  `FieldID` varchar(32) CHARACTER SET latin1 NOT NULL COMMENT '场地ID',
  `TemplateID` varchar(32) CHARACTER SET latin1 NOT NULL COMMENT '使用场馆模板ID',
  PRIMARY KEY (`ID`)
) ENGINE=MyISAM DEFAULT CHARSET=utf8 COMMENT='场地使用模板表';

/*Data for the table `FieldTemplate` */

insert  into `FieldTemplate`(`ID`,`CreateTime`,`FieldTime`,`VenueID`,`FieldID`,`TemplateID`) values ('1','2018-08-17 12:04:25','2018-08-17','1','1','1'),('2','2018-08-18 14:15:13','2018-08-18','1','1','1'),('3','2018-08-17 14:16:01','2018-08-19','1','1','1'),('4','2018-08-17 14:16:20','2018-08-20','1','1','1'),('5','2018-08-17 14:16:22','2018-08-21','1','1','1'),('6','2018-08-17 14:16:24','2018-08-22','1','1','1'),('7','2018-08-17 14:16:44','2018-08-23','1','1','1'),('8','2018-08-18 11:29:14','2018-08-18','1','2','1');

/*Table structure for table `Manager` */

DROP TABLE IF EXISTS `Manager`;

CREATE TABLE `Manager` (
  `ID` char(32) NOT NULL COMMENT '管理员',
  `CreateTime` datetime NOT NULL COMMENT '创建时间',
  `ModifyTime` datetime NOT NULL COMMENT '修改时间',
  `Name` varchar(10) NOT NULL COMMENT '姓名',
  `Phone` varchar(11) NOT NULL COMMENT '手机号',
  `Password` varchar(50) NOT NULL COMMENT '密码',
  `Type` int(1) NOT NULL COMMENT '0=超级管理员，1=管理员',
  `RealName` int(1) NOT NULL DEFAULT '0' COMMENT '实名认证状态(0=否1=是)',
  `AppAuthToken` varchar(100) DEFAULT NULL COMMENT '支付宝app_auth_token',
  PRIMARY KEY (`ID`)
) ENGINE=MyISAM DEFAULT CHARSET=utf8;

/*Data for the table `Manager` */

insert  into `Manager`(`ID`,`CreateTime`,`ModifyTime`,`Name`,`Phone`,`Password`,`Type`,`RealName`,`AppAuthToken`) values ('1','2018-08-16 19:13:42','2018-08-16 19:13:43','小宋','15207108156','123456',1,0,NULL),('2','2018-08-20 14:45:26','2018-08-20 14:45:27','小宋2','15207108155','123456',1,1,NULL);

/*Table structure for table `ManagerVenue` */

DROP TABLE IF EXISTS `ManagerVenue`;

CREATE TABLE `ManagerVenue` (
  `ID` varchar(32) CHARACTER SET latin1 NOT NULL COMMENT '管理员所管理的场馆(当前设计管理员只能管理一个场馆，故)',
  `CreateTime` datetime NOT NULL COMMENT '创建时间',
  `ManagerID` varchar(32) CHARACTER SET latin1 NOT NULL COMMENT '管理员ID',
  `VenueID` varchar(32) CHARACTER SET latin1 NOT NULL COMMENT '场馆ID',
  PRIMARY KEY (`ID`),
  UNIQUE KEY `UNIQUE_ManagerID` (`ManagerID`)
) ENGINE=MyISAM DEFAULT CHARSET=utf8;

/*Data for the table `ManagerVenue` */

insert  into `ManagerVenue`(`ID`,`CreateTime`,`ManagerID`,`VenueID`) values ('1','2018-08-20 14:45:02','1','1'),('2','2018-08-20 14:45:09','2','1');

/*Table structure for table `Member` */

DROP TABLE IF EXISTS `Member`;

CREATE TABLE `Member` (
  `ID` char(32) NOT NULL COMMENT '会员',
  `CreateTime` date NOT NULL COMMENT '创建时间',
  `ModifyTime` date NOT NULL COMMENT '修改时间',
  `Name` varchar(10) DEFAULT NULL COMMENT '姓名',
  `Sex` int(1) DEFAULT NULL COMMENT '性别(0=男1=女)',
  `Phone` varchar(11) NOT NULL COMMENT '手机号',
  `Password` varchar(100) NOT NULL COMMENT '密码',
  `OpenID` varchar(200) DEFAULT NULL COMMENT '微信支付用的openid',
  PRIMARY KEY (`ID`)
) ENGINE=MyISAM DEFAULT CHARSET=utf8;

/*Data for the table `Member` */

insert  into `Member`(`ID`,`CreateTime`,`ModifyTime`,`Name`,`Sex`,`Phone`,`Password`,`OpenID`) values ('1','2018-08-16','2018-08-16','小宋测试',0,'15207108156','123456','oozuywjnhGOmObwtGs4E2vLEsAJY'),('2','2018-08-20','2018-08-20','小宋测试2',0,'15207108157','123456','oozuywt6GdCgM-Z4Kk9CrvvTAkJo'),('39bd6f1e95144d7b8842cfa8d4ff0337','2018-08-21','2018-08-21','小王',NULL,'15207108155','111111',NULL),('c6fa4e703bbd4f70b2688fa8be0f8672','2018-08-21','2018-08-21','小李',NULL,'15207108154','111111',NULL),('54757665a97c46d898cac1da3465e34d','2018-08-21','2018-08-21','小黑',NULL,'132456789','111111',NULL),('83f8c46e50894c1286c2ab0cca3a7524','2018-08-21','2018-08-21','小石',NULL,'123456','123456','oozuywt6GdCgM-Z4Kk9CrvvTAkJo'),('c3d80d627b6a4f839794b795d1a00d99','2018-08-21','2018-08-21','小陈',NULL,'1324','111111',NULL),('ab8d30566455475a8751872169efbb97','2018-08-27','2018-08-27','小红',NULL,'1234567','111111',NULL),('65d4240027bf4df4a1575ac4cb7ea94a','2018-08-27','2018-08-27','小明',NULL,'13245678','111111',NULL),('c141fac9aa9e4da39dd22c21ba8e16a6','2018-08-28','2018-08-28','小黄',NULL,'1234567','111111',NULL),('2016527d7f1a4a81b7d190126cbda483','2018-08-28','2018-08-28','小赵',NULL,'12345','111111',NULL);

/*Table structure for table `MemberHabit` */

DROP TABLE IF EXISTS `MemberHabit`;

CREATE TABLE `MemberHabit` (
  `ID` char(32) NOT NULL COMMENT '会员习惯场馆',
  `CreateTime` date NOT NULL COMMENT '创建时间',
  `MemberID` varchar(32) NOT NULL COMMENT '会员ID',
  `VenueID` varchar(32) NOT NULL COMMENT '场馆ID',
  PRIMARY KEY (`ID`)
) ENGINE=MyISAM DEFAULT CHARSET=utf8;

/*Data for the table `MemberHabit` */

/*Table structure for table `NewsBanner` */

DROP TABLE IF EXISTS `NewsBanner`;

CREATE TABLE `NewsBanner` (
  `ID` char(32) NOT NULL COMMENT '运营->横幅新闻容器',
  `BannerNO` int(11) unsigned NOT NULL COMMENT '容器编号',
  `Banner` varchar(200) DEFAULT NULL COMMENT '容器位置描述',
  `ShowWay` enum('易订场') NOT NULL COMMENT '展示平台',
  `CoverPath` varchar(300) NOT NULL COMMENT '封面URL',
  `ContentPath` varchar(300) NOT NULL COMMENT '内容URL',
  `Remark` varchar(100) DEFAULT NULL COMMENT '备注',
  PRIMARY KEY (`ID`)
) ENGINE=InnoDB DEFAULT CHARSET=utf8 COMMENT='新闻表';

/*Data for the table `NewsBanner` */

insert  into `NewsBanner`(`ID`,`BannerNO`,`Banner`,`ShowWay`,`CoverPath`,`ContentPath`,`Remark`) values ('1',1,NULL,'易订场','https://ekeae-image.oss-cn-shenzhen.aliyuncs.com/2018/8/24/timg.jpg','','111'),('2',2,NULL,'易订场','https://ekeae-image.oss-cn-shenzhen.aliyuncs.com/2018/8/24/timg2.jpg','',NULL),('3',3,NULL,'易订场','https://ekeae-image.oss-cn-shenzhen.aliyuncs.com/2018/8/24/timg3.jpg','',NULL);

/*Table structure for table `NewsBannerLog` */

DROP TABLE IF EXISTS `NewsBannerLog`;

CREATE TABLE `NewsBannerLog` (
  `ID` char(32) NOT NULL COMMENT '运营->横幅新闻日志',
  `NewsBannerID` char(32) NOT NULL COMMENT '横幅新闻ID',
  `LogTime` datetime NOT NULL COMMENT '日志时间',
  `EditID` char(32) NOT NULL COMMENT '操作人ID',
  `Content` varchar(200) NOT NULL COMMENT '内容',
  PRIMARY KEY (`ID`),
  KEY `FK_FW_PRO` (`NewsBannerID`)
) ENGINE=InnoDB DEFAULT CHARSET=utf8 COMMENT='小区日志';

/*Data for the table `NewsBannerLog` */

insert  into `NewsBannerLog`(`ID`,`NewsBannerID`,`LogTime`,`EditID`,`Content`) values ('1','1','2018-08-13 18:58:54','00000000000000000000000000000000','');

/*Table structure for table `Order` */

DROP TABLE IF EXISTS `Order`;

CREATE TABLE `Order` (
  `ID` varchar(32) CHARACTER SET latin1 NOT NULL COMMENT '订场-订单表',
  `OrderNO` int(11) unsigned NOT NULL AUTO_INCREMENT COMMENT '订单编号',
  `CreateTime` datetime NOT NULL COMMENT '创建时间',
  `ModifyTime` datetime NOT NULL COMMENT '修改时间',
  `OrderDate` date NOT NULL COMMENT '订单日期',
  `VenueID` varchar(32) CHARACTER SET latin1 NOT NULL COMMENT '场馆ID',
  `MemberID` varchar(32) CHARACTER SET latin1 NOT NULL COMMENT '会员ID',
  `CoachID` varchar(32) CHARACTER SET latin1 DEFAULT NULL COMMENT '教练ID',
  `CoachAmount` double(11,2) DEFAULT NULL COMMENT '教练费用',
  `Price` double(11,2) NOT NULL COMMENT '订单总金额',
  `TimeSum` double(11,1) NOT NULL COMMENT '订单总小时数',
  `Type` int(1) NOT NULL DEFAULT '0' COMMENT '订单状态(0=待支付1=已消费2=支付取消3=支付超时4=已退款5=支付成功待确认6=已支付待消费)',
  `PayType` int(1) DEFAULT NULL COMMENT '支付方式0=支付宝1=微信支付',
  `PayRemark` varchar(1000) CHARACTER SET latin1 DEFAULT NULL COMMENT '支付结果内容(仅供效验)',
  `AmountID` varchar(32) CHARACTER SET latin1 DEFAULT NULL COMMENT '提现ID',
  `AmountType` int(1) NOT NULL DEFAULT '0' COMMENT '提现状态(0=未提现1=正在提现2=已提现)',
  PRIMARY KEY (`ID`),
  KEY `OrderNO` (`OrderNO`)
) ENGINE=MyISAM AUTO_INCREMENT=86 DEFAULT CHARSET=utf8;

/*Data for the table `Order` */

insert  into `Order`(`ID`,`OrderNO`,`CreateTime`,`ModifyTime`,`OrderDate`,`VenueID`,`MemberID`,`CoachID`,`CoachAmount`,`Price`,`TimeSum`,`Type`,`PayType`,`PayRemark`,`AmountID`,`AmountType`) values ('1',1,'2018-08-17 20:43:07','2018-08-28 16:42:45','2018-08-18','1','1',NULL,NULL,200.00,0.0,2,NULL,NULL,NULL,0),('0e72d32113b1477da72647003951f9bd',2,'2018-08-21 19:54:54','2018-08-21 19:54:54','2018-08-18','1','1',NULL,NULL,0.01,4.5,2,NULL,NULL,NULL,0),('5eba918187884a54835b2824c8672130',3,'2018-08-21 20:01:59','2018-08-29 16:44:27','2018-08-18','1','1',NULL,NULL,100.00,2.0,6,0,NULL,'1',0),('cbf86ceec58346e79e6c851a48736989',4,'2018-08-22 09:36:13','2018-08-28 16:44:14','2018-08-18','1','1',NULL,NULL,450.00,4.5,2,NULL,NULL,NULL,0),('b1f094a911fb44a9af9ed5ec576ab1c2',5,'2018-08-22 09:37:20','2018-08-28 16:44:15','2018-08-18','1','1',NULL,NULL,450.00,4.5,2,NULL,NULL,NULL,0),('aca4119a0aea47dfa874cb509b47b0cf',6,'2018-08-22 09:38:18','2018-08-22 09:38:18','2018-08-18','1','1',NULL,NULL,450.00,4.5,2,NULL,NULL,NULL,0),('b951757eb1a84c5e8057a924e8eb6181',7,'2018-08-22 09:41:05','2018-08-28 16:44:16','2018-08-18','1','1',NULL,NULL,450.00,4.5,2,NULL,NULL,NULL,0),('45f4be8a027e4e6093c5f3958f393f11',8,'2018-08-22 09:41:36','2018-08-22 09:41:36','2018-08-18','1','1',NULL,NULL,450.00,4.5,2,NULL,NULL,NULL,0),('59d4f2cfab134606945e39b0b15b578a',9,'2018-08-22 09:45:33','2018-08-22 09:45:33','2018-08-18','1','1',NULL,NULL,450.00,4.5,2,NULL,NULL,NULL,0),('d972f1a3557043b2bf87a6a120fdf743',10,'2018-08-22 09:47:22','2018-08-22 09:47:22','2018-08-18','1','1',NULL,NULL,350.00,3.5,2,NULL,NULL,NULL,0),('a07012c3a04a408d85de2c7e89c9e4b8',11,'2018-08-22 09:49:37','2018-08-22 09:49:37','2018-08-18','1','1',NULL,NULL,350.00,3.5,2,NULL,NULL,NULL,0),('efb57e33403f45f38fdfa7397e0ab67e',12,'2018-08-22 09:50:49','2018-08-22 09:50:49','2018-08-18','1','1',NULL,NULL,350.00,3.5,2,NULL,NULL,NULL,0),('25f1b7bb200c45f5858ffa404be8920d',13,'2018-08-22 10:03:00','2018-08-22 10:03:00','2018-08-18','1','1',NULL,NULL,350.00,3.5,2,NULL,NULL,NULL,0),('a78048e9c1f447cb9018dd075ff15f77',14,'2018-08-22 10:05:05','2018-08-22 10:05:05','2018-08-18','1','1',NULL,NULL,350.00,3.5,2,NULL,NULL,NULL,0),('af4cdd9b49b44fa58dc1e4cfbf83b40b',15,'2018-08-22 10:21:04','2018-08-22 10:21:04','2018-08-18','1','1',NULL,NULL,350.00,3.5,2,NULL,NULL,NULL,0),('cd1bf31a0aca4e50ba55c05b5c089d2c',16,'2018-08-22 10:21:16','2018-08-22 10:21:16','2018-08-18','1','1','1',600.00,950.00,3.5,2,NULL,NULL,NULL,0),('866a8cf8703a41ef9d0cd72438efe83a',17,'2018-08-27 17:15:42','2018-08-27 17:15:42','2018-08-18','1','39bd6f1e95144d7b8842cfa8d4ff0337',NULL,NULL,350.00,3.5,3,NULL,NULL,NULL,0),('b2138eb0315447a493d7391858670abc',18,'2018-08-27 17:55:05','2018-08-27 17:55:05','2018-08-18','1','39bd6f1e95144d7b8842cfa8d4ff0337',NULL,NULL,350.00,3.5,3,NULL,NULL,NULL,0),('844d6fd3cb08438eb6b1b16cebfcf313',19,'2018-08-27 18:00:44','2018-08-27 18:00:44','2018-08-18','1','83f8c46e50894c1286c2ab0cca3a7524',NULL,NULL,100.00,1.0,3,NULL,NULL,NULL,0),('efbecb135076453a885d686a173eec8d',20,'2018-08-27 18:02:17','2018-08-27 18:02:17','2018-08-18','1','83f8c46e50894c1286c2ab0cca3a7524',NULL,NULL,100.00,1.0,3,NULL,NULL,NULL,0),('915fc9ebe5504da8b1a306f5efca62ba',21,'2018-08-27 18:03:58','2018-08-27 18:03:58','2018-08-18','1','83f8c46e50894c1286c2ab0cca3a7524',NULL,NULL,100.00,1.0,3,NULL,NULL,NULL,0),('1bcb5126734d4ff7a327cecc68569246',22,'2018-08-27 18:05:05','2018-08-27 18:05:05','2018-08-18','1','83f8c46e50894c1286c2ab0cca3a7524',NULL,NULL,100.00,1.0,3,NULL,NULL,NULL,0),('d9e9a80d85f4441e98183bea1bf96349',23,'2018-08-27 18:37:35','2018-08-27 18:37:35','2018-08-18','1','83f8c46e50894c1286c2ab0cca3a7524',NULL,NULL,100.00,1.0,3,NULL,NULL,NULL,0),('d515a47d2ddb4479b99d3dcb73416968',24,'2018-08-27 18:51:34','2018-08-27 18:51:34','2018-08-18','1','83f8c46e50894c1286c2ab0cca3a7524',NULL,NULL,100.00,1.0,3,NULL,NULL,NULL,0),('2363355ebe214382a6bb6a01aac88999',25,'2018-08-27 18:52:30','2018-08-27 18:52:30','2018-08-18','1','83f8c46e50894c1286c2ab0cca3a7524',NULL,NULL,100.00,1.0,3,NULL,NULL,NULL,0),('3745bffd780146099fc589fdc994229f',26,'2018-08-27 19:04:03','2018-08-27 19:04:03','2018-08-18','1','83f8c46e50894c1286c2ab0cca3a7524',NULL,NULL,100.00,1.0,3,NULL,NULL,NULL,0),('6dc5c65bbc8248cea380c4a05abae535',27,'2018-08-27 19:11:44','2018-08-27 19:11:44','2018-08-18','1','83f8c46e50894c1286c2ab0cca3a7524',NULL,NULL,100.00,1.0,3,NULL,NULL,NULL,0),('1bc8fd7266e346569f593a64c5cba472',28,'2018-08-27 19:14:18','2018-08-27 19:14:18','2018-08-18','1','83f8c46e50894c1286c2ab0cca3a7524',NULL,NULL,100.00,1.0,3,NULL,NULL,NULL,0),('e5aadd0ec95b41b7b21e1827519df236',29,'2018-08-27 19:20:59','2018-08-27 19:20:59','2018-08-18','1','83f8c46e50894c1286c2ab0cca3a7524',NULL,NULL,100.00,1.0,3,NULL,NULL,NULL,0),('19d0fe8b5d4a4de781119ff685c1917b',30,'2018-08-27 19:36:42','2018-08-27 19:36:42','2018-08-18','1','83f8c46e50894c1286c2ab0cca3a7524',NULL,NULL,100.00,1.0,3,NULL,NULL,NULL,0),('51a22cddf1804120bf85164339e70653',31,'2018-08-27 19:38:13','2018-08-27 19:38:13','2018-08-18','1','83f8c46e50894c1286c2ab0cca3a7524',NULL,NULL,100.00,1.0,3,NULL,NULL,NULL,0),('b42e4febcb594acdbf5c0ed41e20800b',32,'2018-08-27 19:49:19','2018-08-27 19:49:19','2018-08-18','1','83f8c46e50894c1286c2ab0cca3a7524',NULL,NULL,100.00,1.0,3,NULL,NULL,NULL,0),('e306a7be5f7c4f01a012667ae0146f90',33,'2018-08-27 19:51:26','2018-08-27 19:51:26','2018-08-18','1','83f8c46e50894c1286c2ab0cca3a7524',NULL,NULL,100.00,1.0,3,NULL,NULL,NULL,0),('22d8fe24a18542f3af37b7e086b6b793',34,'2018-08-28 14:51:26','2018-08-28 14:56:27','2018-08-18','1','83f8c46e50894c1286c2ab0cca3a7524',NULL,NULL,100.00,1.0,3,NULL,NULL,NULL,0),('c1a2b281b0994af48205d0f13c7b900e',35,'2018-08-28 15:02:27','2018-08-28 15:07:27','2018-08-18','1','83f8c46e50894c1286c2ab0cca3a7524',NULL,NULL,100.00,1.0,3,NULL,NULL,NULL,0),('de9ca52e51ef49cc8e9d91960aa1ad62',36,'2018-08-28 15:07:06','2018-08-28 15:12:06','2018-08-18','1','83f8c46e50894c1286c2ab0cca3a7524',NULL,NULL,100.00,1.0,3,NULL,NULL,NULL,0),('4a40c446e6d54e828690b3dbb3fa97c4',37,'2018-08-28 15:16:05','2018-08-28 15:21:05','2018-08-18','1','83f8c46e50894c1286c2ab0cca3a7524',NULL,NULL,100.00,1.0,3,NULL,NULL,NULL,0),('164d95a0bebd4f1790c8f9a9dfcfa360',38,'2018-08-28 15:18:24','2018-08-28 15:23:25','2018-08-18','1','83f8c46e50894c1286c2ab0cca3a7524',NULL,NULL,200.00,2.0,3,NULL,NULL,NULL,0),('3eb09dfa43e14ed4b7f826dd907896d3',39,'2018-08-28 15:19:18','2018-08-28 15:24:18','2018-08-18','1','83f8c46e50894c1286c2ab0cca3a7524',NULL,NULL,100.00,1.0,3,NULL,NULL,NULL,0),('2525f8bd40264bdd8b711bdf6c7ce796',40,'2018-08-28 15:22:50','2018-08-28 15:27:50','2018-08-18','1','83f8c46e50894c1286c2ab0cca3a7524',NULL,NULL,100.00,1.0,3,NULL,NULL,NULL,0),('99824b8336fe4ecababfc74c3d7fbebb',41,'2018-08-28 15:23:15','2018-08-28 15:28:15','2018-08-18','1','83f8c46e50894c1286c2ab0cca3a7524',NULL,NULL,100.00,1.0,3,NULL,NULL,NULL,0),('12e7507c35a24977bd7f55e454bef601',42,'2018-08-28 15:27:48','2018-08-28 15:27:48','2018-08-18','1','83f8c46e50894c1286c2ab0cca3a7524',NULL,NULL,100.00,1.0,2,NULL,NULL,NULL,0),('4471eb5e5c174397bbfc1529e23384ae',43,'2018-08-28 16:43:25','2018-08-28 16:48:25','2018-08-18','1','83f8c46e50894c1286c2ab0cca3a7524','1',400.00,200.00,2.0,3,NULL,NULL,NULL,0),('ff49888ff18746b8a7d9d8a53840c4c5',44,'2018-08-28 16:45:39','2018-08-28 16:50:39','2018-08-18','1','1','1',200.00,100.00,1.0,3,NULL,NULL,NULL,0),('43927997787a4736bb57fb1190e5864e',45,'2018-08-28 16:45:59','2018-08-28 16:50:59','2018-08-18','1','1','1',200.00,100.00,1.0,3,NULL,NULL,NULL,0),('47c004a543674f14b4030fd8fe3bfa38',46,'2018-08-28 16:46:47','2018-08-28 16:51:47','2018-08-18','1','1','1',200.00,100.00,1.0,3,NULL,NULL,NULL,0),('3b230984ad9f450099fca204dce84447',47,'2018-08-28 16:58:12','2018-08-28 17:03:12','2018-08-18','1','1','1',200.00,100.00,1.0,3,NULL,NULL,NULL,0),('3efa689ab4dc418083d61b8070d14a05',48,'2018-08-28 17:05:51','2018-08-28 17:10:51','2018-08-18','1','1','1',400.00,200.00,2.0,3,NULL,NULL,NULL,0),('04fa53c37ef744579bfb6124edfe6266',49,'2018-08-28 19:02:25','2018-08-28 19:07:26','2018-08-18','1','83f8c46e50894c1286c2ab0cca3a7524','1',400.00,200.00,2.0,3,NULL,NULL,NULL,0),('2e66a515ce28400eaee4629bb56fe228',50,'2018-08-28 19:11:15','2018-08-28 19:16:15','2018-08-18','1','83f8c46e50894c1286c2ab0cca3a7524','1',400.00,200.00,2.0,3,NULL,NULL,NULL,0),('33b5a0578d3b4d46b4d1a18514492cf1',51,'2018-08-28 19:28:21','2018-08-28 19:33:21','2018-08-18','1','83f8c46e50894c1286c2ab0cca3a7524','1',400.00,200.00,2.0,3,NULL,NULL,NULL,0),('4475a57382304480a3f8d2716a644db4',52,'2018-08-28 19:29:04','2018-08-28 19:34:04','2018-08-18','1','83f8c46e50894c1286c2ab0cca3a7524','1',200.00,100.00,1.0,3,NULL,NULL,NULL,0),('43c5c46697a24d43b66ecf382072c277',53,'2018-08-28 19:29:17','2018-08-28 19:34:17','2018-08-18','1','83f8c46e50894c1286c2ab0cca3a7524','1',400.00,200.00,2.0,3,NULL,NULL,NULL,0),('cbba54ca3a764816917f9414b46df5c2',54,'2018-08-28 20:29:16','2018-08-28 20:34:16','2018-08-18','1','83f8c46e50894c1286c2ab0cca3a7524','1',400.00,200.00,2.0,3,NULL,NULL,NULL,0),('b90969de9ad84087865f9c1bc2efe9e0',55,'2018-08-28 21:08:03','2018-08-28 21:13:03','2018-08-18','1','83f8c46e50894c1286c2ab0cca3a7524','1',200.00,100.00,1.0,3,NULL,NULL,NULL,0),('2e8d7e2144f84ea0b9771822b7cc44a2',56,'2018-08-29 09:54:42','2018-08-29 09:59:42','2018-08-18','1','2016527d7f1a4a81b7d190126cbda483','1',200.00,100.00,1.0,3,NULL,NULL,NULL,0),('d524273471ef4e8c9bc302b208afd8de',57,'2018-08-29 10:54:57','2018-08-30 17:36:16','2018-08-18','1','83f8c46e50894c1286c2ab0cca3a7524','',0.00,50.00,1.0,6,0,NULL,'1',0),('dd6d48bbb8e84277aa14586bd3adf7a5',58,'2018-08-29 11:01:36','2018-08-29 11:06:36','2018-08-18','1','83f8c46e50894c1286c2ab0cca3a7524','1',200.00,100.00,1.0,3,NULL,NULL,NULL,0),('cc5b1e5920474128b5ad2fcabda3b9fd',59,'2018-08-29 13:58:03','2018-08-29 14:03:03','2018-08-18','1','2016527d7f1a4a81b7d190126cbda483','1',200.00,100.00,1.0,3,NULL,NULL,NULL,0),('d5face227b42483fa3d358c509eb1ed7',60,'2018-08-29 14:35:04','2018-08-29 14:40:04','2018-08-18','1','2016527d7f1a4a81b7d190126cbda483','1',200.00,100.00,1.0,3,NULL,NULL,NULL,0),('e77a5ac0c6d04535bc49a8d385e8dd91',61,'2018-08-29 14:38:33','2018-08-29 14:43:33','2018-08-18','1','2016527d7f1a4a81b7d190126cbda483','1',200.00,100.00,1.0,3,NULL,NULL,NULL,0),('96d54b887919407689af39deeb07ce77',62,'2018-08-29 14:40:13','2018-08-29 14:45:13','2018-08-18','1','83f8c46e50894c1286c2ab0cca3a7524','1',400.00,20000.00,2.0,3,NULL,NULL,NULL,0),('92207311cb3e4e06bf1c25f87439bfdf',63,'2018-08-29 15:06:02','2018-08-29 15:11:02','2018-08-18','1','2016527d7f1a4a81b7d190126cbda483','1',2000.00,20000.00,1.0,3,NULL,NULL,NULL,0),('b01493d14d3544ea94ce8813c44a6dcb',64,'2018-08-29 15:15:55','2018-08-29 15:20:55','2018-08-18','1','2016527d7f1a4a81b7d190126cbda483','1',200.00,100.00,1.0,3,NULL,NULL,NULL,0),('5c5e12ae4b4b4febbe747587853382a4',65,'2018-08-29 15:22:38','2018-08-29 15:27:38','2018-08-18','1','83f8c46e50894c1286c2ab0cca3a7524','1',200.00,100.00,1.0,3,NULL,NULL,NULL,0),('283793149c7f4f05909924dcfc2fb13a',66,'2018-08-29 15:39:14','2018-08-29 15:44:14','2018-08-18','1','83f8c46e50894c1286c2ab0cca3a7524','1',200.00,100.00,1.0,3,NULL,NULL,NULL,0),('22d8690530404f5f8c2ba5fed5ff70ea',67,'2018-08-29 16:06:48','2018-08-29 16:11:48','2018-08-18','1','83f8c46e50894c1286c2ab0cca3a7524','1',200.00,100.00,1.0,3,NULL,NULL,NULL,0),('084fe227bf5a43f896580404da1fc1a2',68,'2018-08-29 16:07:37','2018-08-29 16:12:37','2018-08-18','1','83f8c46e50894c1286c2ab0cca3a7524','1',200.00,100.00,1.0,3,NULL,NULL,NULL,0),('9ff0d4d314c64b09835fd684900a1fb7',69,'2018-08-29 16:18:53','2018-08-29 16:18:53','2018-08-18','1','83f8c46e50894c1286c2ab0cca3a7524','1',200.00,100.00,1.0,3,NULL,NULL,NULL,0),('e7714d48145d4f4ab2a8169b7f568ada',70,'2018-08-29 16:20:31','2018-08-29 16:20:31','2018-08-18','1','2016527d7f1a4a81b7d190126cbda483','1',200.00,100.00,1.0,3,NULL,NULL,NULL,0),('28718db53b0d4360bc30b52d6aed7780',71,'2018-08-29 16:25:08','2018-08-29 16:30:09','2018-08-18','1','83f8c46e50894c1286c2ab0cca3a7524','1',200.00,100.00,1.0,3,NULL,NULL,NULL,0),('ed8bf045c0554b588907116b8273a306',72,'2018-08-29 16:51:07','2018-08-29 16:56:07','2018-08-18','1','83f8c46e50894c1286c2ab0cca3a7524','1',200.00,100.00,1.0,3,NULL,NULL,NULL,0),('859a03292df240cb9f50714c4362c18d',73,'2018-08-29 16:55:14','2018-08-29 17:00:14','2018-08-18','1','83f8c46e50894c1286c2ab0cca3a7524','1',200.00,100.00,1.0,3,NULL,NULL,NULL,0),('6d6f5136e3da42639656fdbcafe39a04',74,'2018-08-29 16:56:20','2018-08-29 17:01:20','2018-08-18','1','83f8c46e50894c1286c2ab0cca3a7524','1',200.00,100.00,1.0,3,NULL,NULL,NULL,0),('dbe4e35b8e3d4866b6e95b2bcdddb8e6',75,'2018-08-29 16:59:38','2018-08-30 17:36:41','2018-08-18','1','83f8c46e50894c1286c2ab0cca3a7524','',0.00,50.00,1.0,6,1,NULL,'1',0),('c026c74c6acd4cb6ab1783e3a5fcdcd7',76,'2018-08-29 17:14:35','2018-08-29 17:19:35','2018-08-18','1','2016527d7f1a4a81b7d190126cbda483','1',200.00,100.00,1.0,3,NULL,NULL,NULL,0),('734aab1d5431496daeea4ba86e87bc24',77,'2018-08-29 17:15:07','2018-08-29 17:20:07','2018-08-18','1','83f8c46e50894c1286c2ab0cca3a7524','1',200.00,100.00,1.0,3,NULL,NULL,NULL,0),('75ee26251977419b93af9ed49d96a2c5',78,'2018-08-29 17:19:21','2018-08-29 17:24:21','2018-08-18','1','2016527d7f1a4a81b7d190126cbda483','1',200.00,100.00,1.0,3,NULL,NULL,NULL,0),('f33b461f949d4010bc86d488efb563d0',79,'2018-08-29 17:21:01','2018-08-29 17:26:01','2018-08-18','1','83f8c46e50894c1286c2ab0cca3a7524','1',200.00,100.00,1.0,3,NULL,NULL,NULL,0),('2b279c76eeb5410bbd378466305fe4f6',80,'2018-08-29 17:22:52','2018-08-29 17:27:52','2018-08-18','1','83f8c46e50894c1286c2ab0cca3a7524','1',200.00,100.00,1.0,3,NULL,NULL,NULL,0),('d9d9c29120c44f6190c7be3ce0dadcde',81,'2018-08-29 17:24:10','2018-08-29 17:29:10','2018-08-18','1','83f8c46e50894c1286c2ab0cca3a7524','1',200.00,100.00,1.0,3,NULL,NULL,NULL,0),('f7528b5639e24abdabf3ce44110885d4',82,'2018-08-29 19:02:59','2018-08-29 19:07:59','2018-08-18','1','83f8c46e50894c1286c2ab0cca3a7524','1',200.00,100.00,1.0,3,NULL,NULL,NULL,0),('e94d970cdedf48f3b83da450df1a611a',83,'2018-08-29 20:04:04','2018-08-29 20:09:04','2018-08-18','1','83f8c46e50894c1286c2ab0cca3a7524','1',400.00,200.00,2.0,3,NULL,NULL,NULL,0),('f7a8a9cab7914336836be2150f48941f',84,'2018-08-30 16:43:33','2018-08-30 16:48:34','2018-08-18','1','83f8c46e50894c1286c2ab0cca3a7524','1',200.00,100.00,1.0,3,NULL,NULL,NULL,0),('2b6a71d1397b4176afd37e6cf9fa9b38',85,'2018-08-30 17:00:12','2018-08-30 17:05:12','2018-08-18','1','1','1',600.00,300.00,3.0,3,NULL,NULL,NULL,0);

/*Table structure for table `OrderLog` */

DROP TABLE IF EXISTS `OrderLog`;

CREATE TABLE `OrderLog` (
  `ID` char(32) NOT NULL COMMENT '订场日志',
  `CreateTime` datetime NOT NULL COMMENT '创建时间',
  `OrderID` varchar(32) NOT NULL COMMENT '订单ID',
  `Type` int(1) NOT NULL DEFAULT '0' COMMENT '类别(0=系统)',
  `Content` varchar(200) NOT NULL COMMENT '内容',
  PRIMARY KEY (`ID`)
) ENGINE=MyISAM DEFAULT CHARSET=utf8;

/*Data for the table `OrderLog` */

insert  into `OrderLog`(`ID`,`CreateTime`,`OrderID`,`Type`,`Content`) values ('1','2018-08-20 15:53:35','1',0,'1'),('3e5e2b232cf34770a70cf06617aba8c4','2018-08-22 10:05:05','a78048e9c1f447cb9018dd075ff15f77',0,'2018-08-22 10:05:05创建订单,等待支付'),('aee5379ad87549f4bfb073c091eafad8','2018-08-22 10:05:18','a78048e9c1f447cb9018dd075ff15f77',0,'2018-08-22 10:05:18订单支付时间结束，检查订单未支付成功，处理为支付超时'),('957d0b9696d249eea6eac9c4fa5f8828','2018-08-22 10:21:04','af4cdd9b49b44fa58dc1e4cfbf83b40b',0,'创建订单,等待支付'),('71535f9c97d44ec7bbed2a05b6a619b3','2018-08-22 10:21:15','af4cdd9b49b44fa58dc1e4cfbf83b40b',0,'2018-08-22 10:21:15订单支付时间结束，检查订单未支付成功，处理为支付超时'),('4dbf0cbac4ef4f7c999c6ad03df24fec','2018-08-22 10:21:16','cd1bf31a0aca4e50ba55c05b5c089d2c',0,'创建订单,等待支付'),('fd8c5ee37ecb45baa56d36b8d6e864ec','2018-08-22 10:21:26','cd1bf31a0aca4e50ba55c05b5c089d2c',0,'2018-08-22 10:21:26订单支付时间结束，检查订单未支付成功，处理为支付超时'),('af4e004616a84b2298b36333c3d3bfec','2018-08-27 17:15:42','866a8cf8703a41ef9d0cd72438efe83a',0,'创建订单,等待支付'),('375ca6a5f66a418eb7d53e8bec500b09','2018-08-27 17:21:02','866a8cf8703a41ef9d0cd72438efe83a',0,'订单支付时间结束，检查订单未支付成功，处理为支付超时'),('6b9f02874195462b9df4554657138d39','2018-08-27 17:55:05','b2138eb0315447a493d7391858670abc',0,'创建订单,等待支付'),('f2cf7230aa3c4277bd2b1010b2a075e5','2018-08-27 18:00:05','b2138eb0315447a493d7391858670abc',0,'订单支付时间结束，检查订单未支付成功，处理为支付超时'),('5c4e37c59e6e444383f27b8e28e059ef','2018-08-27 18:00:44','844d6fd3cb08438eb6b1b16cebfcf313',0,'创建订单,等待支付'),('04a3ee7ca08e4dc7b9632ef17b1e2aaf','2018-08-27 18:02:17','efbecb135076453a885d686a173eec8d',0,'创建订单,等待支付'),('8d9a901cb48048d29f5e4ef509b10560','2018-08-27 18:03:58','915fc9ebe5504da8b1a306f5efca62ba',0,'创建订单,等待支付'),('4c7aa62e05754807bd3c127f1bed5ee5','2018-08-27 18:05:05','1bcb5126734d4ff7a327cecc68569246',0,'创建订单,等待支付'),('36d1a0dfc3b4439085bfbf27196c4389','2018-08-27 18:05:44','844d6fd3cb08438eb6b1b16cebfcf313',0,'订单支付时间结束，检查订单未支付成功，处理为支付超时'),('dce68ab54cd4425eb1595426a4977657','2018-08-27 18:07:17','efbecb135076453a885d686a173eec8d',0,'订单支付时间结束，检查订单未支付成功，处理为支付超时'),('4be2b340223d4d26bceb5d5cb6d8b42a','2018-08-27 18:08:59','915fc9ebe5504da8b1a306f5efca62ba',0,'订单支付时间结束，检查订单未支付成功，处理为支付超时'),('3402bff88fed43759064f37b6e478301','2018-08-27 18:10:05','1bcb5126734d4ff7a327cecc68569246',0,'订单支付时间结束，检查订单未支付成功，处理为支付超时'),('75e0abb18fce4a6db1548a60f8b2b6f7','2018-08-27 18:37:35','d9e9a80d85f4441e98183bea1bf96349',0,'创建订单,等待支付'),('79b66f4e44814070babc5f5a4b0d2f30','2018-08-27 18:42:35','d9e9a80d85f4441e98183bea1bf96349',0,'订单支付时间结束，检查订单未支付成功，处理为支付超时'),('4cc02625242c46c5815dc282050edd75','2018-08-27 18:51:34','d515a47d2ddb4479b99d3dcb73416968',0,'创建订单,等待支付'),('308121d6e41d49daac7036b25d4287cb','2018-08-27 18:52:30','2363355ebe214382a6bb6a01aac88999',0,'创建订单,等待支付'),('8bd580fa7c814498bc92f79f4c11d468','2018-08-27 18:56:34','d515a47d2ddb4479b99d3dcb73416968',0,'订单支付时间结束，检查订单未支付成功，处理为支付超时'),('3ba59359103e4ee8b929d091d56cdf24','2018-08-27 18:57:30','2363355ebe214382a6bb6a01aac88999',0,'订单支付时间结束，检查订单未支付成功，处理为支付超时'),('bfbb00890a374af79756b58b661fd82c','2018-08-27 19:04:03','3745bffd780146099fc589fdc994229f',0,'创建订单,等待支付'),('e33f299ef79b480989591533b5719d2b','2018-08-27 19:09:03','3745bffd780146099fc589fdc994229f',0,'订单支付时间结束，检查订单未支付成功，处理为支付超时'),('081f3afd503b43f8b4798b538e1f38ba','2018-08-27 19:11:44','6dc5c65bbc8248cea380c4a05abae535',0,'创建订单,等待支付'),('f0320645b21747648d29a7fcf71b447a','2018-08-27 19:14:18','1bc8fd7266e346569f593a64c5cba472',0,'创建订单,等待支付'),('03a2e677fd564208a9b9da1ecf32a2a9','2018-08-27 19:16:44','6dc5c65bbc8248cea380c4a05abae535',0,'订单支付时间结束，检查订单未支付成功，处理为支付超时'),('44d4a92263d64468997d065f5388419b','2018-08-27 19:19:18','1bc8fd7266e346569f593a64c5cba472',0,'订单支付时间结束，检查订单未支付成功，处理为支付超时'),('c066abde4dac484590bb648a7d08113d','2018-08-27 19:20:59','e5aadd0ec95b41b7b21e1827519df236',0,'创建订单,等待支付'),('7d27533bd4f84a2e8c30b9427ddc7bb2','2018-08-27 19:25:59','e5aadd0ec95b41b7b21e1827519df236',0,'订单支付时间结束，检查订单未支付成功，处理为支付超时'),('3455e7b583d54b79a8dd208010e0cf19','2018-08-27 19:36:42','19d0fe8b5d4a4de781119ff685c1917b',0,'创建订单,等待支付'),('4906bac63cf2400d9cd68494cbdcbc8b','2018-08-27 19:38:13','51a22cddf1804120bf85164339e70653',0,'创建订单,等待支付'),('603d854885674e60a45a6372647a67c8','2018-08-27 19:41:42','19d0fe8b5d4a4de781119ff685c1917b',0,'订单支付时间结束，检查订单未支付成功，处理为支付超时'),('e92a7b766d80417f877885a22156a619','2018-08-27 19:43:13','51a22cddf1804120bf85164339e70653',0,'订单支付时间结束，检查订单未支付成功，处理为支付超时'),('a236472aadc542d7afcd5cfd75b272ed','2018-08-27 19:49:19','b42e4febcb594acdbf5c0ed41e20800b',0,'创建订单,等待支付'),('8ac8be9ab1cd454fa7f6d11da7058eb8','2018-08-27 19:51:26','e306a7be5f7c4f01a012667ae0146f90',0,'创建订单,等待支付'),('8c89fd2ce71d49e6812a9df78418be9d','2018-08-27 19:54:19','b42e4febcb594acdbf5c0ed41e20800b',0,'订单支付时间结束，检查订单未支付成功，处理为支付超时'),('60d0cdf016ae45f39f5b78f0cbb256d2','2018-08-27 19:56:26','e306a7be5f7c4f01a012667ae0146f90',0,'订单支付时间结束，检查订单未支付成功，处理为支付超时'),('f4a0465779534a9e805552168f3f9f47','2018-08-28 14:51:26','22d8fe24a18542f3af37b7e086b6b793',0,'创建订单,等待支付'),('a87da252073b432b9a4c7e352ef3d395','2018-08-28 14:56:28','22d8fe24a18542f3af37b7e086b6b793',0,'订单支付时间结束，检查订单未支付成功，处理为支付超时'),('3c0c24e4c9ea47c39811aa1ad11b1f1a','2018-08-28 15:02:27','c1a2b281b0994af48205d0f13c7b900e',0,'创建订单,等待支付'),('41899ad1fded4c3ca5168f08f0478cc7','2018-08-28 15:07:06','de9ca52e51ef49cc8e9d91960aa1ad62',0,'创建订单,等待支付'),('8c2cb8eb539a4057aa0cf04dd2210071','2018-08-28 15:07:27','c1a2b281b0994af48205d0f13c7b900e',0,'订单支付时间结束，检查订单未支付成功，处理为支付超时'),('3f183131b5824459adc888a08de82ea8','2018-08-28 15:12:06','de9ca52e51ef49cc8e9d91960aa1ad62',0,'订单支付时间结束，检查订单未支付成功，处理为支付超时'),('6a627591723b47c9b82dceef880a5b97','2018-08-28 15:16:05','4a40c446e6d54e828690b3dbb3fa97c4',0,'创建订单,等待支付'),('36e393cf2f2d4c4f930babc4c8d3f5cb','2018-08-28 15:18:24','164d95a0bebd4f1790c8f9a9dfcfa360',0,'创建订单,等待支付'),('1f185559a2e64d5fb03718f8d6f61a0e','2018-08-28 15:19:18','3eb09dfa43e14ed4b7f826dd907896d3',0,'创建订单,等待支付'),('6cbd7bcf680d4003a9a1f97e8c8c2bb9','2018-08-28 15:21:05','4a40c446e6d54e828690b3dbb3fa97c4',0,'订单支付时间结束，检查订单未支付成功，处理为支付超时'),('f23304dc166646f6bba74bfe1055dc7d','2018-08-28 15:22:50','2525f8bd40264bdd8b711bdf6c7ce796',0,'创建订单,等待支付'),('d389315c8ae94717856dfd82cc053542','2018-08-28 15:23:15','99824b8336fe4ecababfc74c3d7fbebb',0,'创建订单,等待支付'),('e3507157fe004e8994fb4cabbdb91945','2018-08-28 15:23:25','164d95a0bebd4f1790c8f9a9dfcfa360',0,'订单支付时间结束，检查订单未支付成功，处理为支付超时'),('7fe9dac2068d4168bbfe70aa0fd1a436','2018-08-28 15:24:18','3eb09dfa43e14ed4b7f826dd907896d3',0,'订单支付时间结束，检查订单未支付成功，处理为支付超时'),('71c17ea072bc4bc983923fe9962e9e00','2018-08-28 15:27:48','12e7507c35a24977bd7f55e454bef601',0,'创建订单,等待支付'),('2a63bc3f99ff459780e69ba67d077d65','2018-08-28 15:27:50','2525f8bd40264bdd8b711bdf6c7ce796',0,'订单支付时间结束，检查订单未支付成功，处理为支付超时'),('b93d07f6bd4a4a7582cb00e5d2f70758','2018-08-28 15:28:15','99824b8336fe4ecababfc74c3d7fbebb',0,'订单支付时间结束，检查订单未支付成功，处理为支付超时'),('dc42923fe5bf4deeb1801a3a464b7b57','2018-08-28 16:43:25','4471eb5e5c174397bbfc1529e23384ae',0,'创建订单,等待支付'),('8cf2247f8c29460fb18849e2d5df648e','2018-08-28 16:45:39','ff49888ff18746b8a7d9d8a53840c4c5',0,'创建订单,等待支付'),('fc79c4ff9a1d4575afec05198902dd9d','2018-08-28 16:45:59','43927997787a4736bb57fb1190e5864e',0,'创建订单,等待支付'),('d83570550ede42748f1e06dbb58b3e37','2018-08-28 16:46:47','47c004a543674f14b4030fd8fe3bfa38',0,'创建订单,等待支付'),('9430f4261db9471481ef0e86d036427e','2018-08-28 16:48:25','4471eb5e5c174397bbfc1529e23384ae',0,'订单支付时间结束，检查订单未支付成功，处理为支付超时'),('ad47f99fc542473a8868a27026f6cf8f','2018-08-28 16:50:39','ff49888ff18746b8a7d9d8a53840c4c5',0,'订单支付时间结束，检查订单未支付成功，处理为支付超时'),('8d3b8160c81a48998676bec357022851','2018-08-28 16:50:59','43927997787a4736bb57fb1190e5864e',0,'订单支付时间结束，检查订单未支付成功，处理为支付超时'),('608ee085dbc743a6a9112157db08c4fe','2018-08-28 16:51:47','47c004a543674f14b4030fd8fe3bfa38',0,'订单支付时间结束，检查订单未支付成功，处理为支付超时'),('9dd7b22887934843aaeaf89f0d8d7ff1','2018-08-28 16:58:12','3b230984ad9f450099fca204dce84447',0,'创建订单,等待支付'),('02100f6cf91147ddac43b469c55ee28e','2018-08-28 17:03:12','3b230984ad9f450099fca204dce84447',0,'订单支付时间结束，检查订单未支付成功，处理为支付超时'),('b686b024fe4647209fd37d870e0f4c6e','2018-08-28 17:05:51','3efa689ab4dc418083d61b8070d14a05',0,'创建订单,等待支付'),('e7663a47c6f3415da15f1742c97c87ed','2018-08-28 17:10:51','3efa689ab4dc418083d61b8070d14a05',0,'订单支付时间结束，检查订单未支付成功，处理为支付超时'),('744fd0bf627544339fcbee16c92ebd68','2018-08-28 19:02:25','04fa53c37ef744579bfb6124edfe6266',0,'创建订单,等待支付'),('9b2d5c5ecdd54116badfa1fa26ff7a37','2018-08-28 19:07:26','04fa53c37ef744579bfb6124edfe6266',0,'订单支付时间结束，检查订单未支付成功，处理为支付超时'),('09b8178928684a7c80e548de425237de','2018-08-28 19:11:15','2e66a515ce28400eaee4629bb56fe228',0,'创建订单,等待支付'),('729e12debdf949109bab47230a1044d5','2018-08-28 19:16:15','2e66a515ce28400eaee4629bb56fe228',0,'订单支付时间结束，检查订单未支付成功，处理为支付超时'),('3e39eb7a25724334b093e4b2570d55ee','2018-08-28 19:28:21','33b5a0578d3b4d46b4d1a18514492cf1',0,'创建订单,等待支付'),('85c5ed4120ac415099a04dd549209206','2018-08-28 19:29:04','4475a57382304480a3f8d2716a644db4',0,'创建订单,等待支付'),('67ed891bdd7b4833982194f4fdfa18c9','2018-08-28 19:29:17','43c5c46697a24d43b66ecf382072c277',0,'创建订单,等待支付'),('8f2190973f4141db9d5337a2b3008a8f','2018-08-28 19:33:21','33b5a0578d3b4d46b4d1a18514492cf1',0,'订单支付时间结束，检查订单未支付成功，处理为支付超时'),('2edc0c06bfaf4030a189aa5e8f9328ab','2018-08-28 19:34:04','4475a57382304480a3f8d2716a644db4',0,'订单支付时间结束，检查订单未支付成功，处理为支付超时'),('034b8fc1a5af403e9b43564a1e0b1e37','2018-08-28 19:34:17','43c5c46697a24d43b66ecf382072c277',0,'订单支付时间结束，检查订单未支付成功，处理为支付超时'),('12a5b68222fc4869b917b41efffc7fa5','2018-08-28 20:29:16','cbba54ca3a764816917f9414b46df5c2',0,'创建订单,等待支付'),('4ab9b0ac71a2423097d218104e59d20f','2018-08-28 20:34:16','cbba54ca3a764816917f9414b46df5c2',0,'订单支付时间结束，检查订单未支付成功，处理为支付超时'),('01bfeb79ecd1448ab32bcce43d21b7b1','2018-08-28 21:08:03','b90969de9ad84087865f9c1bc2efe9e0',0,'创建订单,等待支付'),('75730106455c428aa0be0b038446353c','2018-08-28 21:13:03','b90969de9ad84087865f9c1bc2efe9e0',0,'订单支付时间结束，检查订单未支付成功，处理为支付超时'),('d7908ba467f2403e9757440b2e3ce0c8','2018-08-29 09:54:42','2e8d7e2144f84ea0b9771822b7cc44a2',0,'创建订单,等待支付'),('aa84b880f8c747a5a0155434f974f748','2018-08-29 09:59:42','2e8d7e2144f84ea0b9771822b7cc44a2',0,'订单支付时间结束，检查订单未支付成功，处理为支付超时'),('58945e67c364439989fe0e059cc599f8','2018-08-29 10:54:57','d524273471ef4e8c9bc302b208afd8de',0,'创建订单,等待支付'),('2c11a839de5e4759a9a581a49a1e5642','2018-08-29 10:59:57','d524273471ef4e8c9bc302b208afd8de',0,'订单支付时间结束，检查订单未支付成功，处理为支付超时'),('18752a9ff49d4831bf442fa3f1ea884f','2018-08-29 11:01:36','dd6d48bbb8e84277aa14586bd3adf7a5',0,'创建订单,等待支付'),('2623f51570be4b02ae026e07d949c8c0','2018-08-29 11:06:36','dd6d48bbb8e84277aa14586bd3adf7a5',0,'订单支付时间结束，检查订单未支付成功，处理为支付超时'),('78c55e32ae4e424291b9ff58a3bc9b03','2018-08-29 13:58:03','cc5b1e5920474128b5ad2fcabda3b9fd',0,'创建订单,等待支付'),('dcbd55e7db0245709571817373da73fb','2018-08-29 14:03:03','cc5b1e5920474128b5ad2fcabda3b9fd',0,'订单支付时间结束，检查订单未支付成功，处理为支付超时'),('9c412be87616444e85dce6afcbe5cc15','2018-08-29 14:35:04','d5face227b42483fa3d358c509eb1ed7',0,'创建订单,等待支付'),('6eedcda623fb44fbb87bd576b10871a7','2018-08-29 14:38:33','e77a5ac0c6d04535bc49a8d385e8dd9b',0,'创建订单,等待支付'),('4214cfe7837a4c94ad371af24a7e44fb','2018-08-29 14:40:04','d5face227b42483fa3d358c509eb1ed7',0,'订单支付时间结束，检查订单未支付成功，处理为支付超时'),('6df36a1a3f7e4179a7d68ff1a45a0f32','2018-08-29 14:40:13','96d54b887919407689af39deeb07ce77',0,'创建订单,等待支付'),('8f7da83c278342c08d9b3cb025e3e385','2018-08-29 14:43:33','e77a5ac0c6d04535bc49a8d385e8dd9b',0,'订单支付时间结束，检查订单未支付成功，处理为支付超时'),('ad1dd1363b6b4b43b95667a4b0862fed','2018-08-29 14:45:13','96d54b887919407689af39deeb07ce77',0,'订单支付时间结束，检查订单未支付成功，处理为支付超时'),('2d8aab7df0b4480e9c70c2b1e7b8515a','2018-08-29 15:06:02','92207311cb3e4e06bf1c25f87439bfdf',0,'创建订单,等待支付'),('c1de13c78629487080de3d7945ec80e9','2018-08-29 15:11:02','92207311cb3e4e06bf1c25f87439bfdf',0,'订单支付时间结束，检查订单未支付成功，处理为支付超时'),('de683e1fdaa84b09ace98e8643a63fb0','2018-08-29 15:15:55','b01493d14d3544ea94ce8813c44a6dcb',0,'创建订单,等待支付'),('94982b5c4dd44c4b82f4f49811c40921','2018-08-29 15:20:55','b01493d14d3544ea94ce8813c44a6dcb',0,'订单支付时间结束，检查订单未支付成功，处理为支付超时'),('816a85dc580e4d358c08274873557bf5','2018-08-29 15:22:38','5c5e12ae4b4b4febbe747587853382a4',0,'创建订单,等待支付'),('e2d3f33c9a784eb695813088615fb363','2018-08-29 15:27:38','5c5e12ae4b4b4febbe747587853382a4',0,'订单支付时间结束，检查订单未支付成功，处理为支付超时'),('f62fb0d7d1e24878bd223428645c173a','2018-08-29 15:39:14','283793149c7f4f05909924dcfc2fb13a',0,'创建订单,等待支付'),('d369573cde1544b392bf50509eeafd87','2018-08-29 15:44:14','283793149c7f4f05909924dcfc2fb13a',0,'订单支付时间结束，检查订单未支付成功，处理为支付超时'),('dcd1317d11cf4325aebc665b50c8e6ff','2018-08-29 16:06:48','22d8690530404f5f8c2ba5fed5ff70ea',0,'创建订单,等待支付'),('450f6dcca94640cd9451bb4a659ea52f','2018-08-29 16:07:37','084fe227bf5a43f896580404da1fc1a2',0,'创建订单,等待支付'),('85ac5f59719c48709c489531b57fd4b7','2018-08-29 16:11:48','22d8690530404f5f8c2ba5fed5ff70ea',0,'订单支付时间结束，检查订单未支付成功，处理为支付超时'),('8ea105ecf9704a64830c4831959fdf66','2018-08-29 16:12:37','084fe227bf5a43f896580404da1fc1a2',0,'订单支付时间结束，检查订单未支付成功，处理为支付超时'),('e18a3ccca62247c3b31c56f449ec7889','2018-08-29 16:18:53','9ff0d4d314c64b09835fd684900a1fb7',0,'创建订单,等待支付'),('1161d67f15db4b4686f89c910af988be','2018-08-29 16:20:31','e7714d48145d4f4ab2a8169b7f568ada',0,'创建订单,等待支付'),('6bfe61acb066460b8dcf564512dd5e12','2018-08-29 16:25:08','28718db53b0d4360bc30b52d6aed7780',0,'创建订单,等待支付'),('38f17902645e40b5b498c2e9ccc434ae','2018-08-29 16:30:10','28718db53b0d4360bc30b52d6aed7780',0,'订单支付时间结束，检查订单未支付成功，处理为支付超时'),('703cc8b1a73046f6bff9bf4fd17ee698','2018-08-29 16:44:27','5eba918187884a54835b2824c8672130',0,'接收到支付宝通知，订单已支付成功'),('fb23130722834da18a307725a7cbbef1','2018-08-29 16:51:07','ed8bf045c0554b588907116b8273a306',0,'创建订单,等待支付'),('0311e07a91bf494d9d5db602560fc7d2','2018-08-29 16:53:47','d524273471ef4e8c9bc302b208afd8de',0,'接收到支付宝通知，订单已支付成功'),('4856eaf3447e49baa26c06e9666be766','2018-08-29 16:55:14','859a03292df240cb9f50714c4362c18d',0,'创建订单,等待支付'),('a86dd5edb4594b71b9bc9a1598ed1104','2018-08-29 16:56:07','ed8bf045c0554b588907116b8273a306',0,'订单支付时间结束，检查订单未支付成功，处理为支付超时'),('f71ea0be60e54ac1b8eca26340bad559','2018-08-29 16:56:20','6d6f5136e3da42639656fdbcafe39a04',0,'创建订单,等待支付'),('c6184a4a0c894bb3b2ecccd473ecd42a','2018-08-29 16:59:38','dbe4e35b8e3d4866b6e95b2bcdddb8e6',0,'创建订单,等待支付'),('558243931753468696137b91c33e2a8d','2018-08-29 17:00:14','859a03292df240cb9f50714c4362c18d',0,'订单支付时间结束，检查订单未支付成功，处理为支付超时'),('5d018bade2a24009a22e415b1d9a7b3e','2018-08-29 17:01:20','6d6f5136e3da42639656fdbcafe39a04',0,'订单支付时间结束，检查订单未支付成功，处理为支付超时'),('0faa0e5dd5d2406885435fc8a54acd3b','2018-08-29 17:01:31','d524273471ef4e8c9bc302b208afd8de',0,'接收到支付宝通知，订单已支付成功'),('ec2aa9d34c5a4fc680b1db265b529d0d','2018-08-29 17:04:38','dbe4e35b8e3d4866b6e95b2bcdddb8e6',0,'订单支付时间结束，检查订单未支付成功，处理为支付超时'),('4dfafaf853274580a287b17ae3114902','2018-08-29 17:11:15','d524273471ef4e8c9bc302b208afd8de',0,'接收到支付宝通知，订单已支付成功'),('bc847fc979344e9c9bad5dca1bcba90c','2018-08-29 17:12:07','dbe4e35b8e3d4866b6e95b2bcdddb8e6',0,'接收到支付宝通知，订单已支付成功'),('6dc0a2063963496783f2ed742310d78c','2018-08-29 17:14:35','c026c74c6acd4cb6ab1783e3a5fcdcd7',0,'创建订单,等待支付'),('eaf49495c4104388b3ed1a363527bddb','2018-08-29 17:15:07','734aab1d5431496daeea4ba86e87bc24',0,'创建订单,等待支付'),('6b1ae2aca35d49eaa17f8543b6e8203e','2018-08-29 17:16:25','dbe4e35b8e3d4866b6e95b2bcdddb8e6',0,'接收到支付宝通知，订单已支付成功'),('152b12e3f52f4179881dddeefe85fa27','2018-08-29 17:19:21','75ee26251977419b93af9ed49d96a2c5',0,'创建订单,等待支付'),('8a7a80ce1178445490bc4336cb447f23','2018-08-29 17:19:35','c026c74c6acd4cb6ab1783e3a5fcdcd7',0,'订单支付时间结束，检查订单未支付成功，处理为支付超时'),('467a258caf0c47fab84aed49fd5e05d9','2018-08-29 17:20:07','734aab1d5431496daeea4ba86e87bc24',0,'订单支付时间结束，检查订单未支付成功，处理为支付超时'),('5c094b0fad1243feb3dcc2c5a5cf6126','2018-08-29 17:21:01','f33b461f949d4010bc86d488efb563d0',0,'创建订单,等待支付'),('1a7d5adc77ba4e0d9d9b58ab41e9077a','2018-08-29 17:22:52','2b279c76eeb5410bbd378466305fe4f6',0,'创建订单,等待支付'),('7f5a016289ab4aa485734a0e56831cb2','2018-08-29 17:24:10','d9d9c29120c44f6190c7be3ce0dadcde',0,'创建订单,等待支付'),('049b69daa20745538ebec56760a357c6','2018-08-29 17:24:21','75ee26251977419b93af9ed49d96a2c5',0,'订单支付时间结束，检查订单未支付成功，处理为支付超时'),('21c7c97dc2764d77abeeeb842f894c4c','2018-08-29 17:26:01','f33b461f949d4010bc86d488efb563d0',0,'订单支付时间结束，检查订单未支付成功，处理为支付超时'),('4d01917f83474dddb8b17bdc92bf8289','2018-08-29 17:26:44','dbe4e35b8e3d4866b6e95b2bcdddb8e6',0,'接收到支付宝通知，订单已支付成功'),('5fe2c9cec4b1476a933a7a85f76c45d0','2018-08-29 17:27:52','2b279c76eeb5410bbd378466305fe4f6',0,'订单支付时间结束，检查订单未支付成功，处理为支付超时'),('f833f3b1e77f403985482025b1f4a3d5','2018-08-29 17:29:10','d9d9c29120c44f6190c7be3ce0dadcde',0,'订单支付时间结束，检查订单未支付成功，处理为支付超时'),('e4baec59c6ea4a4991536d87f9916198','2018-08-29 17:36:22','dbe4e35b8e3d4866b6e95b2bcdddb8e6',0,'接收到支付宝通知，订单已支付成功'),('aa261583729d458b8d1bfe42c1bef6b7','2018-08-29 17:40:20','d524273471ef4e8c9bc302b208afd8de',0,'接收到支付宝通知，订单已支付成功'),('d2d1dbc71d8a4eb2bfcc5dd4eaf722c3','2018-08-29 18:36:15','d524273471ef4e8c9bc302b208afd8de',0,'接收到支付宝通知，订单已支付成功'),('0738d89cb88e48209bf4bebcff83f213','2018-08-29 18:36:35','dbe4e35b8e3d4866b6e95b2bcdddb8e6',0,'接收到支付宝通知，订单已支付成功'),('6a7ef8951055489aacc9915f158f8f51','2018-08-29 19:02:59','f7528b5639e24abdabf3ce44110885d4',0,'创建订单,等待支付'),('8b833fcbfa9d4a9498f1240f8b717659','2018-08-29 19:07:59','f7528b5639e24abdabf3ce44110885d4',0,'订单支付时间结束，检查订单未支付成功，处理为支付超时'),('d979ad0b8cb44e2282c1bcd2c40f9a52','2018-08-29 20:04:04','e94d970cdedf48f3b83da450df1a611a',0,'创建订单,等待支付'),('5cb684e3ebff40559d592efc09a532f9','2018-08-29 20:09:04','e94d970cdedf48f3b83da450df1a611a',0,'订单支付时间结束，检查订单未支付成功，处理为支付超时'),('d8aaf7c1c178498f8ab4d84e939d9211','2018-08-29 20:19:21','d524273471ef4e8c9bc302b208afd8de',0,'接收到支付宝通知，订单已支付成功'),('7d57cdce3ded4bf1b04ec6b56283bc3c','2018-08-29 20:36:34','dbe4e35b8e3d4866b6e95b2bcdddb8e6',0,'接收到支付宝通知，订单已支付成功'),('2b040b08c1234b94ade8850004f976b0','2018-08-30 02:22:10','d524273471ef4e8c9bc302b208afd8de',0,'接收到支付宝通知，订单已支付成功'),('7d82e823e1fe4c5a9028d0dc9a89d5fa','2018-08-30 02:36:25','dbe4e35b8e3d4866b6e95b2bcdddb8e6',0,'接收到支付宝通知，订单已支付成功'),('9ade4484b41a4548a10b4ad9746202f6','2018-08-30 16:43:33','f7a8a9cab7914336836be2150f48941f',0,'创建订单,等待支付'),('699b1cde843d4433997e58f0ca4796f5','2018-08-30 16:46:38','f7a8a9cab7914336836be2150f48941f',0,'接收到支付宝通知，订单已支付成功'),('9b5c35fd029a4e4db5546e9dd919fef8','2018-08-30 16:48:34','f7a8a9cab7914336836be2150f48941f',0,'订单支付时间结束，检查订单未支付成功，处理为支付超时'),('0bdebe3172fb49119ac05d65b53f6bd3','2018-08-30 17:00:12','2b6a71d1397b4176afd37e6cf9fa9b38',0,'创建订单,等待支付'),('c2b0a784e16b4d1aa34fa79098c01cb5','2018-08-30 17:05:12','2b6a71d1397b4176afd37e6cf9fa9b38',0,'订单支付时间结束，检查订单未支付成功，处理为支付超时'),('10288c31cb7048b8a7c0aa6bdcd10f55','2018-08-30 17:36:16','d524273471ef4e8c9bc302b208afd8de',0,'接收到支付宝通知，订单已支付成功'),('20899ebb78ce40ddbcfaf877bfa59832','2018-08-30 17:36:41','dbe4e35b8e3d4866b6e95b2bcdddb8e6',0,'接收到支付宝通知，订单已支付成功');

/*Table structure for table `Period` */

DROP TABLE IF EXISTS `Period`;

CREATE TABLE `Period` (
  `ID` char(32) NOT NULL COMMENT '时段',
  `VenueID` varchar(32) NOT NULL COMMENT '场馆ID',
  `FieldID` varchar(32) NOT NULL COMMENT '场地ID',
  PRIMARY KEY (`ID`)
) ENGINE=MyISAM DEFAULT CHARSET=utf8;

/*Data for the table `Period` */

/*Table structure for table `Reserve` */

DROP TABLE IF EXISTS `Reserve`;

CREATE TABLE `Reserve` (
  `ID` char(32) NOT NULL COMMENT '预定(订场)',
  `CreateTime` datetime NOT NULL COMMENT '创建时间',
  `FieldID` varchar(32) NOT NULL COMMENT '场地ID',
  `ReserveTimeFrame` varchar(20) NOT NULL COMMENT '预约时段',
  `ReserveAmount` double(10,2) NOT NULL COMMENT '预约金额',
  `OrderID` varchar(32) NOT NULL COMMENT '所属订单ID',
  PRIMARY KEY (`ID`)
) ENGINE=MyISAM DEFAULT CHARSET=utf8;

/*Data for the table `Reserve` */

insert  into `Reserve`(`ID`,`CreateTime`,`FieldID`,`ReserveTimeFrame`,`ReserveAmount`,`OrderID`) values ('1','2018-08-16 15:08:42','1','19,20',100.00,'1'),('2','2018-08-17 19:07:37','2','20,21',100.00,'1'),('248488b2a06048f695b40a46f61a7975','2018-08-21 20:01:59','1','18,19',100.00,'5eba918187884a54835b2824c8672130'),('3698278e92fb43eb87b5b287966db245','2018-08-29 16:55:14','2','43,44,',100.00,'859a03292df240cb9f50714c4362c18d'),('8f43c852a43d4760b7cb23b07109d37a','2018-08-29 16:51:07','1','38,39,',100.00,'ed8bf045c0554b588907116b8273a306'),('95065fe78e2e4a0d978cc84b3c2af236','2018-08-29 16:25:08','1','32,33,',100.00,'28718db53b0d4360bc30b52d6aed7780'),('5cf0cb7f0439473990f6ac40b3f6065a','2018-08-29 16:20:31','1','43,44,',100.00,'e7714d48145d4f4ab2a8169b7f568ada'),('420dcbac8cb74ad999e20aefb310d615','2018-08-22 09:36:15','1','21,22,',100.00,'cbf86ceec58346e79e6c851a48736989'),('cf3298b4c8404ccfad15f9b216fdc879','2018-08-22 09:36:15','1','33,',50.00,'cbf86ceec58346e79e6c851a48736989'),('b48550f4fc9b4f94bbed762cb8255ea4','2018-08-22 09:36:15','1','35,36,',100.00,'cbf86ceec58346e79e6c851a48736989'),('7b49d4d43ded4a18ac95a8d5a1f539ff','2018-08-22 09:36:15','2','23,24,',100.00,'cbf86ceec58346e79e6c851a48736989'),('949abebf4ee5471db3c2f47943d462f5','2018-08-22 09:36:15','2','35,',50.00,'cbf86ceec58346e79e6c851a48736989'),('aee40e0640ba438ba0b5587ba571ff3c','2018-08-22 09:36:15','2','39,',50.00,'cbf86ceec58346e79e6c851a48736989'),('8561f1fe2b954f98a0d3ee24e98a6d48','2018-08-22 09:37:20','1','21,22,',100.00,'b1f094a911fb44a9af9ed5ec576ab1c2'),('1c8be8f4933d494083a629fe768784b5','2018-08-22 09:37:20','1','33,',50.00,'b1f094a911fb44a9af9ed5ec576ab1c2'),('065834a043f44178934fe25811b3b576','2018-08-22 09:37:20','1','35,36,',100.00,'b1f094a911fb44a9af9ed5ec576ab1c2'),('ac6fddbc9dfd4150b98620ab39341fda','2018-08-22 09:37:20','2','23,24,',100.00,'b1f094a911fb44a9af9ed5ec576ab1c2'),('a3ec517387e6460ca04c5136c913671e','2018-08-22 09:37:20','2','35,',50.00,'b1f094a911fb44a9af9ed5ec576ab1c2'),('32e194474674438f9ff54480ca424e96','2018-08-22 09:37:20','2','39,',50.00,'b1f094a911fb44a9af9ed5ec576ab1c2'),('89ace6a6bb98406b8a236736fe31e0dd','2018-08-22 09:38:18','1','21,22,',100.00,'aca4119a0aea47dfa874cb509b47b0cf'),('b0f8b624ea5841498c66c26ba81a8646','2018-08-22 09:38:18','1','33,',50.00,'aca4119a0aea47dfa874cb509b47b0cf'),('12d1c046b6214427b74de4921a0c42fc','2018-08-22 09:38:18','1','35,36,',100.00,'aca4119a0aea47dfa874cb509b47b0cf'),('0e135f3426d949e197c3dc8abf4fb017','2018-08-22 09:38:18','2','23,24,',100.00,'aca4119a0aea47dfa874cb509b47b0cf'),('b69580933f084dfca325b09e49163475','2018-08-22 09:38:18','2','35,',50.00,'aca4119a0aea47dfa874cb509b47b0cf'),('777e593acc2d4c2f82e59a1f135eb207','2018-08-22 09:38:18','2','39,',50.00,'aca4119a0aea47dfa874cb509b47b0cf'),('8af8f05481f742358732be600d2dd73b','2018-08-22 09:41:05','1','21,22,',100.00,'b951757eb1a84c5e8057a924e8eb6181'),('54f450e0e8f04666bb023ffbd63cd46d','2018-08-22 09:41:05','1','33,',50.00,'b951757eb1a84c5e8057a924e8eb6181'),('1d49c13361044683bf2fb3ba92ef4ef9','2018-08-22 09:41:05','1','35,36,',100.00,'b951757eb1a84c5e8057a924e8eb6181'),('76e8a60163d54ccfae72c22cf052e667','2018-08-22 09:41:05','2','23,24,',100.00,'b951757eb1a84c5e8057a924e8eb6181'),('cc382b751d4e426ca2821a9c176710d5','2018-08-22 09:41:05','2','35,',50.00,'b951757eb1a84c5e8057a924e8eb6181'),('dd908aa22d7f4305af70b8f55d8c5276','2018-08-22 09:41:05','2','39,',50.00,'b951757eb1a84c5e8057a924e8eb6181'),('2a092f10697548c6be8f5cac60aca57c','2018-08-22 09:41:36','1','21,22,',100.00,'45f4be8a027e4e6093c5f3958f393f11'),('a90d1d25cd064e68b317f3318e47abba','2018-08-22 09:41:36','1','33,',50.00,'45f4be8a027e4e6093c5f3958f393f11'),('aff6beb9e13e4b5b966d529e3f12e2df','2018-08-22 09:41:36','1','35,36,',100.00,'45f4be8a027e4e6093c5f3958f393f11'),('56ef1985a6bf400280bfcd734ade387c','2018-08-22 09:41:37','2','23,24,',100.00,'45f4be8a027e4e6093c5f3958f393f11'),('f43ed0ed1de34ebc918d4b35fced32a4','2018-08-22 09:41:37','2','35,',50.00,'45f4be8a027e4e6093c5f3958f393f11'),('e346a8a6f2a9412d9ef115d7bb19ab50','2018-08-22 09:41:37','2','39,',50.00,'45f4be8a027e4e6093c5f3958f393f11'),('f2aa84337a014f71bd1baa7a4dfc2f81','2018-08-22 09:45:33','1','21,22,',100.00,'59d4f2cfab134606945e39b0b15b578a'),('c84b376cd28c4d788b71c912e388acb7','2018-08-22 09:45:33','1','33,',50.00,'59d4f2cfab134606945e39b0b15b578a'),('ae165a7e1a16471ba7ae9fefe7119997','2018-08-22 09:45:33','1','35,36,',100.00,'59d4f2cfab134606945e39b0b15b578a'),('c4c8db7737a34bdd9bfbc45a85a58553','2018-08-22 09:45:33','2','23,24,',100.00,'59d4f2cfab134606945e39b0b15b578a'),('6af250a20ecd4487b94590a5ad375ee3','2018-08-22 09:45:33','2','35,',50.00,'59d4f2cfab134606945e39b0b15b578a'),('821a421d1ad64a4e928944879e935fe7','2018-08-22 09:45:33','2','39,',50.00,'59d4f2cfab134606945e39b0b15b578a'),('d6b11b4df14f4777b990e8d1a1acc64f','2018-08-22 09:47:24','1','21,22,',100.00,'d972f1a3557043b2bf87a6a120fdf743'),('cf01300e0f78412a8b2b69da44cf8307','2018-08-22 09:47:24','1','33,',50.00,'d972f1a3557043b2bf87a6a120fdf743'),('8091f4046e27400ea9da51ead81f69fb','2018-08-22 09:47:25','1','35,',50.00,'d972f1a3557043b2bf87a6a120fdf743'),('73d5f0e21803436d921b64837f788a11','2018-08-22 09:47:25','2','23,24,',100.00,'d972f1a3557043b2bf87a6a120fdf743'),('c6005582ddcc4bf6a3b8d1339b34b9d6','2018-08-22 09:47:25','2','35,',50.00,'d972f1a3557043b2bf87a6a120fdf743'),('1bbcf1c872e44dfe8fc95739eb5fafec','2018-08-22 09:49:37','1','21,22,',100.00,'a07012c3a04a408d85de2c7e89c9e4b8'),('b572ebe7af9b4ab8ae13737c3b4ad290','2018-08-22 09:49:37','1','33,',50.00,'a07012c3a04a408d85de2c7e89c9e4b8'),('ace281b4437945659cba8634223e70ba','2018-08-22 09:49:37','1','35,',50.00,'a07012c3a04a408d85de2c7e89c9e4b8'),('ca728194d47b4a7fa8d0ce747c7e398d','2018-08-22 09:49:37','2','23,24,',100.00,'a07012c3a04a408d85de2c7e89c9e4b8'),('85ddc1c998774152a686ae04002645bc','2018-08-22 09:49:37','2','35,',50.00,'a07012c3a04a408d85de2c7e89c9e4b8'),('a8f6a4d6834b4d469b98dcdf2cf1fa7a','2018-08-22 09:50:49','1','21,22,',100.00,'efb57e33403f45f38fdfa7397e0ab67e'),('1f8263c5c1934381a8523e216645be86','2018-08-22 09:50:49','1','33,',50.00,'efb57e33403f45f38fdfa7397e0ab67e'),('042582ab72e942f5add73262364c016f','2018-08-22 09:50:49','1','35,',50.00,'efb57e33403f45f38fdfa7397e0ab67e'),('88972c200e8941b480b9b2edbbe617b5','2018-08-22 09:50:49','2','23,24,',100.00,'efb57e33403f45f38fdfa7397e0ab67e'),('ff441bc20fc24a43a8eaa9dbad2a0f5b','2018-08-22 09:50:49','2','35,',50.00,'efb57e33403f45f38fdfa7397e0ab67e'),('7625f0c5344944ba9578a230d1f61a2c','2018-08-22 10:03:00','1','21,22,',100.00,'25f1b7bb200c45f5858ffa404be8920d'),('8e49c7cec5ab4717bbb995c5ffac7e3f','2018-08-22 10:03:00','1','33,',50.00,'25f1b7bb200c45f5858ffa404be8920d'),('78a11a2be9e94671b59a6d5bc0c92c86','2018-08-22 10:03:00','1','35,',50.00,'25f1b7bb200c45f5858ffa404be8920d'),('31ae5b6279964d6c9720315d4936cf20','2018-08-22 10:03:00','2','23,24,',100.00,'25f1b7bb200c45f5858ffa404be8920d'),('08dc9ea491b846fa81f74577b0a7d9d8','2018-08-22 10:03:00','2','35,',50.00,'25f1b7bb200c45f5858ffa404be8920d'),('97ebeaf3ed4946bbb11b35e2bbbb5122','2018-08-22 10:05:05','1','21,22,',100.00,'a78048e9c1f447cb9018dd075ff15f77'),('3964b5461747412aae71157578561517','2018-08-22 10:05:05','1','33,',50.00,'a78048e9c1f447cb9018dd075ff15f77'),('2f5ef3aa2b844188956d26e821c02237','2018-08-22 10:05:05','1','35,',50.00,'a78048e9c1f447cb9018dd075ff15f77'),('0147f4a9229c45b28cf3df1cd3fa8389','2018-08-22 10:05:05','2','23,24,',100.00,'a78048e9c1f447cb9018dd075ff15f77'),('cc9e70e037b540bda4a787834957fb3e','2018-08-22 10:05:05','2','35,',50.00,'a78048e9c1f447cb9018dd075ff15f77'),('e0abb862edb44c6498d645f4f8bd4985','2018-08-22 10:21:04','1','21,22,',100.00,'af4cdd9b49b44fa58dc1e4cfbf83b40b'),('080776e04d3f46e29e710de0bcff2603','2018-08-22 10:21:04','1','33,',50.00,'af4cdd9b49b44fa58dc1e4cfbf83b40b'),('413b22f50a8246899e714b3ab2d406a1','2018-08-22 10:21:04','1','35,',50.00,'af4cdd9b49b44fa58dc1e4cfbf83b40b'),('9417c6d3a6fd4ca6a8219bcc833455cb','2018-08-22 10:21:04','2','23,24,',100.00,'af4cdd9b49b44fa58dc1e4cfbf83b40b'),('0ada673086f8404a9c35987fb71f5980','2018-08-22 10:21:04','2','35,',50.00,'af4cdd9b49b44fa58dc1e4cfbf83b40b'),('700165178f9f4292bbfabf4b244451e2','2018-08-22 10:21:16','1','21,22,',100.00,'cd1bf31a0aca4e50ba55c05b5c089d2c'),('2866528df9fe4cf19f1eae16adcf38fd','2018-08-22 10:21:16','1','33,',50.00,'cd1bf31a0aca4e50ba55c05b5c089d2c'),('2fcaa09733034d4087c02bc2435aea0a','2018-08-22 10:21:16','1','35,',50.00,'cd1bf31a0aca4e50ba55c05b5c089d2c'),('9161d030de1c4216b74268c210e19c2c','2018-08-22 10:21:16','2','23,24,',100.00,'cd1bf31a0aca4e50ba55c05b5c089d2c'),('8efe8825dd044e66b11a073bbcf680c3','2018-08-22 10:21:16','2','35,',50.00,'cd1bf31a0aca4e50ba55c05b5c089d2c'),('0b309cab9d5a442baee9746ce8bf173c','2018-08-24 15:32:26','1','21,22,',100.00,'8175d871324149ccb23e59d709de8ea1'),('648cbd349fc54fc2a2c541a150b29d9d','2018-08-24 15:32:26','1','33,',50.00,'8175d871324149ccb23e59d709de8ea1'),('8632fdb84016460fb5a256207745ed43','2018-08-24 15:32:26','1','35,',50.00,'8175d871324149ccb23e59d709de8ea1'),('74ab0476dd5d4fe099a6e817770e897e','2018-08-24 15:32:26','2','23,24,',100.00,'8175d871324149ccb23e59d709de8ea1'),('de93b34de8244acd9c5dde84dede19fa','2018-08-24 15:32:26','2','35,',50.00,'8175d871324149ccb23e59d709de8ea1'),('8a645331544747de99604011fbef675c','2018-08-24 15:32:31','1','21,22,',100.00,'8296c13c63e04e7785ee81fbfd49d53e'),('e196569a0a8f42b4ad122cb9c4fb651f','2018-08-24 15:32:31','1','33,',50.00,'8296c13c63e04e7785ee81fbfd49d53e'),('080a102d593e49f7981cb86540536a8d','2018-08-24 15:32:31','1','35,',50.00,'8296c13c63e04e7785ee81fbfd49d53e'),('5b2c610ab6424550852de6ef743059ab','2018-08-24 15:32:31','2','23,24,',100.00,'8296c13c63e04e7785ee81fbfd49d53e'),('d60684dcd98e4d0aacc9c1ac3b95f369','2018-08-24 15:32:31','2','35,',50.00,'8296c13c63e04e7785ee81fbfd49d53e'),('da3f27f0ff4a4ebeacd49634acb5c4d6','2018-08-24 15:57:54','1','20,',50.00,'575bd74d4d8147c5bb72b6006a5cd770'),('3348b9ce6c674c38a42498041c0ddc6a','2018-08-24 15:57:54','1','24,',50.00,'575bd74d4d8147c5bb72b6006a5cd770'),('b11df443886c49e085a7e7155264f94d','2018-08-24 15:57:54','2','19,',50.00,'575bd74d4d8147c5bb72b6006a5cd770'),('c8c65719df6e470b8141928051ea78e9','2018-08-24 15:57:54','2','22,',50.00,'575bd74d4d8147c5bb72b6006a5cd770'),('fe5747686d69467f985b4487c1f83714','2018-08-24 15:58:27','1','20,',50.00,'17b3bd43f1d04c85a1a085cc71bbb404'),('78ce9dc4c66d46e3bd5a02ee04fc88e4','2018-08-24 15:58:27','1','24,',50.00,'17b3bd43f1d04c85a1a085cc71bbb404'),('0d691963e99d4ca2a0b83a8c20c1c27f','2018-08-24 15:58:27','2','19,',50.00,'17b3bd43f1d04c85a1a085cc71bbb404'),('eb1a0ced4e664c3b8b9845dae3c60474','2018-08-24 15:58:27','2','22,',50.00,'17b3bd43f1d04c85a1a085cc71bbb404'),('7e4c476c09fc428f9babe984efa1369e','2018-08-24 16:19:15','1','20,',50.00,'31f44137869948ecb7e3367d4ece7ae2'),('2e96aae3ba204a49b512a1ab87d8df72','2018-08-24 16:19:15','1','24,',50.00,'31f44137869948ecb7e3367d4ece7ae2'),('5fb43143be754645aeedbd862396c8ab','2018-08-24 16:19:15','2','19,',50.00,'31f44137869948ecb7e3367d4ece7ae2'),('4c84cb2844104b549d1507a402469979','2018-08-24 16:19:15','2','22,',50.00,'31f44137869948ecb7e3367d4ece7ae2'),('16622cc86f0d41cf97a4759706484c18','2018-08-24 16:19:47','1','20,',50.00,'ea9bd722d5cf49c99e0524703563d738'),('24b243138bd04ee39a581d6fe3eef2b5','2018-08-24 16:19:47','1','24,',50.00,'ea9bd722d5cf49c99e0524703563d738'),('65f4e69281324a02b5a142e3f17d1c24','2018-08-24 16:19:47','2','19,',50.00,'ea9bd722d5cf49c99e0524703563d738'),('c605b4dbef6141efb756b114cc33c143','2018-08-24 16:19:47','2','22,',50.00,'ea9bd722d5cf49c99e0524703563d738'),('a04db87399e345b2a29d255181344a1b','2018-08-24 16:19:56','1','20,',50.00,'087aafe15c744e7eb4cb74a542f34a1e'),('a7d82177881f443ca6ab6050a1fe0930','2018-08-24 16:19:56','1','24,',50.00,'087aafe15c744e7eb4cb74a542f34a1e'),('7a39b098c07d41718b8590b5df24118f','2018-08-24 16:19:56','2','19,',50.00,'087aafe15c744e7eb4cb74a542f34a1e'),('7500f5603fb9412690af6480fd9c6f51','2018-08-24 16:19:56','2','22,',50.00,'087aafe15c744e7eb4cb74a542f34a1e'),('b0b381a0837944789d24601e387b02bb','2018-08-24 16:51:00','1','23,24,',100.00,'411a094d19da49709e62aff43fdaa8d3'),('7044225f0d8141b48b27dcd406402f0c','2018-08-24 16:51:00','2','19,20,',100.00,'411a094d19da49709e62aff43fdaa8d3'),('9a51480d325141bea0cab63f21dfba15','2018-08-24 16:51:23','1','21,22,',100.00,'4d36560c0b174c4fb7024fefc8bf8540'),('028ff3da3b164e9780a383b9d5e91abb','2018-08-24 16:51:23','1','33,',50.00,'4d36560c0b174c4fb7024fefc8bf8540'),('a9101b732c7c43158b6da759535afcf0','2018-08-24 16:51:23','1','35,',50.00,'4d36560c0b174c4fb7024fefc8bf8540'),('99561354c71e41c088dc04304a5bafe9','2018-08-24 16:51:23','2','23,24,',100.00,'4d36560c0b174c4fb7024fefc8bf8540'),('2426501b6c484043922e13cb47ab3dd1','2018-08-24 16:51:23','2','35,',50.00,'4d36560c0b174c4fb7024fefc8bf8540'),('cb741418498c4870ac26e19614ebbf60','2018-08-24 16:52:56','1','23,24,',100.00,'248944c36675491a8a4c7749a90ea5b2'),('0b2fa1ade77242728982670e6c8ac0a0','2018-08-24 16:52:56','2','19,20,',100.00,'248944c36675491a8a4c7749a90ea5b2'),('55c08bf0caa4438583391ac61425aa4c','2018-08-24 17:18:43','1','23,24,',100.00,'99d3ebb282c24760b4042f4726af4734'),('f1df67eb394e46488211758f39b9b54d','2018-08-24 17:18:43','2','19,20,',100.00,'99d3ebb282c24760b4042f4726af4734'),('948b7afbd0974111b6f2feeb7cacd6c0','2018-08-24 17:19:56','1','23,24,',100.00,'58a55ed7b3f843859f9c36f7683b5f57'),('499c345e3d604e85b8cf90c524fb15e1','2018-08-24 17:19:56','2','19,20,',100.00,'58a55ed7b3f843859f9c36f7683b5f57'),('54609be5d22745b9b8581026d31e3940','2018-08-24 17:20:55','1','23,24,',100.00,'47fb6d7d09214cc394a00d3d11a045f8'),('6d1c028a1ffe4ed0b759d8a0c7f30c26','2018-08-24 17:20:55','2','19,20,',100.00,'47fb6d7d09214cc394a00d3d11a045f8'),('8ef8519b36374d969c137ec1311e8edf','2018-08-24 17:21:54','1','23,24,',100.00,'73bc2cc266904c86a8923f1e376ce82e'),('540323bc39ff4795bbe259ef17bf94dc','2018-08-24 17:21:54','2','19,20,',100.00,'73bc2cc266904c86a8923f1e376ce82e'),('b5e0ce0f04ea457289ee9feb816f00c6','2018-08-24 17:22:12','1','23,24,',100.00,'7565e0ff4ba1400eadf51fe293eefcae'),('91b5334f26634c8f801fb86f26b75ab3','2018-08-24 17:22:12','2','19,20,',100.00,'7565e0ff4ba1400eadf51fe293eefcae'),('70739051a5f4499e98c10ba98d4cac5c','2018-08-24 17:23:42','1','23,24,',100.00,'c98b26c3c76f409a9356c0c70e75dc74'),('1a05d67af4f84f52889648985e4668a3','2018-08-24 17:23:42','2','19,20,',100.00,'c98b26c3c76f409a9356c0c70e75dc74'),('e2ae28f3d692438b8d7d7f3f0dcc2b2e','2018-08-24 17:24:18','1','23,24,',100.00,'a0041520f8aa4567af7d8be2034b45dd'),('f8635cce82294769ad94546337e6109a','2018-08-24 17:24:18','2','19,20,',100.00,'a0041520f8aa4567af7d8be2034b45dd'),('7c863382c3374a0183d8c4959f680271','2018-08-24 17:25:37','1','23,24,',100.00,'e37423c6ad2f4a0088110131942aa105'),('739137fdff0e46e4904ad9bac7e2a51a','2018-08-24 17:25:37','2','19,20,',100.00,'e37423c6ad2f4a0088110131942aa105'),('ba315d32d44048748c6f14522298a77c','2018-08-24 17:26:21','1','23,24,',100.00,'6cfe7458cdb84bfb9b0f50d60f09ae13'),('990bc65fc0c54470b9c0bf70ce0a7f42','2018-08-24 17:26:21','2','19,20,',100.00,'6cfe7458cdb84bfb9b0f50d60f09ae13'),('c7402bf1634d44d0b3d8a661ac27a1aa','2018-08-24 17:40:42','1','23,24,',100.00,'fabf26a14c3b494d9e4caaef5d900ac9'),('4120319a2aad4df3a865947ec9f286c9','2018-08-24 17:40:42','2','19,20,',100.00,'fabf26a14c3b494d9e4caaef5d900ac9'),('cccd82018bed46e78deb7e2ceb08562d','2018-08-24 17:41:38','1','21,22,',100.00,'8dab862b8aa44a71bfe8346ecaf3ebe2'),('1fe290c211df4b279d24ae59e8e518c9','2018-08-24 17:41:38','1','33,',50.00,'8dab862b8aa44a71bfe8346ecaf3ebe2'),('a9ae4fc8216c48f6990281614eb2d52d','2018-08-24 17:41:38','1','35,',50.00,'8dab862b8aa44a71bfe8346ecaf3ebe2'),('f6d9b629732642acaf6a46fe36b6a8ff','2018-08-24 17:41:38','2','23,24,',100.00,'8dab862b8aa44a71bfe8346ecaf3ebe2'),('35176319a5b74082922907efa30f0562','2018-08-24 17:41:38','2','35,',50.00,'8dab862b8aa44a71bfe8346ecaf3ebe2'),('3732082b09d046019a3aeedde48286d6','2018-08-27 17:02:15','1','21,22,',100.00,'80efae6e34794f9f8a4d7b52362d8a1c'),('8181aa65d0644d7c8afe84853dae96ce','2018-08-27 17:02:15','1','33,',50.00,'80efae6e34794f9f8a4d7b52362d8a1c'),('b3c491ed71374b8db818150865a83f55','2018-08-27 17:02:15','1','35,',50.00,'80efae6e34794f9f8a4d7b52362d8a1c'),('b17cf15ff7244483b6ac91241b111a3b','2018-08-27 17:02:15','2','23,24,',100.00,'80efae6e34794f9f8a4d7b52362d8a1c'),('aff0e629f91844dcb05e4cd93014ff6e','2018-08-27 17:02:15','2','35,',50.00,'80efae6e34794f9f8a4d7b52362d8a1c'),('d978008836d144208549aec2c841d410','2018-08-27 17:02:51','1','21,22,',100.00,'354a895198c5405dbaf2116fa4875abf'),('5a373a4f3fb74b7e98c25988701225d2','2018-08-27 17:02:51','1','33,',50.00,'354a895198c5405dbaf2116fa4875abf'),('839eac72fe0e4a229e0a8f86064c7b20','2018-08-27 17:02:51','1','35,',50.00,'354a895198c5405dbaf2116fa4875abf'),('7757b8d60be745ccb4e866bfae8f3f7e','2018-08-27 17:02:51','2','23,24,',100.00,'354a895198c5405dbaf2116fa4875abf'),('7de2c0796cdc49b4b2adfd1992e32f57','2018-08-27 17:02:51','2','35,',50.00,'354a895198c5405dbaf2116fa4875abf'),('86758c77538b4f01890a0409f231fc5e','2018-08-27 17:04:07','1','21,22,',100.00,'8c91b9639b0c4e0ead09315232654c33'),('517f2388eca8459bbc56fc950f81b55b','2018-08-27 17:04:07','1','33,',50.00,'8c91b9639b0c4e0ead09315232654c33'),('28b04bfd9d5649fd8b80fd0b1a59f393','2018-08-27 17:04:07','1','35,',50.00,'8c91b9639b0c4e0ead09315232654c33'),('9d2f90efe6a748c4a32c571c0efc42c3','2018-08-27 17:04:07','2','23,24,',100.00,'8c91b9639b0c4e0ead09315232654c33'),('7739b8f24a814740bb98bc029d8019f9','2018-08-27 17:04:07','2','35,',50.00,'8c91b9639b0c4e0ead09315232654c33'),('ac212e5978d9499a9d33d77edb2d85b8','2018-08-27 17:07:46','1','21,22,',100.00,'350f6a363ede4c21abe3a531e69bde8a'),('15b940cf34384d9a9794572a15ae97a7','2018-08-27 17:07:46','1','33,',50.00,'350f6a363ede4c21abe3a531e69bde8a'),('53c693aa79274631acc150e3ed54e52a','2018-08-27 17:07:46','1','35,',50.00,'350f6a363ede4c21abe3a531e69bde8a'),('3deaa870213646fd9013303d1bb6ddfc','2018-08-27 17:07:46','2','23,24,',100.00,'350f6a363ede4c21abe3a531e69bde8a'),('c57a2e4ac730487e94713c0e6836bc45','2018-08-27 17:07:46','2','35,',50.00,'350f6a363ede4c21abe3a531e69bde8a'),('2719b30de49548cf95a33163823fd192','2018-08-27 17:11:04','1','21,22,',100.00,'9e1e9fbcb3ba43558977e2b5f0858b85'),('e5023178327446cd8ba390dda9cb596f','2018-08-27 17:11:04','1','33,',50.00,'9e1e9fbcb3ba43558977e2b5f0858b85'),('2668560391094e7a9f792319af4e4cd3','2018-08-27 17:11:04','1','35,',50.00,'9e1e9fbcb3ba43558977e2b5f0858b85'),('c0133c7b7181429bb920f1e086bfa3d6','2018-08-27 17:11:04','2','23,24,',100.00,'9e1e9fbcb3ba43558977e2b5f0858b85'),('ed22679008eb4a5784e5e49d771bb261','2018-08-27 17:11:04','2','35,',50.00,'9e1e9fbcb3ba43558977e2b5f0858b85'),('388b018ae8d14261ad4540f6dd285eef','2018-08-27 17:11:44','1','21,22,',100.00,'317bb7cbcc584046af8869a1772969b3'),('5e3ee254555a49abb428662850635e70','2018-08-27 17:11:44','1','33,',50.00,'317bb7cbcc584046af8869a1772969b3'),('7f01f2dc6cdd4b1382a031a11c686e17','2018-08-27 17:11:44','1','35,',50.00,'317bb7cbcc584046af8869a1772969b3'),('e6de5ae66dd74b16ac7cda9c08afde08','2018-08-27 17:11:44','2','23,24,',100.00,'317bb7cbcc584046af8869a1772969b3'),('04dfe6b94d074a54b02f7d9d07d655b0','2018-08-27 17:11:44','2','35,',50.00,'317bb7cbcc584046af8869a1772969b3'),('269f67e2db4e4f6383054d3c3ce33d15','2018-08-27 17:15:42','1','21,22,',100.00,'866a8cf8703a41ef9d0cd72438efe83a'),('e17587a06f0c4222ae37916ddea28c8b','2018-08-27 17:15:42','1','33,',50.00,'866a8cf8703a41ef9d0cd72438efe83a'),('c521a37a7af24afeb3ee4c1e5446f628','2018-08-27 17:15:42','1','35,',50.00,'866a8cf8703a41ef9d0cd72438efe83a'),('c382f9b2a2524e50bd527e1d80e88341','2018-08-27 17:15:42','2','23,24,',100.00,'866a8cf8703a41ef9d0cd72438efe83a'),('e956bb2d72a44f6cbd15ac6e4f526ffc','2018-08-27 17:15:42','2','35,',50.00,'866a8cf8703a41ef9d0cd72438efe83a'),('b9bd80985e334bee851eee47b3ea4844','2018-08-27 17:55:05','1','21,22,',100.00,'b2138eb0315447a493d7391858670abc'),('cef98fee22ba49d1bd06c2a5d01ba1ff','2018-08-27 17:55:05','1','33,',50.00,'b2138eb0315447a493d7391858670abc'),('a3a7caf80b414d429a87b1fa60f600ab','2018-08-27 17:55:05','1','35,',50.00,'b2138eb0315447a493d7391858670abc'),('ac3212f0dcc24794bde354a0ab87a3c2','2018-08-27 17:55:05','2','23,24,',100.00,'b2138eb0315447a493d7391858670abc'),('88e8955f3bff49689225b38164a300fa','2018-08-27 17:55:05','2','35,',50.00,'b2138eb0315447a493d7391858670abc'),('972165e0038d47b5b565f424165230dd','2018-08-27 18:00:44','1','19,20,',100.00,'844d6fd3cb08438eb6b1b16cebfcf313'),('71fe204ab85c4fe0bbacb9b0e45feda4','2018-08-27 18:02:17','2','23,24,',100.00,'efbecb135076453a885d686a173eec8d'),('19bd975d1dc34439a8b91d3d4cb6051c','2018-08-27 18:03:58','1','34,35,',100.00,'915fc9ebe5504da8b1a306f5efca62ba'),('bf0fe8fb6b87462d9a56837e33f98b23','2018-08-27 18:05:05','1','21,22,',100.00,'1bcb5126734d4ff7a327cecc68569246'),('f29b0faa483f46a18e88f2422ee5544b','2018-08-27 18:37:35','2','19,20,',100.00,'d9e9a80d85f4441e98183bea1bf96349'),('cb727c901ce74a2e92f6772edcbc258e','2018-08-27 18:51:34','1','20,21,',100.00,'d515a47d2ddb4479b99d3dcb73416968'),('b1390e4fee36484ebfa2a7bbbc9feadf','2018-08-27 18:52:30','2','21,22,',100.00,'2363355ebe214382a6bb6a01aac88999'),('35d438bfae9e40e9ad233ace403d9107','2018-08-27 19:04:03','2','21,22,',100.00,'3745bffd780146099fc589fdc994229f'),('bd6317225ace40d9891cb8adb245bf1b','2018-08-27 19:11:44','1','17,18,',100.00,'6dc5c65bbc8248cea380c4a05abae535'),('ab2eb64b085349a7a70e4f8b1f38d2e1','2018-08-27 19:14:18','2','19,20,',100.00,'1bc8fd7266e346569f593a64c5cba472'),('1ea07e9a924b4ed2b16d40e2568b1f9c','2018-08-27 19:20:59','2','34,35,',100.00,'e5aadd0ec95b41b7b21e1827519df236'),('26ff3f83634f4d0f8bef3488cd7dd1df','2018-08-27 19:36:42','2','34,35,',100.00,'19d0fe8b5d4a4de781119ff685c1917b'),('188f44ad754946bab62c376326d1026b','2018-08-27 19:38:13','2','19,20,',100.00,'51a22cddf1804120bf85164339e70653'),('bc10413813134ea7add441d8eb000711','2018-08-27 19:49:19','2','43,44,',100.00,'b42e4febcb594acdbf5c0ed41e20800b'),('2bd54488dd824f55a0351f59f80368c9','2018-08-27 19:51:26','2','18,19,',100.00,'e306a7be5f7c4f01a012667ae0146f90'),('4cc9178f79b84e0e87b911d96d807a27','2018-08-28 14:51:26','2','20,21,',100.00,'22d8fe24a18542f3af37b7e086b6b793'),('bd01b3493bfb415c8a896c904cb6a4c3','2018-08-28 14:55:30','1','23,24,',100.00,'c89bca9be91149d7956be679565c1793'),('a1d5e701996f47119f149de63da61a69','2018-08-28 15:02:27','2','18,19,',100.00,'c1a2b281b0994af48205d0f13c7b900e'),('c49afc7c06e44b2d8cc0db808081a849','2018-08-28 15:07:06','1','19,20,',100.00,'de9ca52e51ef49cc8e9d91960aa1ad62'),('4a9bfe392b264f24aa87a75ee30735b8','2018-08-28 15:16:05','1','20,21,',100.00,'4a40c446e6d54e828690b3dbb3fa97c4'),('3332cc39254d4c59b046d3872d494f61','2018-08-28 15:18:24','1','18,19,',100.00,'164d95a0bebd4f1790c8f9a9dfcfa360'),('8c067690d5cc4731bbf2a730a3acebeb','2018-08-28 15:18:24','1','22,23,',100.00,'164d95a0bebd4f1790c8f9a9dfcfa360'),('1fb29de94e4d4cdbaa50767008011a50','2018-08-28 15:19:18','2','44,45,',100.00,'3eb09dfa43e14ed4b7f826dd907896d3'),('91751940841144a88bef73fa7b99764e','2018-08-28 15:22:50','2','44,45,',100.00,'2525f8bd40264bdd8b711bdf6c7ce796'),('de3111872f0a41d8a170cb1ab57cd9aa','2018-08-28 15:23:15','2','18,19,',100.00,'99824b8336fe4ecababfc74c3d7fbebb'),('5f6292a00ade4a6d96a1cf8c2806ecef','2018-08-28 15:27:48','1','20,21,',100.00,'12e7507c35a24977bd7f55e454bef601'),('1e4abbe64bf343429693c8e9e1616644','2018-08-28 16:43:25','1','17,18,',100.00,'4471eb5e5c174397bbfc1529e23384ae'),('81f6b3bbca2e429a9924cf327392b1e6','2018-08-28 16:43:25','2','20,21,',100.00,'4471eb5e5c174397bbfc1529e23384ae'),('b2ccf6afe32640478763e181bab0a4d9','2018-08-28 16:45:39','1','20,21,',100.00,'ff49888ff18746b8a7d9d8a53840c4c5'),('5aa70b1a4d0246729db3ef3b62aeaaf7','2018-08-28 16:45:59','1','20,21,',100.00,'43927997787a4736bb57fb1190e5864e'),('f961225679094137aad48ba1bda2d24f','2018-08-28 16:46:47','1','19,20,',100.00,'47c004a543674f14b4030fd8fe3bfa38'),('c9a3f8084bcc4b629126265670b18bb5','2018-08-28 16:58:12','1','18,19,',100.00,'3b230984ad9f450099fca204dce84447'),('2ee1f323d13e484da74e0595cdcd3577','2018-08-28 17:05:51','1','24,25,',100.00,'3efa689ab4dc418083d61b8070d14a05'),('3217653525ef4d0586830acca79575d8','2018-08-28 17:05:51','2','22,23,',100.00,'3efa689ab4dc418083d61b8070d14a05'),('a03a6345be5f4271b55b498a3aa9729e','2018-08-28 19:02:25','1','21,22,',100.00,'04fa53c37ef744579bfb6124edfe6266'),('ab21ae9386044d3f912c51b241ad543c','2018-08-28 19:02:25','1','21,22,',100.00,'04fa53c37ef744579bfb6124edfe6266'),('a1d2bdae678e4a4189c5c688e33f47c5','2018-08-28 19:11:15','1','18,19,',100.00,'2e66a515ce28400eaee4629bb56fe228'),('816397572bb74cf8b6f61feea4727e2c','2018-08-28 19:11:15','2','20,21,',100.00,'2e66a515ce28400eaee4629bb56fe228'),('3b37a8447a884295a126cbe1c9ac313d','2018-08-28 19:28:21','2','19,20,',100.00,'33b5a0578d3b4d46b4d1a18514492cf1'),('c5099a8a52504045be6e71fe491d6ad5','2018-08-28 19:28:21','2','19,20,',100.00,'33b5a0578d3b4d46b4d1a18514492cf1'),('064ef04d1a0b49c4871cb433fd796f98','2018-08-28 19:29:04','2','21,22,',100.00,'4475a57382304480a3f8d2716a644db4'),('25584b9a01a34e38b1467396fb2b50d8','2018-08-28 19:29:17','1','18,19,',100.00,'43c5c46697a24d43b66ecf382072c277'),('b26c07c278ca4f56a96ad865e4c2692b','2018-08-28 19:29:17','1','18,19,',100.00,'43c5c46697a24d43b66ecf382072c277'),('4b61e42121c84fc4abd636eac018e6cd','2018-08-28 20:29:16','1','19,20,',100.00,'cbba54ca3a764816917f9414b46df5c2'),('c1569f87ecf547ca9c63f4bc42dcedf3','2018-08-28 20:29:16','2','22,23,',100.00,'cbba54ca3a764816917f9414b46df5c2'),('65d7837d67764cecb60f26b04353598f','2018-08-28 21:08:03','2','19,20,',100.00,'b90969de9ad84087865f9c1bc2efe9e0'),('3e6fbd0fbf0d4b968c8d81eb910d34e7','2018-08-29 09:54:42','1','20,21,',100.00,'2e8d7e2144f84ea0b9771822b7cc44a2'),('e7cb662cfd7745978a6159ebb8245b86','2018-08-29 10:54:57','1','20',100.00,'d524273471ef4e8c9bc302b208afd8de'),('9fd553cc90c047ebb7808880b2de4f2a','2018-08-29 10:54:57','2','22',100.00,'d524273471ef4e8c9bc302b208afd8de'),('254aca3551c54178971c31f191d5346f','2018-08-29 10:54:57','1','24',100.00,'d524273471ef4e8c9bc302b208afd8de'),('330654a4c51449dcbb21a75d42089430','2018-08-29 10:54:57','2','26',100.00,'d524273471ef4e8c9bc302b208afd8de'),('3cda2851f5884e679e697122a75aeac0','2018-08-29 11:01:36','1','18,19,',100.00,'dd6d48bbb8e84277aa14586bd3adf7a5'),('11013b3214d6442aa51a7b893e896a0b','2018-08-29 13:58:03','2','29,30,',100.00,'cc5b1e5920474128b5ad2fcabda3b9fd'),('f5ce545aaf3f42f28608128a5cc1b0d7','2018-08-29 14:35:04','1','21,22,',100.00,'d5face227b42483fa3d358c509eb1ed7'),('aefd0c8f721f4164825a1432f691608d','2018-08-29 14:38:33','2','21,22,',100.00,'e77a5ac0c6d04535bc49a8d385e8dd9b'),('f40a61c64dcf4561a10e1ec1f49f8ef4','2018-08-29 14:40:13','1','18,19,',100.00,'96d54b887919407689af39deeb07ce77'),('dbdf4643b52246e9bcaed5e3336444c3','2018-08-29 14:40:13','1','18,19,',100.00,'96d54b887919407689af39deeb07ce77'),('8496c221081547fa8af845c8881f974e','2018-08-29 15:06:02','2','19,20,',100.00,'92207311cb3e4e06bf1c25f87439bfdf'),('09edf82012584e6389a8fb493beb3d60','2018-08-29 15:15:55','2','20,21,',100.00,'b01493d14d3544ea94ce8813c44a6dcb'),('c05dc6cfc9734057af7a24a439ad6a7a','2018-08-29 15:22:38','1','19,20,',100.00,'5c5e12ae4b4b4febbe747587853382a4'),('82cc552de62d4f01ab18feeb5590ca98','2018-08-29 15:39:14','2','18,19,',100.00,'283793149c7f4f05909924dcfc2fb13a'),('faf8de67872d4bfc8a952fe577d50fc5','2018-08-29 16:06:48','2','19,20,',100.00,'22d8690530404f5f8c2ba5fed5ff70ea'),('bcdc82ea5d824a2b89caa91f3e96c9e3','2018-08-29 16:07:37','2','44,45,',100.00,'084fe227bf5a43f896580404da1fc1a2'),('9ced6f0ddbb64367921021efac02a4e9','2018-08-29 16:18:53','2','18,19,',100.00,'9ff0d4d314c64b09835fd684900a1fb7'),('a58c64cb9ad44240a9ec47f529fd7061','2018-08-29 16:56:20','2','29,30,',100.00,'6d6f5136e3da42639656fdbcafe39a04'),('17f70744c0a24f86ba43c8df409f770e','2018-08-29 16:59:38','1','28',100.00,'dbe4e35b8e3d4866b6e95b2bcdddb8e6'),('66e5c5fa60da4c6cb1f717de1849aa5e','2018-08-29 17:14:35','2','22,23,',100.00,'c026c74c6acd4cb6ab1783e3a5fcdcd7'),('e6a78d1bd0e24d39b3edde5e70ce0123','2018-08-29 17:15:07','1','24,25,',100.00,'734aab1d5431496daeea4ba86e87bc24'),('2882ea1babe34f83bfea319d8b75cdcf','2018-08-29 17:19:21','1','44,45,',100.00,'75ee26251977419b93af9ed49d96a2c5'),('02aafaeffcfe4492a05e31d90733728f','2018-08-29 17:21:01','2','19,20,',100.00,'f33b461f949d4010bc86d488efb563d0'),('707a5d20d0d642f38a889f766f71b4cf','2018-08-29 17:22:52','1','31,32,',100.00,'2b279c76eeb5410bbd378466305fe4f6'),('42a2c4a6fa2d43c39671b99e48ed205d','2018-08-29 17:24:10','1','37,38,',100.00,'d9d9c29120c44f6190c7be3ce0dadcde'),('928d34c6d4c64977aff67202010fbc2a','2018-08-29 19:02:59','1','44,45,',100.00,'f7528b5639e24abdabf3ce44110885d4'),('80775a1b75244b7d895b83275975c2e9','2018-08-29 20:04:04','2','18,19,',100.00,'e94d970cdedf48f3b83da450df1a611a'),('8793806a148e4494b6454373f021e44e','2018-08-29 20:04:04','2','18,19,',100.00,'e94d970cdedf48f3b83da450df1a611a'),('c5f2166810b4485496d5c088aac3e08d','2018-08-30 16:43:33','2','20,21,',100.00,'f7a8a9cab7914336836be2150f48941f'),('3f1a1ce3c7fe48c5b240d43ecde075a1','2018-08-30 17:00:12','2','21,22,',100.00,'2b6a71d1397b4176afd37e6cf9fa9b38'),('cabe604f236d453994e46bae038a2996','2018-08-30 17:00:12','2','21,22,',100.00,'2b6a71d1397b4176afd37e6cf9fa9b38'),('b634a69f058149ee952f6ca48c20c017','2018-08-30 17:00:12','2','21,22,',100.00,'2b6a71d1397b4176afd37e6cf9fa9b38'),('a3231ff8519448d79039870aaa0b69ff','2018-08-31 12:44:26','2','32,33,',100.00,'3b8fff360d884797a062db90781c13d4'),('0d64b1a66d51411586ac730d1c4b931c','2018-08-31 12:44:28','2','32,33,',100.00,'7be6b85c297c46978ee0a3c5c7cc3608'),('3e2781e4f32b4574830817e27f3a22b4','2018-08-31 12:44:30','2','32,33,',100.00,'8dea33c3cc564da8a10fa55487e92563'),('79be94ec5f154e57b9efe12790a515f1','2018-08-31 12:45:14','2','32,33,',100.00,'1e3262ed9fad47e9850bee3dd21109da'),('a7fe2656c4764f5fbf97f3c8a4859b33','2018-08-31 12:45:17','2','32,33,',100.00,'4b7756931d274ea6991ed48520acfbfa'),('70424d1511664e51aab46a752a2bc977','2018-08-31 12:45:47','2','31,32,',100.00,'3da2824752784607ba555b9f0cb0b722'),('dfa99c594679432fa4196a17370626d0','2018-08-31 13:55:11','2','34,35,',100.00,'dceb63b8e32849d3aaae5530a09bc06b');

/*Table structure for table `Staff` */

DROP TABLE IF EXISTS `Staff`;

CREATE TABLE `Staff` (
  `StaffID` char(32) NOT NULL COMMENT '伙伴->伙伴',
  `StaffNo` int(8) unsigned zerofill NOT NULL AUTO_INCREMENT COMMENT '伙伴编号',
  `EName` varchar(20) NOT NULL COMMENT '英文名(登录)',
  `RName` varchar(10) DEFAULT NULL COMMENT '中文名(真实)',
  `DeptID` char(32) DEFAULT NULL COMMENT '部门ID(暂未启用)',
  `Password` char(32) NOT NULL COMMENT '登录密码',
  `Tel` char(11) DEFAULT NULL COMMENT '电话',
  `Status` enum('正常','冻结','异常') NOT NULL DEFAULT '正常' COMMENT '状态',
  `Position` enum('经理','职员','临时') NOT NULL DEFAULT '临时' COMMENT '岗位',
  `Power` int(2) NOT NULL DEFAULT '7' COMMENT '平台权限(最高级七级)',
  `Sex` enum('男','女','不详') NOT NULL DEFAULT '男' COMMENT '性别',
  `IDCard` varchar(20) DEFAULT NULL COMMENT '身份证号',
  `Address` varchar(50) DEFAULT NULL COMMENT '家庭住址',
  `EMail` varchar(30) DEFAULT NULL COMMENT '注册邮箱',
  `Referee` varchar(10) DEFAULT NULL COMMENT '推荐人',
  `Icon` varchar(200) DEFAULT NULL COMMENT '用户头像URL',
  `LoginState` tinyint(1) DEFAULT '0' COMMENT '当前登录状态（1=已登录/0=未登录）',
  `LoginChange` datetime DEFAULT NULL COMMENT '登录切换时间',
  `Remark` varchar(20) DEFAULT NULL COMMENT '备注',
  PRIMARY KEY (`StaffID`),
  UNIQUE KEY `StaffNo` (`StaffNo`),
  UNIQUE KEY `EName` (`EName`)
) ENGINE=InnoDB AUTO_INCREMENT=75596156 DEFAULT CHARSET=utf8 COMMENT='伙伴表';

/*Data for the table `Staff` */

insert  into `Staff`(`StaffID`,`StaffNo`,`EName`,`RName`,`DeptID`,`Password`,`Tel`,`Status`,`Position`,`Power`,`Sex`,`IDCard`,`Address`,`EMail`,`Referee`,`Icon`,`LoginState`,`LoginChange`,`Remark`) values ('00000000000000000000000000000000',01111111,'123456','系统默认用户',NULL,'111111','123456','正常','经理',1,'男',NULL,NULL,NULL,NULL,NULL,0,'2018-08-02 09:51:22',NULL),('1',00000001,'1','1','1','1',NULL,'正常','职员',7,'男',NULL,NULL,NULL,NULL,NULL,0,NULL,NULL),('12',75596138,'1234','1234',NULL,'',NULL,'正常','临时',7,'男',NULL,NULL,NULL,NULL,NULL,0,NULL,NULL),('1234',75596139,'333333','1234',NULL,'',NULL,'正常','临时',7,'男',NULL,NULL,NULL,NULL,NULL,0,NULL,NULL),('2',00000002,'2','2','2','2',NULL,'正常','临时',7,'男',NULL,NULL,NULL,NULL,NULL,0,NULL,NULL),('3',00000003,'3','3','3','3',NULL,'正常','临时',7,'男',NULL,NULL,NULL,NULL,NULL,0,NULL,NULL),('4',00000004,'4','4','4','4',NULL,'正常','临时',7,'男',NULL,NULL,NULL,NULL,NULL,0,NULL,NULL),('50EE1FB09C604C90830D96713BDE1453',75596133,'456','sdf',NULL,'D682CC0584A5351889E350B269F2C995',NULL,'正常','经理',7,'男',NULL,NULL,NULL,NULL,NULL,0,NULL,NULL),('6407feb4ca6c4f8a99a5a160f33f8549',75596136,'1234562','123456',NULL,'123456','15207108156','冻结','临时',7,'男',NULL,NULL,NULL,NULL,NULL,0,NULL,NULL),('8e4dd16fe754485e9767d63e135a7dd6',75596154,'1234333','1234',NULL,'1234','1234','正常','经理',7,'男',NULL,NULL,NULL,NULL,NULL,0,NULL,NULL),('91EE224646F34117BCF54DB4FE8290FE',75596126,'amei','张惠妹',NULL,'D682CC0584A5351889E350B269F2C995',NULL,'正常','经理',3,'男',NULL,NULL,NULL,NULL,NULL,0,NULL,NULL),('99999999999999999999999999999999',75596123,'系统默认用户','系统默认用户',NULL,'111111',NULL,'正常','经理',4,'男',NULL,NULL,NULL,NULL,NULL,0,NULL,NULL),('A0000000000000000000000000000000',75596109,'wjc','张三丰','070327114215CCB007763C95CC472805','6261D4F25C9E6A3DCA0FF3990E51A013','18510450412','正常','临时',7,'男','','','111',NULL,'',0,NULL,''),('A0000000000000000000000000000002',75596110,'tmq','TMQ','070327114215CCB007763C95CC472805','6261D4F25C9E6A3DCA0FF3990E51A013','18510450412','正常','经理',7,'男','','','111',NULL,'',0,NULL,''),('A0000000000000000000000000000003',75596111,'cy','CY','070327114215CCB007763C95CC472805','D682CC0584A5351889E350B269F2C995','18510450412','正常','经理',7,'男','','','111',NULL,'',0,NULL,''),('A1000000000000000000000000000000',75596009,'jian','jian','070327114215CCB007763C95CC472805','6261D4F25C9E6A3DCA0FF3990E51A013','13790330447','正常','临时',6,'男','','','111',NULL,'',0,NULL,''),('A1000000002222222222222222222222',75596131,'222','权限测试二级','070327114215CCB007763C95CC472805','D682CC0584A5351889E350B269F2C995',NULL,'正常','经理',2,'男',NULL,NULL,NULL,NULL,NULL,0,NULL,NULL),('A1000000007777777777777777777777',75596132,'777','权限测试七级','070327114215CCB007763C95CC472805','D682CC0584A5351889E350B269F2C995',NULL,'正常','职员',7,'男',NULL,NULL,NULL,NULL,NULL,0,NULL,NULL),('A1111111111111111111111111111111',00110110,'admin','小易管理员',NULL,'admin',NULL,'正常','临时',7,'男',NULL,NULL,NULL,NULL,NULL,0,'2018-08-31 20:46:52',NULL),('ac95f79c08f54e75a48c86f6b641cf40',75596153,'小宋测试2','1234',NULL,'123456','1234','正常','经理',7,'男',NULL,NULL,NULL,NULL,NULL,0,NULL,NULL),('ed2a52a054cc4f09a36ed75dc57cb89b',75596151,'12345678','1234',NULL,'123456','1234','正常','经理',7,'男',NULL,NULL,NULL,NULL,NULL,0,NULL,NULL);

/*Table structure for table `StaffLog` */

DROP TABLE IF EXISTS `StaffLog`;

CREATE TABLE `StaffLog` (
  `ID` char(32) NOT NULL COMMENT '伙伴->日志（伙伴除登录以外的）',
  `StaffID` char(32) NOT NULL COMMENT '伙伴ID',
  `EditStaffID` char(32) NOT NULL COMMENT '编辑人ID',
  `Time` datetime NOT NULL COMMENT '日志时间',
  `Content` varchar(200) NOT NULL COMMENT '内容',
  PRIMARY KEY (`ID`)
) ENGINE=InnoDB DEFAULT CHARSET=utf8 COMMENT='伙伴日志汇总';

/*Data for the table `StaffLog` */

insert  into `StaffLog`(`ID`,`StaffID`,`EditStaffID`,`Time`,`Content`) values ('083f302b8f1b4065826da2fee9f303a1','1','A1111111111111111111111111111111','2018-08-09 18:01:28','岗位从临时修改为职员;'),('2384ffdfbf044cbd86a6b5858d962028','1','A1111111111111111111111111111111','2018-08-09 18:01:29','岗位从职员修改为临时;'),('309ca00e7af44376b3ae614425e1f9d2','1','A1111111111111111111111111111111','2018-08-09 18:01:41','状态从正常修改为异常;'),('3997634365dd4be78d48b99edcb1c42d','1','A1111111111111111111111111111111','2018-08-09 18:01:32','岗位从临时修改为职员;'),('52115f794cb84fa5b35bbb2862148560','1','A1111111111111111111111111111111','2018-08-09 18:01:34',''),('78baa8711806489b8099b2530ab09788','00000000000000000000000000000000','A1111111111111111111111111111111','2018-08-09 18:07:59','岗位从职员修改为经理;级别从2级修改为1级;'),('7bc2a0fb10af4ea8bc6f9125f31a3573','00000000000000000000000000000000','A1111111111111111111111111111111','2018-08-08 17:34:19','岗位从职员修改为经理;级别从1级修改为2级;'),('8e8fbce154214349b0edea148e096cdc','00000000000000000000000000000000','A1111111111111111111111111111111','2018-08-08 17:32:18','状态从正常修改为正常;'),('8fd1b211cd1d4a9d97052b7ea9d39cb6','00000000000000000000000000000000','A1111111111111111111111111111111','2018-08-09 18:07:49','岗位从经理修改为职员;'),('a2eba21f14b5400f8dbbd7fa7105c28b','1','A1111111111111111111111111111111','2018-08-09 18:01:33',''),('b066a47df58942fab3ae8f3bfd6ddfec','1','A1111111111111111111111111111111','2018-08-09 18:01:40','状态从异常修改为正常;'),('b2b168e522444e24b945275f15550876','1','A1111111111111111111111111111111','2018-08-09 18:01:39','状态从正常修改为异常;'),('c879d0c40b5746fb869c9aa5c1b77788','1','A1111111111111111111111111111111','2018-08-09 18:01:41','状态从异常修改为正常;'),('cdac42ef900c44128d6925bf44dcdc4d','1','A1111111111111111111111111111111','2018-08-09 18:01:32',''),('e00acf04c04c4e49a072c76d7805393a','1','A1111111111111111111111111111111','2018-08-09 18:01:43',''),('fb2be93b312b43beba69c524e56c44d4','043b204469774553908e966dea3cfa44','A1111111111111111111111111111111','2018-08-09 18:05:03','岗位从经理修改为职员;');

/*Table structure for table `Train` */

DROP TABLE IF EXISTS `Train`;

CREATE TABLE `Train` (
  `ID` char(32) NOT NULL COMMENT '培训',
  `TrainNO` int(11) unsigned NOT NULL AUTO_INCREMENT COMMENT '编号',
  `CreateTime` datetime NOT NULL COMMENT '创建时间',
  `ModifyTime` datetime NOT NULL COMMENT '修改时间',
  `VenueID` varchar(32) DEFAULT NULL COMMENT '场馆ID',
  `ManagerID` varchar(32) NOT NULL COMMENT '创建人(管理员)',
  `Content` text COMMENT '培训表格',
  `ContentText` varchar(2000) DEFAULT NULL COMMENT '培训内容',
  `Price` double(11,2) NOT NULL COMMENT '报名费用(单价)',
  `TrainBaseID` varchar(32) DEFAULT NULL COMMENT '使用底图ID',
  `Image` varchar(300) DEFAULT NULL COMMENT '生成海报的地址',
  PRIMARY KEY (`ID`),
  KEY `Train` (`TrainNO`)
) ENGINE=MyISAM AUTO_INCREMENT=30 DEFAULT CHARSET=utf8;

/*Data for the table `Train` */

insert  into `Train`(`ID`,`TrainNO`,`CreateTime`,`ModifyTime`,`VenueID`,`ManagerID`,`Content`,`ContentText`,`Price`,`TrainBaseID`,`Image`) values ('1',1,'2018-08-20 11:07:51','2018-08-28 14:15:11','1','1','12341234','[{\"hang1\":\"篮球课程\",\"hang2\":\"足球\",\"hang3\":\"杨教练111111111111(微信同步)\"},{\"hang1\":\"英语课程\",\"hang2\":\"足球\"},{\"hang1\":\"数学课程\",\"hang2\":\"足球\"}]',100.00,'1','https://ekeae-image.oss-cn-shenzhen.aliyuncs.com/2018/8/23/timg.jpg'),('2',2,'0000-00-00 00:00:00','2018-08-28 14:19:27','1','1','121234123',NULL,100.00,'','https://ekeae-image.oss-cn-shenzhen.aliyuncs.com/2018/8/23/timg.jpg'),('e4671acbb1c8462c81affbf28c958382',3,'2018-08-28 14:37:35','2018-08-28 14:37:35',NULL,'1','div','123465',200.00,NULL,NULL),('4e4fa7665d694e429001a56b69b05288',4,'2018-08-28 14:37:56','2018-08-28 14:37:56',NULL,'1','div','123465',200.00,NULL,NULL),('7ba2fdfec3704497937bf8ee4bcc6848',25,'2018-08-28 19:09:38','2018-08-28 19:09:38','1','1',NULL,'[{\"hang1\":\"第一次1\",\"hang2\":\"我我我我\",\"hang3\":\"第三次1\"},{\"hang1\":\"第一次2\",\"hang2\":\"第二次2\",\"hang3\":\"\"},{\"hang1\":\"第一次3\",\"hang2\":\"第二次3\"}]',200.00,'1','https://ekeae-image.oss-cn-shenzhen.aliyuncs.com/2018/8/28/cf3a040f212e40888fba851f56aa021e.png'),('d1953072744e49789a258a600f0b3ed4',24,'2018-08-28 19:09:17','2018-08-28 19:09:17','1','1',NULL,'[{\"hang1\":\"第一次1\",\"hang2\":\"第二次1\",\"hang3\":\"第三次1\"},{\"hang1\":\"第一次2\",\"hang2\":\"第二次2\",\"hang3\":\"\"},{\"hang1\":\"第一次3\",\"hang2\":\"第二次3\"}]',200.00,'1','https://ekeae-image.oss-cn-shenzhen.aliyuncs.com/2018/8/28/18bea3777ac64f58b02cb2040f7425ba.png'),('e93603fc3c564b21bb120584f5934092',23,'2018-08-28 19:05:19','2018-08-28 19:05:19','1','1',NULL,'[{\"hang1\":\"的\",\"hang2\":\"的\",\"hang3\":\"\"},{\"hang1\":\"我\",\"hang2\":\"发\",\"hang3\":\"\"},{\"hang1\":\"我\",\"hang2\":\"发\"}]',200.00,'1','https://ekeae-image.oss-cn-shenzhen.aliyuncs.com/2018/8/28/c1dbca9884b648e285f9fd01b127e0d9.png'),('02add217e0904431a1e4655b1be214ec',22,'2018-08-28 18:59:18','2018-08-28 18:59:18','1','1',NULL,'1234656',200.00,'1','https://ekeae-image.oss-cn-shenzhen.aliyuncs.com/2018/8/28/25e75ebe70254827963d699c98996938.png'),('98f5a009ee4549c6bd194854995b26de',20,'2018-08-28 18:50:25','2018-08-28 18:50:25','1','1',NULL,'12341234',200.00,'1','https://ekeae-image.oss-cn-shenzhen.aliyuncs.com/2018/8/23/timg.jpg'),('26d3707a4fc84b9b8fff876a483ece35',21,'2018-08-28 18:57:45','2018-08-28 18:57:45','1','1',NULL,'123465',200.00,'1','https://ekeae-image.oss-cn-shenzhen.aliyuncs.com/2018/8/28/62d6ee5c4b774588b0508328e70aa2ad.png'),('45a8799a884c460092db5315f9a958b5',26,'2018-08-28 19:36:34','2018-08-28 19:36:34','1','1',NULL,'[{\"hang1\":\"阿宋\",\"hang2\":\"\",\"hang3\":\"\"},{\"hang1\":\"小凉\",\"hang2\":\"\",\"hang3\":\"\"},{\"hang1\":\"阿潘\"}]',200.00,'1','https://ekeae-image.oss-cn-shenzhen.aliyuncs.com/2018/8/28/3d038a841a19414b9e338054cfa8abcc.png'),('44a5c3348e7e43daa475eca14da53f5f',27,'2018-08-28 19:40:15','2018-08-28 19:40:15','1','1',NULL,'[{\"hang1\":\"阿宋\",\"hang2\":\"我我\",\"hang3\":\"\"},{\"hang1\":\"小凉\",\"hang2\":\"是是\",\"hang3\":\"\"},{\"hang1\":\"阿潘\",\"hang2\":\"是的\"}]',200.00,'1','https://ekeae-image.oss-cn-shenzhen.aliyuncs.com/2018/8/28/62ecec0ec2c8422ba4bdae109d465f2e.png'),('9e1a1ba0bc9449f2ae92a344fcda13ea',28,'2018-08-28 19:43:29','2018-08-28 19:43:29','1','1',NULL,'[{\"hang1\":\"阿宋\",\"hang2\":\"撒旦\",\"hang3\":\"撒旦\"},{\"hang1\":\"小凉\",\"hang2\":\"是是\",\"hang3\":\"\"},{\"hang1\":\"阿潘\",\"hang2\":\"是的\"}]',200.00,'1','https://ekeae-image.oss-cn-shenzhen.aliyuncs.com/2018/8/28/888c054fe4c54bbc8a122457e323d260.png'),('0ebbc06247ef4c95a4bb807871bdb021',29,'2018-08-28 19:46:34','2018-08-28 19:46:34','1','1',NULL,'[{\"hang1\":\"阿宋我我\",\"hang2\":\"撒旦我我\",\"hang3\":\"我我我我我我我我我我我我我\"},{\"hang1\":\"小凉我我\",\"hang2\":\"是是我我我\",\"hang3\":\"\"},{\"hang1\":\"阿潘我\",\"hang2\":\"是的我我\"}]',200.00,'1','https://ekeae-image.oss-cn-shenzhen.aliyuncs.com/2018/8/28/3d6bbc4870df416abf26e06be09a2b4b.png');

/*Table structure for table `TrainBase` */

DROP TABLE IF EXISTS `TrainBase`;

CREATE TABLE `TrainBase` (
  `ID` char(32) NOT NULL COMMENT '培训底图',
  `CreateTime` datetime NOT NULL COMMENT '创建时间',
  `Image` varchar(200) NOT NULL COMMENT '图片地址',
  `Content` text NOT NULL COMMENT 'html模板内容',
  PRIMARY KEY (`ID`)
) ENGINE=MyISAM DEFAULT CHARSET=utf8;

/*Data for the table `TrainBase` */

insert  into `TrainBase`(`ID`,`CreateTime`,`Image`,`Content`) values ('1','2018-08-23 15:55:38','https://ekeae-image.oss-cn-shenzhen.aliyuncs.com/2018/8/23/timg.jpg','<div></div>');

/*Table structure for table `TrainJoin` */

DROP TABLE IF EXISTS `TrainJoin`;

CREATE TABLE `TrainJoin` (
  `ID` varchar(32) CHARACTER SET latin1 NOT NULL COMMENT '培训加入表',
  `CreateTime` datetime NOT NULL COMMENT '创建时间',
  `ModifyTime` datetime NOT NULL COMMENT '修改时间',
  `TrainID` varchar(32) CHARACTER SET latin1 NOT NULL COMMENT '培训ID',
  `MemberID` varchar(32) CHARACTER SET latin1 NOT NULL COMMENT '会员ID',
  `Price` double(11,2) NOT NULL COMMENT '支付金额',
  `Content` varchar(20) DEFAULT NULL COMMENT '所选课程',
  `Type` int(1) NOT NULL DEFAULT '0' COMMENT '订单状态(0=待支付1=支付成功2=支付取消3=支付超时4=已退款)',
  `PayType` int(1) DEFAULT NULL COMMENT '支付方式0=支付宝1=微信支付',
  `PayRemark` varchar(1000) CHARACTER SET latin1 DEFAULT NULL COMMENT '支付结果内容(仅供效验)',
  `AmountID` varchar(32) CHARACTER SET latin1 DEFAULT NULL COMMENT '提现ID',
  `AmountType` int(1) NOT NULL DEFAULT '0' COMMENT '提现状态(0=未提现1=正在提现2=已提现)',
  PRIMARY KEY (`ID`)
) ENGINE=MyISAM DEFAULT CHARSET=utf8;

/*Data for the table `TrainJoin` */

insert  into `TrainJoin`(`ID`,`CreateTime`,`ModifyTime`,`TrainID`,`MemberID`,`Price`,`Content`,`Type`,`PayType`,`PayRemark`,`AmountID`,`AmountType`) values ('1','2018-08-20 11:41:15','2018-08-20 11:41:17','1','1',1200.00,'拉伸运动1',0,0,NULL,'1',1),('2','2018-08-20 11:41:24','2018-08-20 11:41:25','1','2',1500.00,'拉伸运动12',0,0,NULL,'1',0);

/*Table structure for table `TrainLog` */

DROP TABLE IF EXISTS `TrainLog`;

CREATE TABLE `TrainLog` (
  `ID` char(32) NOT NULL COMMENT '培训',
  `CreateTime` datetime NOT NULL COMMENT '创建时间',
  `TrainID` varchar(32) NOT NULL COMMENT '培训ID',
  `Type` int(1) NOT NULL DEFAULT '0' COMMENT '类别(0=系统1=人工)',
  `Content` varchar(200) NOT NULL COMMENT '内容',
  PRIMARY KEY (`ID`)
) ENGINE=MyISAM DEFAULT CHARSET=utf8;

/*Data for the table `TrainLog` */

insert  into `TrainLog`(`ID`,`CreateTime`,`TrainID`,`Type`,`Content`) values ('1','2018-08-20 11:41:32','1',0,'培训');

/*Table structure for table `Venue` */

DROP TABLE IF EXISTS `Venue`;

CREATE TABLE `Venue` (
  `ID` char(32) NOT NULL COMMENT '场馆',
  `CreateTime` datetime NOT NULL COMMENT '创建时间',
  `ModifyTime` datetime DEFAULT NULL COMMENT '修改时间',
  `VenueNO` int(11) unsigned NOT NULL AUTO_INCREMENT COMMENT '球场编号',
  `Name` varchar(100) DEFAULT NULL COMMENT '场馆名',
  `Address` varchar(100) DEFAULT NULL COMMENT '地址',
  `CityID` varchar(32) DEFAULT NULL COMMENT '城市',
  `DistrictID` varchar(32) DEFAULT NULL COMMENT '区县',
  `AreaID` varchar(32) DEFAULT NULL COMMENT '街道',
  `Tel` varchar(20) DEFAULT NULL COMMENT '联系电话',
  `BallSum` int(1) DEFAULT NULL COMMENT '场地数量',
  `Image` varchar(300) DEFAULT NULL COMMENT '封面',
  `WarmReminder` varchar(100) DEFAULT NULL COMMENT '温馨提醒',
  `AmountBank` varchar(100) DEFAULT NULL COMMENT '回款银行',
  `AmountAccount` varchar(100) DEFAULT NULL COMMENT '回款账户',
  `AmountAccountNumber` varchar(100) DEFAULT NULL COMMENT '回款账号',
  `Amount` double(11,2) unsigned NOT NULL DEFAULT '0.00' COMMENT '场馆总收入',
  `Balance` double(11,2) NOT NULL DEFAULT '0.00' COMMENT '剩余可提现金额',
  `FreezeAmount` double(11,2) unsigned NOT NULL DEFAULT '0.00' COMMENT '冻结金额(已预订,但未消费)',
  `OrderVerify` int(1) NOT NULL DEFAULT '1' COMMENT '订场确认(0=人工确认1=自动确认)',
  PRIMARY KEY (`ID`),
  KEY `VenueNO` (`VenueNO`)
) ENGINE=MyISAM AUTO_INCREMENT=15 DEFAULT CHARSET=utf8;

/*Data for the table `Venue` */

insert  into `Venue`(`ID`,`CreateTime`,`ModifyTime`,`VenueNO`,`Name`,`Address`,`CityID`,`DistrictID`,`AreaID`,`Tel`,`BallSum`,`Image`,`WarmReminder`,`AmountBank`,`AmountAccount`,`AmountAccountNumber`,`Amount`,`Balance`,`FreezeAmount`,`OrderVerify`) values ('1','2018-08-16 19:15:18','2018-08-16 19:15:19',1,'民治东边球场','民治地铁站','AAAAAAAAAAAAAAAAAAAAAAAAAAAAAAAA','BBBBBBBBBBBBBBBBBBBBBBBBBBBBBBBB','CCCCCCCCCCCCCCCCCCCCCCCCCCCCCCCC','80008000',NULL,'https://ekeae-image.oss-cn-shenzhen.aliyuncs.com/2018/8/11/timg.jpg','天气下雨中，请带好雨伞','民治分行','小宋','123456',0.00,0.00,0.00,1),('2','2018-08-17 11:33:19','2018-08-17 11:33:20',2,'民治西边球场','民治地铁站','AAAAAAAAAAAAAAAAAAAAAAAAAAAAAAAA','BBBBBBBBBBBBBBBBBBBBBBBBBBBBBBBB','CCCCCCCCCCCCCCCCCCCCCCCCCCCCCCCC','80018000',NULL,'https://ekeae-image.oss-cn-shenzhen.aliyuncs.com/2018/8/11/timg%20(1).jpg','天气下雨中，请带好雨伞','民治分行','小宋','123456',0.00,0.00,0.00,1),('f13ab56dfc5c4b61bda5c8e02c136aec','2018-08-24 10:56:24','2018-08-24 10:56:24',3,'龙华东边球场','龙华地铁站','AAAAAAAAAAAAAAAAAAAAAAAAAAAAAAAA','BBBBBBBBBBBBBBBBBBBBBBBBBBBBBBBB','CCCCCCCCCCCCCCCCCCCCCCCCCCCCCCC1','1050456525',NULL,'https://ekeae-image.oss-cn-shenzhen.aliyuncs.com/2018/8/24/2e57a3ed22ca4d12b47d4b1eb60c695d.png',NULL,'民治分行','小宋','123456',0.00,0.00,0.00,1),('5a900cbe0db349b984b06df335f15a2c','2018-08-24 10:56:39','2018-08-24 10:56:39',4,'龙华西边球场','龙华地铁站','AAAAAAAAAAAAAAAAAAAAAAAAAAAAAAAA','BBBBBBBBBBBBBBBBBBBBBBBBBBBBBBBB','CCCCCCCCCCCCCCCCCCCCCCCCCCCCCCC1','1050456525',NULL,'https://ekeae-image.oss-cn-shenzhen.aliyuncs.com/2018/8/24/2e57a3ed22ca4d12b47d4b1eb60c695d.png',NULL,'民治分行','小宋','123456',0.00,0.00,0.00,1),('0907ccbd97e54782b45c4c04089850b7','2018-08-29 17:34:54','2018-08-29 17:34:54',14,'世纪祥和花园网球场','莲花二路世纪祥和花园会所','AAAAAAAAAAAAAAAAAAAAAAAAAAAAAAAA','BBBBBBBBBBBBBBBBBBBBBBBBBBBBBBBB','CCCCCCCCCCCCCCCCCCCCCCCCCCCCCCCC','0755-26887799',NULL,'',NULL,'民治分行','小宋','123456',0.00,0.00,0.00,1);

/*Table structure for table `VenueDeposit` */

DROP TABLE IF EXISTS `VenueDeposit`;

CREATE TABLE `VenueDeposit` (
  `ID` char(32) NOT NULL COMMENT '场馆押金',
  `CreateTime` datetime NOT NULL COMMENT '创建时间',
  `VenueID` char(32) NOT NULL COMMENT '场馆ID',
  `Amount` int(5) unsigned NOT NULL COMMENT '金额',
  PRIMARY KEY (`ID`)
) ENGINE=MyISAM DEFAULT CHARSET=utf8;

/*Data for the table `VenueDeposit` */

/*Table structure for table `VenueLock` */

DROP TABLE IF EXISTS `VenueLock`;

CREATE TABLE `VenueLock` (
  `ID` varchar(32) NOT NULL COMMENT '场地锁定表',
  `CreateTime` datetime NOT NULL COMMENT '创建时间',
  `VenueID` varchar(32) NOT NULL COMMENT '场馆ID',
  `FieldID` varchar(32) NOT NULL COMMENT '场地ID',
  `Content` varchar(200) NOT NULL COMMENT '内容',
  `Setting` int(1) NOT NULL DEFAULT '0' COMMENT '是否设置(0=否1=是)',
  `ManagerID` varchar(32) NOT NULL COMMENT '管理员ID',
  `VenueTimeFrame` varchar(100) NOT NULL COMMENT '锁定时间段',
  PRIMARY KEY (`ID`)
) ENGINE=MyISAM DEFAULT CHARSET=utf8;

/*Data for the table `VenueLock` */

insert  into `VenueLock`(`ID`,`CreateTime`,`VenueID`,`FieldID`,`Content`,`Setting`,`ManagerID`,`VenueTimeFrame`) values ('1','2018-09-01 16:36:13','','','1',0,'',''),('2','2018-09-01 16:36:21','','','2',0,'',''),('3','2018-09-01 16:36:22','','','1',0,'','');

/*Table structure for table `VenueLog` */

DROP TABLE IF EXISTS `VenueLog`;

CREATE TABLE `VenueLog` (
  `ID` char(32) NOT NULL COMMENT '场馆日志',
  `CreateTime` datetime NOT NULL COMMENT '创建时间',
  `ManagerID` varchar(32) NOT NULL COMMENT '管理员ID',
  `VenueID` char(32) NOT NULL COMMENT '场馆ID',
  `Content` varchar(200) NOT NULL COMMENT '内容',
  PRIMARY KEY (`ID`)
) ENGINE=MyISAM DEFAULT CHARSET=utf8;

/*Data for the table `VenueLog` */

insert  into `VenueLog`(`ID`,`CreateTime`,`ManagerID`,`VenueID`,`Content`) values ('1','2018-08-20 14:59:40','1','1','1');

/*Table structure for table `VenueStatis` */

DROP TABLE IF EXISTS `VenueStatis`;

CREATE TABLE `VenueStatis` (
  `ID` char(32) NOT NULL COMMENT '场馆使用情况统计(排名用)',
  `CreateTime` datetime DEFAULT NULL COMMENT '创建时间',
  `ModifyTime` datetime DEFAULT NULL COMMENT '修改时间',
  `VenueID` char(32) NOT NULL COMMENT '场馆ID',
  `Score` int(20) NOT NULL COMMENT '使用量',
  PRIMARY KEY (`ID`)
) ENGINE=MyISAM DEFAULT CHARSET=utf8;

/*Data for the table `VenueStatis` */

/*Table structure for table `VenueTeach` */

DROP TABLE IF EXISTS `VenueTeach`;

CREATE TABLE `VenueTeach` (
  `ID` varchar(32) NOT NULL COMMENT '场地教学表',
  `CreateTime` datetime NOT NULL COMMENT '创建时间',
  `VenueID` varchar(32) NOT NULL COMMENT '场馆ID',
  `FieldID` varchar(32) NOT NULL COMMENT '场地ID',
  `Content` varchar(200) NOT NULL COMMENT '内容',
  `Setting` int(1) NOT NULL COMMENT '是否设置(0=否1=是)',
  `ManagerID` varchar(32) NOT NULL COMMENT '管理员ID',
  `VenueTimeFrame` varchar(100) NOT NULL COMMENT '教学时间段',
  PRIMARY KEY (`ID`)
) ENGINE=MyISAM DEFAULT CHARSET=utf8;

/*Data for the table `VenueTeach` */

/*Table structure for table `VenueTemplate` */

DROP TABLE IF EXISTS `VenueTemplate`;

CREATE TABLE `VenueTemplate` (
  `ID` char(32) NOT NULL COMMENT '场馆模板',
  `CreateTime` datetime NOT NULL COMMENT '创建时间',
  `ModifyTime` datetime NOT NULL COMMENT '修改时间',
  `VenueID` varchar(32) NOT NULL COMMENT '场馆ID',
  `Name` varchar(10) NOT NULL COMMENT '模板名',
  `Price` varchar(500) NOT NULL COMMENT '时段价格字符串(逗号隔开,不可预订为-1已预约为0)',
  PRIMARY KEY (`ID`)
) ENGINE=MyISAM DEFAULT CHARSET=utf8;

/*Data for the table `VenueTemplate` */

insert  into `VenueTemplate`(`ID`,`CreateTime`,`ModifyTime`,`VenueID`,`Name`,`Price`) values ('1','2018-08-24 15:31:13','2018-08-28 00:00:00','1','球场1','-1,-1,-1,-1,-1,-1,-1,-1,-1,-1,-1,-1,-1,-1,-1,-1,50,50,50,50,50,50,50,50,50,50,50,50,50,50,50,50,50,50,50,50,50,50,50,50,50,50,50,50,50,50,-1,-1'),('2','2018-08-24 15:31:18','2018-08-24 15:31:20','2','2','-1,-1,-1,-1,-1,-1,-1,-1,-1,-1,-1,-1,-1,-1,-1,-1,50,50,50,50,50,50,50,50,50,50,50,50,50,50,50,50,50,50,50,50,50,50,50,50,50,50,50,50,50,50,-1,-1');

/*!40101 SET SQL_MODE=@OLD_SQL_MODE */;
/*!40014 SET FOREIGN_KEY_CHECKS=@OLD_FOREIGN_KEY_CHECKS */;
/*!40014 SET UNIQUE_CHECKS=@OLD_UNIQUE_CHECKS */;
/*!40111 SET SQL_NOTES=@OLD_SQL_NOTES */;
